model,row_idx,year,y_true,y_pred,residual
M4_XGBoost,602343,2018,4475000.0,3278957.75,1196042.25
M4_XGBoost,552312,2018,1925000.0,1939487.5,-14487.5
M4_XGBoost,568465,2018,2825000.0,1392021.0,1432979.0
M4_XGBoost,578096,2018,2095000.0,1859129.25,235870.75
M4_XGBoost,596358,2018,1320000.0,1210556.75,109443.25
M4_XGBoost,544643,2018,440000.0,525758.3125,-85758.3125
M4_XGBoost,589050,2018,558000.0,1302259.0,-744259.0
M4_XGBoost,605041,2018,1925000.0,1878941.125,46058.875
M4_XGBoost,566066,2018,695000.0,962419.1875,-267419.1875
M4_XGBoost,547072,2018,3625000.0,3295585.75,329414.25
M4_XGBoost,605155,2018,3245000.0,2243184.25,1001815.75
M4_XGBoost,600357,2018,2257500.0,2263034.0,-5534.0
M4_XGBoost,596036,2018,987500.0,1269044.75,-281544.75
M4_XGBoost,597721,2018,300000.0,523455.4375,-223455.4375
M4_XGBoost,600778,2018,950000.0,1215924.25,-265924.25
M4_XGBoost,548164,2018,715000.0,983003.0,-268003.0
M4_XGBoost,569560,2018,5900000.0,4462480.0,1437520.0
M4_XGBoost,590145,2018,8750000.0,3061237.0,5688763.0
M4_XGBoost,537888,2018,1250000.0,1397188.0,-147188.0
M4_XGBoost,604161,2018,1690000.0,1408546.5,281453.5
M4_XGBoost,581001,2018,975000.0,1051942.375,-76942.375
M4_XGBoost,565605,2018,490000.0,516835.71875,-26835.71875
M4_XGBoost,552797,2018,1250000.0,1601190.625,-351190.625
M4_XGBoost,592289,2018,2100000.0,2486545.0,-386545.0
M4_XGBoost,565812,2018,355000.0,569904.1875,-214904.1875
M4_XGBoost,538921,2018,295860.0,1542210.25,-1246350.25
M4_XGBoost,575708,2018,2645000.0,1929900.5,715099.5
M4_XGBoost,606886,2018,910000.0,1294085.5,-384085.5
M4_XGBoost,536782,2018,1795000.0,1648332.25,146667.75
M4_XGBoost,554901,2018,1950000.0,1514755.625,435244.375
M4_XGBoost,592485,2018,1300000.0,2988003.0,-1688003.0
M4_XGBoost,555892,2018,1014000.0,1522614.25,-508614.25
M4_XGBoost,590811,2018,720000.0,657104.1875,62895.8125
M4_XGBoost,574116,2018,625000.0,492901.90625,132098.09375
M4_XGBoost,580590,2018,3000000.0,3739609.25,-739609.25
M4_XGBoost,598968,2018,825000.0,917342.75,-92342.75
M4_XGBoost,542373,2018,800000.0,1617923.5,-817923.5
M4_XGBoost,584609,2018,4850000.0,4340750.0,509250.0
M4_XGBoost,600358,2018,2350000.0,2633857.25,-283857.25
M4_XGBoost,594016,2018,2300000.0,1166891.0,1133109.0
M4_XGBoost,546887,2018,1200000.0,1049084.125,150915.875
M4_XGBoost,568964,2018,1600000.0,1679461.5,-79461.5
M4_XGBoost,595119,2018,755000.0,965207.0,-210207.0
M4_XGBoost,539273,2018,2255000.0,1203541.75,1051458.25
M4_XGBoost,603712,2018,2550000.0,1437977.875,1112022.125
M4_XGBoost,564023,2018,2103000.0,2243438.75,-140438.75
M4_XGBoost,577690,2018,593200.0,770569.0625,-177369.0625
M4_XGBoost,609458,2018,2445000.0,2367032.0,77968.0
M4_XGBoost,567276,2018,16000000.0,17292720.0,-1292720.0
M4_XGBoost,564025,2018,925000.0,991903.0,-66903.0
M4_XGBoost,542553,2018,1020000.0,991852.875,28147.125
M4_XGBoost,584252,2018,2360000.0,1013505.875,1346494.125
M4_XGBoost,593514,2018,9500000.0,8789714.0,710286.0
M4_XGBoost,611557,2018,2175000.0,2205956.75,-30956.75
M4_XGBoost,574039,2018,1660305.0,1375114.75,285190.25
M4_XGBoost,561732,2018,3650000.0,1683319.5,1966680.5
M4_XGBoost,613230,2018,850000.0,694215.8125,155784.1875
M4_XGBoost,535964,2018,590000.0,431707.0625,158292.9375
M4_XGBoost,546183,2018,1325000.0,1319064.25,5935.75
M4_XGBoost,584080,2018,1325000.0,1398205.0,-73205.0
M4_XGBoost,593745,2018,485000.0,1258111.5,-773111.5
M4_XGBoost,538222,2018,1360000.0,724692.125,635307.875
M4_XGBoost,593737,2018,565000.0,1128931.25,-563931.25
M4_XGBoost,539237,2018,2508000.0,1660745.5,847254.5
M4_XGBoost,570560,2018,2030000.0,2516705.0,-486705.0
M4_XGBoost,561326,2018,1247500.0,1655400.875,-407900.875
M4_XGBoost,536658,2018,1298000.0,936092.5625,361907.4375
M4_XGBoost,550919,2018,2320000.0,2437367.5,-117367.5
M4_XGBoost,607192,2018,650000.0,1001712.5,-351712.5
M4_XGBoost,555187,2018,684119.0,1567098.625,-882979.625
M4_XGBoost,607613,2018,725000.0,1947136.0,-1222136.0
M4_XGBoost,590064,2018,750000.0,965347.875,-215347.875
M4_XGBoost,571075,2018,4450000.0,4614803.0,-164803.0
M4_XGBoost,540643,2018,1513228.0,1087788.5,425439.5
M4_XGBoost,553826,2018,475000.0,533443.8125,-58443.8125
M4_XGBoost,551271,2018,3720000.0,3695294.25,24705.75
M4_XGBoost,540960,2018,900000.0,978315.625,-78315.625
M4_XGBoost,591052,2018,3035000.0,2897331.5,137668.5
M4_XGBoost,569896,2018,4500000.0,4014123.75,485876.25
M4_XGBoost,613382,2018,663000.0,1266906.75,-603906.75
M4_XGBoost,564361,2018,2995000.0,1800777.125,1194222.875
M4_XGBoost,574735,2018,3148000.0,2158698.0,989302.0
M4_XGBoost,582401,2018,2200000.0,1745243.25,454756.75
M4_XGBoost,595369,2018,6350000.0,3989785.75,2360214.25
M4_XGBoost,613770,2018,1750000.0,1806910.0,-56910.0
M4_XGBoost,542779,2018,745000.0,2602288.25,-1857288.25
M4_XGBoost,535930,2018,1520000.0,1465089.75,54910.25
M4_XGBoost,568347,2018,1075000.0,694284.0,380716.0
M4_XGBoost,586078,2018,1525000.0,951835.5,573164.5
M4_XGBoost,594498,2018,2795000.0,2483528.0,311472.0
M4_XGBoost,538648,2018,2300000.0,1591657.0,708343.0
M4_XGBoost,537862,2018,1200000.0,876802.5,323197.5
M4_XGBoost,590423,2018,5142500.0,2230606.5,2911893.5
M4_XGBoost,571927,2018,1795000.0,1881808.5,-86808.5
M4_XGBoost,558895,2018,5000000.0,3987267.5,1012732.5
M4_XGBoost,589405,2018,4020000.0,2836705.5,1183294.5
M4_XGBoost,559868,2018,2100000.0,2997232.75,-897232.75
M4_XGBoost,537255,2018,725000.0,1504513.625,-779513.625
M4_XGBoost,594919,2018,995000.0,982823.0,12177.0
M4_XGBoost,608613,2018,550000.0,698459.9375,-148459.9375
M4_XGBoost,568950,2018,3250000.0,3080771.75,169228.25
M4_XGBoost,581065,2018,2350000.0,2525685.5,-175685.5
M4_XGBoost,583347,2018,1050000.0,1002371.875,47628.125
M4_XGBoost,573892,2018,1500000.0,1275127.5,224872.5
M4_XGBoost,605861,2018,600000.0,2074174.875,-1474174.875
M4_XGBoost,574544,2018,4750000.0,3905663.5,844336.5
M4_XGBoost,550885,2018,1190000.0,1424273.625,-234273.625
M4_XGBoost,580239,2018,9000000.0,3144142.0,5855858.0
M4_XGBoost,592042,2018,430000.0,563532.1875,-133532.1875
M4_XGBoost,599793,2018,1940000.0,1648137.375,291862.625
M4_XGBoost,545554,2018,2800000.0,2835940.25,-35940.25
M4_XGBoost,563602,2018,2175000.0,1742394.375,432605.625
M4_XGBoost,554213,2018,1700000.0,2071687.875,-371687.875
M4_XGBoost,583889,2018,1773850.0,4098619.5,-2324769.5
M4_XGBoost,536537,2018,1795000.0,1716146.875,78853.125
M4_XGBoost,596340,2018,977500.0,886385.3125,91114.6875
M4_XGBoost,581856,2018,675000.0,640441.125,34558.875
M4_XGBoost,569682,2018,820000.0,1082948.375,-262948.375
M4_XGBoost,591009,2018,1500000.0,1430594.25,69405.75
M4_XGBoost,598420,2018,2975000.0,2398319.0,576681.0
M4_XGBoost,593411,2018,1521000.0,1417121.25,103878.75
M4_XGBoost,552184,2018,3675000.0,3333425.25,341574.75
M4_XGBoost,607220,2018,2750000.0,2502572.25,247427.75
M4_XGBoost,606923,2018,2725000.0,2383338.75,341661.25
M4_XGBoost,603711,2018,6500000.0,5836423.5,663576.5
M4_XGBoost,597823,2018,2050000.0,2089286.875,-39286.875
M4_XGBoost,582671,2018,1730000.0,1250191.25,479808.75
M4_XGBoost,564838,2018,3875000.0,3862422.0,12578.0
M4_XGBoost,551748,2018,1520000.0,1154233.75,365766.25
M4_XGBoost,583628,2018,1600000.0,1557880.875,42119.125
M4_XGBoost,565513,2018,3298000.0,2094661.625,1203338.375
M4_XGBoost,584766,2018,2120000.0,1411685.25,708314.75
M4_XGBoost,564006,2018,1395000.0,1434262.125,-39262.125
M4_XGBoost,608455,2018,1600000.0,718943.5,881056.5
M4_XGBoost,541333,2018,1545000.0,1088603.125,456396.875
M4_XGBoost,563244,2018,1395000.0,802294.3125,592705.6875
M4_XGBoost,612813,2018,2200000.0,1946079.75,253920.25
M4_XGBoost,568831,2018,3967500.0,1995633.5,1971866.5
M4_XGBoost,605746,2018,2000000.0,1234774.375,765225.625
M4_XGBoost,557650,2018,1575000.0,1184473.625,390526.375
M4_XGBoost,550196,2018,2995000.0,2552313.25,442686.75
M4_XGBoost,562027,2018,1050000.0,1041852.6875,8147.3125
M4_XGBoost,549152,2018,4755000.0,5452434.0,-697434.0
M4_XGBoost,606117,2018,450000.0,649618.375,-199618.375
M4_XGBoost,540703,2018,1850000.0,1383788.125,466211.875
M4_XGBoost,559049,2018,3050000.0,2780608.0,269392.0
M4_XGBoost,589433,2018,1398180.0,1039048.5625,359131.4375
M4_XGBoost,554481,2018,2650000.0,1807082.25,842917.75
M4_XGBoost,587871,2018,625000.0,587638.4375,37361.5625
M4_XGBoost,592024,2018,745000.0,929424.5625,-184424.5625
M4_XGBoost,545633,2018,2250000.0,2288134.0,-38134.0
M4_XGBoost,564244,2018,3425000.0,1763876.625,1661123.375
M4_XGBoost,542727,2018,4450000.0,3154070.75,1295929.25
M4_XGBoost,598138,2018,855000.0,893710.5625,-38710.5625
M4_XGBoost,586036,2018,1200000.0,1018804.8125,181195.1875
M4_XGBoost,605621,2018,420000.0,946148.3125,-526148.3125
M4_XGBoost,539406,2018,1845000.0,2025713.125,-180713.125
M4_XGBoost,607015,2018,2630000.0,1997371.875,632628.125
M4_XGBoost,603688,2018,400000.0,651095.75,-251095.75
M4_XGBoost,605803,2018,800000.0,822893.6875,-22893.6875
M4_XGBoost,552843,2018,2100000.0,1310375.375,789624.625
M4_XGBoost,573482,2018,1160000.0,1415283.125,-255283.125
M4_XGBoost,557762,2018,790000.0,961224.0,-171224.0
M4_XGBoost,543354,2018,1950000.0,1516396.125,433603.875
M4_XGBoost,573009,2018,625000.0,836133.875,-211133.875
M4_XGBoost,549505,2018,1740000.0,1290617.375,449382.625
M4_XGBoost,576644,2018,1645000.0,1472960.375,172039.625
M4_XGBoost,558665,2018,1660000.0,915813.9375,744186.0625
M4_XGBoost,598678,2018,2750000.0,1377540.375,1372459.625
M4_XGBoost,536574,2018,1750000.0,1070527.625,679472.375
M4_XGBoost,539332,2018,2375000.0,2426513.25,-51513.25
M4_XGBoost,579279,2018,1865000.0,1557191.625,307808.375
M4_XGBoost,585864,2018,1630000.0,1452225.125,177774.875
M4_XGBoost,540832,2018,2995000.0,2322029.0,672971.0
M4_XGBoost,604808,2018,2450000.0,2263405.25,186594.75
M4_XGBoost,598058,2018,1595000.0,1460628.25,134371.75
M4_XGBoost,563940,2018,1665000.0,1825944.125,-160944.125
M4_XGBoost,601840,2018,1475000.0,1211973.0,263027.0
M4_XGBoost,536279,2018,936000.0,1034575.3125,-98575.3125
M4_XGBoost,558837,2018,2483000.0,2275623.25,207376.75
M4_XGBoost,556135,2018,900000.0,831327.4375,68672.5625
M4_XGBoost,599543,2018,1120779.0,1220790.375,-100011.375
M4_XGBoost,586417,2018,3220000.0,2852108.0,367892.0
M4_XGBoost,591099,2018,1875000.0,1025227.875,849772.125
M4_XGBoost,564395,2018,3425000.0,3466379.0,-41379.0
M4_XGBoost,574682,2018,3200000.0,3207041.5,-7041.5
M4_XGBoost,595915,2018,6500000.0,2103909.0,4396091.0
M4_XGBoost,587221,2018,1082400.0,5064321.0,-3981921.0
M4_XGBoost,596080,2018,1095000.0,1185875.125,-90875.125
M4_XGBoost,550583,2018,5045000.0,4225418.0,819582.0
M4_XGBoost,569883,2018,2560000.0,2302572.75,257427.25
M4_XGBoost,604682,2018,815841.0,843112.125,-27271.125
M4_XGBoost,543811,2018,480000.0,1126155.875,-646155.875
M4_XGBoost,602167,2018,995000.0,1265420.375,-270420.375
M4_XGBoost,570878,2018,6125000.0,6641882.5,-516882.5
M4_XGBoost,587523,2018,1100000.0,1492607.5,-392607.5
M4_XGBoost,599687,2018,4515000.0,4383097.0,131903.0
M4_XGBoost,592328,2018,1026153.0,816348.9375,209804.0625
M4_XGBoost,592636,2018,3300000.0,2352092.75,947907.25
M4_XGBoost,564776,2018,5062500.0,5280262.0,-217762.0
M4_XGBoost,551602,2018,1695000.0,1463097.25,231902.75
M4_XGBoost,581162,2018,1810000.0,1755057.375,54942.625
M4_XGBoost,603661,2018,5800000.0,4059230.0,1740770.0
M4_XGBoost,608864,2018,2700000.0,1566722.125,1133277.875
M4_XGBoost,611351,2018,450000.0,1787145.125,-1337145.125
M4_XGBoost,556092,2018,1450000.0,2050551.625,-600551.625
M4_XGBoost,580495,2018,4730000.0,3449968.5,1280031.5
M4_XGBoost,545652,2018,7100000.0,5540130.5,1559869.5
M4_XGBoost,541987,2018,1400000.0,2172083.75,-772083.75
M4_XGBoost,596664,2018,806551.0,997106.125,-190555.125
M4_XGBoost,560928,2018,2467500.0,1413233.0,1054267.0
M4_XGBoost,552288,2018,995000.0,973160.4375,21839.5625
M4_XGBoost,561984,2018,1545000.0,1247487.625,297512.375
M4_XGBoost,576604,2018,1250000.0,1113487.0,136513.0
M4_XGBoost,587939,2018,2000000.0,2267367.5,-267367.5
M4_XGBoost,593658,2018,2195000.0,772903.625,1422096.375
M4_XGBoost,563175,2018,766000.0,599489.75,166510.25
M4_XGBoost,568539,2018,850000.0,1771557.25,-921557.25
M4_XGBoost,573925,2018,1190000.0,1467531.375,-277531.375
M4_XGBoost,575974,2018,3550000.0,3668146.0,-118146.0
M4_XGBoost,556871,2018,7340000.0,2140104.0,5199896.0
M4_XGBoost,589595,2018,1950000.0,2259368.0,-309368.0
M4_XGBoost,571599,2018,3500000.0,3228590.25,271409.75
M4_XGBoost,610215,2018,3995000.0,1276969.875,2718030.125
M4_XGBoost,555845,2018,544000.0,525868.125,18131.875
M4_XGBoost,612401,2018,1095000.0,818059.625,276940.375
M4_XGBoost,554789,2018,265000.0,460822.5625,-195822.5625
M4_XGBoost,604929,2018,2645000.0,2392721.75,252278.25
M4_XGBoost,565005,2018,2100000.0,2063869.0,36131.0
M4_XGBoost,605562,2018,2750000.0,2905990.25,-155990.25
M4_XGBoost,569557,2018,535000.0,562285.125,-27285.125
M4_XGBoost,549058,2018,4700000.0,3622936.0,1077064.0
M4_XGBoost,548954,2018,646000.0,591492.0625,54507.9375
M4_XGBoost,605907,2018,3200000.0,6692967.0,-3492967.0
M4_XGBoost,549054,2018,1700000.0,2023031.625,-323031.625
M4_XGBoost,581518,2018,1050000.0,916880.9375,133119.0625
M4_XGBoost,542317,2018,647500.0,542384.125,105115.875
M4_XGBoost,600691,2018,1100000.0,894084.8125,205915.1875
M4_XGBoost,585074,2018,995000.0,1007059.25,-12059.25
M4_XGBoost,585221,2018,1480000.0,1218015.625,261984.375
M4_XGBoost,546219,2018,1750000.0,1363940.0,386060.0
M4_XGBoost,572566,2018,1745000.0,1264939.0,480061.0
M4_XGBoost,601806,2018,1600000.0,2373485.75,-773485.75
M4_XGBoost,563310,2018,1050000.0,1453576.0,-403576.0
M4_XGBoost,561416,2018,3425000.0,3292400.5,132599.5
M4_XGBoost,587972,2018,2995000.0,2227409.25,767590.75
M4_XGBoost,594511,2018,895000.0,1085041.875,-190041.875
M4_XGBoost,587979,2018,1150000.0,1241438.5,-91438.5
M4_XGBoost,590504,2018,795000.0,714490.4375,80509.5625
M4_XGBoost,562133,2018,560000.0,755811.9375,-195811.9375
M4_XGBoost,567417,2018,440000.0,759932.375,-319932.375
M4_XGBoost,550444,2018,2950000.0,1162360.5,1787639.5
M4_XGBoost,578960,2018,2251419.0,745709.5625,1505709.4375
M4_XGBoost,609229,2018,1900000.0,1469628.0,430372.0
M4_XGBoost,541964,2018,3150000.0,1685964.0,1464036.0
M4_XGBoost,594988,2018,4200000.0,1779766.875,2420233.125
M4_XGBoost,564805,2018,9500000.0,5262752.0,4237248.0
M4_XGBoost,594872,2018,5100000.0,5862995.0,-762995.0
M4_XGBoost,574128,2018,1575000.0,1578355.125,-3355.125
M4_XGBoost,579451,2018,2422500.0,2586278.25,-163778.25
M4_XGBoost,542334,2018,6800000.0,2095676.625,4704323.375
M4_XGBoost,538906,2018,700000.0,711341.1875,-11341.1875
M4_XGBoost,563476,2018,1630000.0,1920608.25,-290608.25
M4_XGBoost,571922,2018,10000000.0,3377785.0,6622215.0
M4_XGBoost,601146,2018,280000.0,696604.0,-416604.0
M4_XGBoost,541521,2018,1825000.0,1703459.25,121540.75
M4_XGBoost,567302,2018,8650000.0,5556109.5,3093890.5
M4_XGBoost,589682,2018,2630000.0,2313993.25,316006.75
M4_XGBoost,572134,2018,2780000.0,2543776.5,236223.5
M4_XGBoost,548767,2018,625000.0,1184399.125,-559399.125
M4_XGBoost,540495,2018,640000.0,766502.75,-126502.75
M4_XGBoost,596449,2018,670000.0,983381.8125,-313381.8125
M4_XGBoost,568967,2018,3495000.0,3165268.25,329731.75
M4_XGBoost,601928,2018,1095000.0,1244636.875,-149636.875
M4_XGBoost,542736,2018,1600000.0,1760911.875,-160911.875
M4_XGBoost,606685,2018,3195000.0,3426128.5,-231128.5
M4_XGBoost,560579,2018,6935000.0,2069555.25,4865444.75
M4_XGBoost,598554,2018,3750000.0,3554255.0,195745.0
M4_XGBoost,588611,2018,1232500.0,1212523.25,19976.75
M4_XGBoost,613081,2018,2970000.0,2583559.25,386440.75
M4_XGBoost,596556,2018,1450000.0,1510661.5,-60661.5
M4_XGBoost,548908,2018,8500000.0,2229636.5,6270363.5
M4_XGBoost,538303,2018,1225000.0,411568.59375,813431.40625
M4_XGBoost,592372,2018,650000.0,938173.125,-288173.125
M4_XGBoost,596769,2018,640051.0,1044739.0625,-404688.0625
M4_XGBoost,598063,2018,635000.0,734109.1875,-99109.1875
M4_XGBoost,599180,2018,1625000.0,1838570.625,-213570.625
M4_XGBoost,587828,2018,2695000.0,2184541.75,510458.25
M4_XGBoost,589588,2018,1195000.0,1006413.125,188586.875
M4_XGBoost,551862,2018,1250000.0,1447261.625,-197261.625
M4_XGBoost,601464,2018,2175000.0,1699733.375,475266.625
M4_XGBoost,599302,2018,3950000.0,3221378.0,728622.0
M4_XGBoost,569716,2018,2495000.0,2820646.75,-325646.75
M4_XGBoost,538673,2018,8600000.0,1622028.375,6977971.625
M4_XGBoost,575832,2018,5675000.0,3943201.75,1731798.25
M4_XGBoost,569999,2018,300000.0,1568662.75,-1268662.75
M4_XGBoost,535870,2018,1060000.0,798550.125,261449.875
M4_XGBoost,547440,2018,1820000.0,1631936.875,188063.125
M4_XGBoost,595816,2018,3998000.0,3252603.25,745396.75
M4_XGBoost,582678,2018,2595000.0,1271388.75,1323611.25
M4_XGBoost,549083,2018,1750000.0,2043779.0,-293779.0
M4_XGBoost,574774,2018,550000.0,652661.1875,-102661.1875
M4_XGBoost,547404,2018,2400000.0,2166927.75,233072.25
M4_XGBoost,541164,2018,3800000.0,2287390.0,1512610.0
M4_XGBoost,543057,2018,590000.0,1287876.75,-697876.75
M4_XGBoost,586568,2018,3681297.0,1285273.125,2396023.875
M4_XGBoost,550584,2018,5045000.0,4343338.0,701662.0
M4_XGBoost,570041,2018,3670000.0,4842904.5,-1172904.5
M4_XGBoost,543242,2018,5950000.0,5057877.0,892123.0
M4_XGBoost,611096,2018,760000.0,870174.9375,-110174.9375
M4_XGBoost,571842,2018,935000.0,752504.25,182495.75
M4_XGBoost,604138,2018,525000.0,696172.9375,-171172.9375
M4_XGBoost,603545,2018,2440000.0,2642844.75,-202844.75
M4_XGBoost,576172,2018,2060000.0,1308849.125,751150.875
M4_XGBoost,607225,2018,9050000.0,6925546.5,2124453.5
M4_XGBoost,613468,2018,500000.0,732166.1875,-232166.1875
M4_XGBoost,596789,2018,1625000.0,1661287.25,-36287.25
M4_XGBoost,592719,2018,1700000.0,2006652.75,-306652.75
M4_XGBoost,536318,2018,1232500.0,1147576.875,84923.125
M4_XGBoost,588829,2018,5100000.0,1988480.875,3111519.125
M4_XGBoost,601178,2018,1025000.0,784073.1875,240926.8125
M4_XGBoost,557276,2018,1350000.0,1750116.75,-400116.75
M4_XGBoost,600015,2018,1700000.0,1926559.25,-226559.25
M4_XGBoost,577863,2018,1150000.0,2030531.25,-880531.25
M4_XGBoost,574088,2018,675000.0,646255.0625,28744.9375
M4_XGBoost,578537,2018,4500000.0,1796754.5,2703245.5
M4_XGBoost,586753,2018,4095000.0,2857773.75,1237226.25
M4_XGBoost,607907,2018,715000.0,572196.9375,142803.0625
M4_XGBoost,566575,2018,780000.0,1036453.625,-256453.625
M4_XGBoost,553196,2018,1720000.0,1385186.375,334813.625
M4_XGBoost,579649,2018,2495000.0,2000851.25,494148.75
M4_XGBoost,543914,2018,5000000.0,4505473.0,494527.0
M4_XGBoost,595670,2018,1450000.0,1192490.25,257509.75
M4_XGBoost,610407,2018,1651000.0,944374.25,706625.75
M4_XGBoost,584490,2018,4050000.0,3798778.25,251221.75
M4_XGBoost,608971,2018,6820000.0,1489949.5,5330050.5
M4_XGBoost,596835,2018,3400000.0,2644027.25,755972.75
M4_XGBoost,565561,2018,660500.0,948305.5,-287805.5
M4_XGBoost,542646,2018,4900000.0,4955940.0,-55940.0
M4_XGBoost,584435,2018,3175000.0,3018857.0,156143.0
M4_XGBoost,554966,2018,300000.0,2450015.0,-2150015.0
M4_XGBoost,607532,2018,850000.0,1114198.625,-264198.625
M4_XGBoost,598291,2018,2750000.0,2271564.25,478435.75
M4_XGBoost,609849,2018,3045000.0,1896564.125,1148435.875
M4_XGBoost,607752,2018,2845000.0,2625265.75,219734.25
M4_XGBoost,575519,2018,474444.0,359713.875,114730.125
M4_XGBoost,590906,2018,1950000.0,1738958.125,211041.875
M4_XGBoost,573978,2018,1000000.0,764598.6875,235401.3125
M4_XGBoost,599878,2018,590000.0,1162501.375,-572501.375
M4_XGBoost,539176,2018,3480000.0,3422007.5,57992.5
M4_XGBoost,556093,2018,2695000.0,1707714.375,987285.625
M4_XGBoost,611679,2018,521000.0,556885.0625,-35885.0625
M4_XGBoost,550037,2018,525000.0,693222.75,-168222.75
M4_XGBoost,545907,2018,1450000.0,1044530.875,405469.125
M4_XGBoost,589725,2018,3900000.0,1244896.875,2655103.125
M4_XGBoost,552796,2018,725000.0,1006913.3125,-281913.3125
M4_XGBoost,570081,2018,703000.0,844290.125,-141290.125
M4_XGBoost,581932,2018,892500.0,1691746.125,-799246.125
M4_XGBoost,601170,2018,2850000.0,3784091.0,-934091.0
M4_XGBoost,606200,2018,1125000.0,1561273.5,-436273.5
M4_XGBoost,542494,2018,1430000.0,1264123.75,165876.25
M4_XGBoost,580531,2018,2175000.0,788905.8125,1386094.1875
M4_XGBoost,609960,2018,3300000.0,2462406.25,837593.75
M4_XGBoost,567505,2018,2050000.0,1645139.5,404860.5
M4_XGBoost,540085,2018,1750000.0,1577808.875,172191.125
M4_XGBoost,583652,2018,6878616.0,2256487.0,4622129.0
M4_XGBoost,600252,2018,2195000.0,1231707.0,963293.0
M4_XGBoost,568326,2018,2770000.0,2357655.5,412344.5
M4_XGBoost,595140,2018,3925000.0,3570477.25,354522.75
M4_XGBoost,556920,2018,2970000.0,2048452.375,921547.625
M4_XGBoost,547968,2018,925000.0,705555.125,219444.875
M4_XGBoost,583404,2018,885000.0,1096056.625,-211056.625
M4_XGBoost,606719,2018,1565000.0,1523789.5,41210.5
M4_XGBoost,565365,2018,1420000.0,1375181.625,44818.375
M4_XGBoost,590385,2018,4750000.0,4242894.5,507105.5
M4_XGBoost,541990,2018,2795000.0,2926317.0,-131317.0
M4_XGBoost,559158,2018,1580000.0,1543879.0,36121.0
M4_XGBoost,546596,2018,4300000.0,4007594.5,292405.5
M4_XGBoost,548201,2018,1332500.0,1275662.625,56837.375
M4_XGBoost,606103,2018,1248000.0,1314291.5,-66291.5
M4_XGBoost,600996,2018,1900000.0,991953.1875,908046.8125
M4_XGBoost,591272,2018,525000.0,594721.8125,-69721.8125
M4_XGBoost,560920,2018,4300000.0,1750480.625,2549519.375
M4_XGBoost,592685,2018,1000000.0,1261509.125,-261509.125
M4_XGBoost,583220,2018,2500000.0,2328864.0,171136.0
M4_XGBoost,601265,2018,530000.0,917873.9375,-387873.9375
M4_XGBoost,585497,2018,1153000.0,929344.75,223655.25
M4_XGBoost,558327,2018,1550000.0,1883850.125,-333850.125
M4_XGBoost,576705,2018,1095000.0,1389656.0,-294656.0
M4_XGBoost,614658,2018,820000.0,953167.1875,-133167.1875
M4_XGBoost,601930,2018,745000.0,937042.9375,-192042.9375
M4_XGBoost,544385,2018,810000.0,1298311.875,-488311.875
M4_XGBoost,611593,2018,322500.0,556300.625,-233800.625
M4_XGBoost,548743,2018,1450000.0,1516666.625,-66666.625
M4_XGBoost,565277,2018,5100000.0,4690610.5,409389.5
M4_XGBoost,552465,2018,1650000.0,1505634.625,144365.375
M4_XGBoost,557891,2018,2150000.0,2024342.0,125658.0
M4_XGBoost,602937,2018,3500000.0,1826494.375,1673505.625
M4_XGBoost,568157,2018,2350000.0,1209791.625,1140208.375
M4_XGBoost,556253,2018,6625000.0,1020366.4375,5604633.5625
M4_XGBoost,542312,2018,3295000.0,2835594.0,459406.0
M4_XGBoost,591547,2018,285000.0,764986.0,-479986.0
M4_XGBoost,601363,2018,1534125.0,3666386.75,-2132261.75
M4_XGBoost,558078,2018,1350000.0,1601630.5,-251630.5
M4_XGBoost,538359,2018,3400000.0,2662689.0,737311.0
M4_XGBoost,572909,2018,1149000.0,991847.1875,157152.8125
M4_XGBoost,569559,2018,1000000.0,563517.6875,436482.3125
M4_XGBoost,578124,2018,675000.0,773157.9375,-98157.9375
M4_XGBoost,601765,2018,2800000.0,2093710.875,706289.125
M4_XGBoost,567611,2018,2345000.0,1422684.0,922316.0
M4_XGBoost,584575,2018,1095000.0,1109247.5,-14247.5
M4_XGBoost,585673,2018,2198000.0,1660405.0,537595.0
M4_XGBoost,601223,2018,1350000.0,1110518.625,239481.375
M4_XGBoost,560473,2018,883999.0,1014325.875,-130326.875
M4_XGBoost,542911,2018,700000.0,1089663.625,-389663.625
M4_XGBoost,552015,2018,472000.0,815522.5625,-343522.5625
M4_XGBoost,541426,2018,725000.0,1336722.375,-611722.375
M4_XGBoost,547408,2018,3800000.0,1791549.5,2008450.5
M4_XGBoost,607300,2018,1450000.0,1190309.875,259690.125
M4_XGBoost,613577,2018,575000.0,717163.0625,-142163.0625
M4_XGBoost,544432,2018,820000.0,958621.375,-138621.375
M4_XGBoost,565744,2018,1900000.0,1744208.25,155791.75
M4_XGBoost,560244,2018,5000000.0,4305471.0,694529.0
M4_XGBoost,586851,2018,1550000.0,1473838.625,76161.375
M4_XGBoost,595547,2018,3023000.0,2406055.25,616944.75
M4_XGBoost,549041,2018,781250.0,1045654.125,-264404.125
M4_XGBoost,610117,2018,1190000.0,1191815.0,-1815.0
M4_XGBoost,535996,2018,5525535.0,1071499.0,4454036.0
M4_XGBoost,614602,2018,807500.0,711006.8125,96493.1875
M4_XGBoost,602975,2018,2400000.0,1765876.25,634123.75
M4_XGBoost,604027,2018,254281.0,469319.875,-215038.875
M4_XGBoost,538443,2018,1100000.0,763571.9375,336428.0625
M4_XGBoost,603239,2018,1585000.0,1216181.75,368818.25
M4_XGBoost,555939,2018,2875000.0,1811604.875,1063395.125
M4_XGBoost,611204,2018,1200000.0,1263010.25,-63010.25
M4_XGBoost,556420,2018,4995000.0,3988458.0,1006542.0
M4_XGBoost,606006,2018,1095000.0,842010.5,252989.5
M4_XGBoost,577406,2018,2875000.0,2626162.25,248837.75
M4_XGBoost,551672,2018,575000.0,1617349.625,-1042349.625
M4_XGBoost,613252,2018,2200000.0,1483007.375,716992.625
M4_XGBoost,593267,2018,980000.0,1184429.625,-204429.625
M4_XGBoost,550047,2018,794794.0,852586.9375,-57792.9375
M4_XGBoost,585995,2018,5595000.0,5706793.5,-111793.5
M4_XGBoost,583909,2018,2415220.0,2957684.5,-542464.5
M4_XGBoost,596127,2018,970000.0,970395.9375,-395.9375
M4_XGBoost,612582,2018,1900000.0,1750749.375,149250.625
M4_XGBoost,604506,2018,1600000.0,1851990.75,-251990.75
M4_XGBoost,585649,2018,687999.0,635339.625,52659.375
M4_XGBoost,541870,2018,2075000.0,2427656.5,-352656.5
M4_XGBoost,581096,2018,4100000.0,3477786.25,622213.75
M4_XGBoost,599335,2018,2045000.0,1663803.5,381196.5
M4_XGBoost,558531,2018,3000000.0,1073973.75,1926026.25
M4_XGBoost,570472,2018,3250000.0,2644256.75,605743.25
M4_XGBoost,583365,2018,2100000.0,2301984.25,-201984.25
M4_XGBoost,565712,2018,2330000.0,1888719.75,441280.25
M4_XGBoost,597502,2018,5100000.0,4065079.75,1034920.25
M4_XGBoost,550251,2018,1075000.0,2747185.75,-1672185.75
M4_XGBoost,587930,2018,475000.0,809746.625,-334746.625
M4_XGBoost,588187,2018,834800.0,1313108.75,-478308.75
M4_XGBoost,568827,2018,2145000.0,2022570.5,122429.5
M4_XGBoost,564196,2018,2375000.0,1354743.5,1020256.5
M4_XGBoost,573603,2018,2600000.0,2887613.5,-287613.5
M4_XGBoost,540963,2018,1060000.0,1068072.125,-8072.125
M4_XGBoost,607711,2018,465000.0,776723.8125,-311723.8125
M4_XGBoost,572370,2018,1770000.0,2248453.0,-478453.0
M4_XGBoost,568137,2018,4600000.0,3633212.25,966787.75
M4_XGBoost,560671,2018,700000.0,478309.9375,221690.0625
M4_XGBoost,594241,2018,400000.0,1051501.125,-651501.125
M4_XGBoost,572550,2018,3930000.0,2815384.5,1114615.5
M4_XGBoost,551758,2018,5750000.0,3593333.5,2156666.5
M4_XGBoost,559817,2018,1095000.0,900393.6875,194606.3125
M4_XGBoost,554611,2018,4000000.0,3891015.5,108984.5
M4_XGBoost,582954,2018,2500000.0,1250136.375,1249863.625
M4_XGBoost,560072,2018,550000.0,960241.8125,-410241.8125
M4_XGBoost,585059,2018,4250000.0,2899241.5,1350758.5
M4_XGBoost,598496,2018,450000.0,538268.9375,-88268.9375
M4_XGBoost,613446,2018,2425500.0,1852743.25,572756.75
M4_XGBoost,571621,2018,6842500.0,7603171.5,-760671.5
M4_XGBoost,544743,2018,2800000.0,2909473.25,-109473.25
M4_XGBoost,565610,2018,1040000.0,1089741.625,-49741.625
M4_XGBoost,585346,2018,1375000.0,2261694.25,-886694.25
M4_XGBoost,588025,2018,2700000.0,692445.75,2007554.25
M4_XGBoost,570302,2018,3498000.0,3171302.0,326698.0
M4_XGBoost,600747,2018,1600000.0,1514784.5,85215.5
M4_XGBoost,554111,2018,5150000.0,4062665.25,1087334.75
M4_XGBoost,565979,2018,1200000.0,982558.75,217441.25
M4_XGBoost,575988,2018,1895000.0,1191729.75,703270.25
M4_XGBoost,550285,2018,1105000.0,847806.375,257193.625
M4_XGBoost,549738,2018,1498000.0,1357838.75,140161.25
M4_XGBoost,613897,2018,7097500.0,2114959.25,4982540.75
M4_XGBoost,611344,2018,4898000.0,4656869.5,241130.5
M4_XGBoost,567555,2018,975000.0,1691226.75,-716226.75
M4_XGBoost,561493,2018,875000.0,704101.875,170898.125
M4_XGBoost,554214,2018,295000.0,1346017.25,-1051017.25
M4_XGBoost,601027,2018,1915000.0,2108925.0,-193925.0
M4_XGBoost,567918,2018,5680000.0,1692380.25,3987619.75
M4_XGBoost,550874,2018,1150000.0,1353000.5,-203000.5
M4_XGBoost,568081,2018,3100000.0,3242268.5,-142268.5
M4_XGBoost,593205,2018,1525000.0,1625239.75,-100239.75
M4_XGBoost,556318,2018,4125000.0,4670359.0,-545359.0
M4_XGBoost,547677,2018,5800000.0,4746246.0,1053754.0
M4_XGBoost,539812,2018,2100000.0,2691793.0,-591793.0
M4_XGBoost,566298,2018,863486.0,796744.9375,66741.0625
M4_XGBoost,561963,2018,380000.0,1738150.75,-1358150.75
M4_XGBoost,563366,2018,1497500.0,1336963.375,160536.625
M4_XGBoost,588880,2018,350000.0,625557.5625,-275557.5625
M4_XGBoost,575545,2018,4350000.0,3889279.25,460720.75
M4_XGBoost,554566,2018,295450.0,1645648.0,-1350198.0
M4_XGBoost,560194,2018,4750000.0,3643628.75,1106371.25
M4_XGBoost,608715,2018,4500000.0,2356884.5,2143115.5
M4_XGBoost,556686,2018,2560000.0,2191095.5,368904.5
M4_XGBoost,558754,2018,4170000.0,4348390.0,-178390.0
M4_XGBoost,556085,2018,731000.0,733979.0,-2979.0
M4_XGBoost,569589,2018,540000.0,706931.125,-166931.125
M4_XGBoost,552417,2018,2604000.0,2340801.0,263199.0
M4_XGBoost,592347,2018,3395000.0,3439242.75,-44242.75
M4_XGBoost,580599,2018,700000.0,705745.5625,-5745.5625
M4_XGBoost,565069,2018,895000.0,1168329.625,-273329.625
M4_XGBoost,563816,2018,1450000.0,628174.875,821825.125
M4_XGBoost,577764,2018,5295000.0,5105112.0,189888.0
M4_XGBoost,576223,2018,1908050.0,1699490.25,208559.75
M4_XGBoost,546383,2018,450000.0,1187028.125,-737028.125
M4_XGBoost,590207,2018,695000.0,1040774.1875,-345774.1875
M4_XGBoost,549627,2018,515000.0,750469.5625,-235469.5625
M4_XGBoost,549946,2018,2020000.0,1753877.75,266122.25
M4_XGBoost,594136,2018,2325000.0,1816395.125,508604.875
M4_XGBoost,607189,2018,5199000.0,4151867.25,1047132.75
M4_XGBoost,561827,2018,980000.0,357096.6875,622903.3125
M4_XGBoost,586726,2018,3750000.0,1831104.0,1918896.0
M4_XGBoost,536707,2018,1750000.0,828889.125,921110.875
M4_XGBoost,593880,2018,3195000.0,2779351.5,415648.5
M4_XGBoost,581778,2018,3325000.0,3816549.75,-491549.75
M4_XGBoost,536047,2018,3315000.0,2318393.25,996606.75
M4_XGBoost,547053,2018,1195000.0,1929335.625,-734335.625
M4_XGBoost,537805,2018,925000.0,2427399.75,-1502399.75
M4_XGBoost,576210,2018,2700000.0,2553274.75,146725.25
M4_XGBoost,560640,2018,4650000.0,3348135.0,1301865.0
M4_XGBoost,559730,2018,825000.0,1409468.375,-584468.375
M4_XGBoost,541615,2018,2000000.0,1819002.375,180997.625
M4_XGBoost,597053,2018,11500000.0,4100453.0,7399547.0
M4_XGBoost,610729,2018,775160.0,4761710.5,-3986550.5
M4_XGBoost,589197,2018,6650000.0,2418690.25,4231309.75
M4_XGBoost,611412,2018,2376000.0,1814236.375,561763.625
M4_XGBoost,611327,2018,2200000.0,1477723.125,722276.875
M4_XGBoost,560199,2018,2035500.0,2312241.75,-276741.75
M4_XGBoost,608465,2018,650000.0,1427028.25,-777028.25
M4_XGBoost,543857,2018,713333.0,530152.3125,183180.6875
M4_XGBoost,561678,2018,900000.0,713087.4375,186912.5625
M4_XGBoost,600811,2018,1100000.0,1127154.0,-27154.0
M4_XGBoost,564479,2018,2550000.0,685808.0625,1864191.9375
M4_XGBoost,551782,2018,1329000.0,1117669.125,211330.875
M4_XGBoost,605268,2018,2270000.0,1850657.75,419342.25
M4_XGBoost,596006,2018,975000.0,1051404.875,-76404.875
M4_XGBoost,568497,2018,1395000.0,1827864.0,-432864.0
M4_XGBoost,554497,2018,1150000.0,1129004.5,20995.5
M4_XGBoost,583689,2018,1265000.0,734499.9375,530500.0625
M4_XGBoost,537019,2018,1178035.0,2453690.75,-1275655.75
M4_XGBoost,566529,2018,500000.0,655176.875,-155176.875
M4_XGBoost,586695,2018,2000000.0,1206800.25,793199.75
M4_XGBoost,599837,2018,1770000.0,1467979.25,302020.75
M4_XGBoost,543564,2018,6650000.0,3133647.0,3516353.0
M4_XGBoost,581618,2018,500000.0,787835.1875,-287835.1875
M4_XGBoost,604049,2018,2225000.0,2132486.5,92513.5
M4_XGBoost,571427,2018,2495000.0,2171168.25,323831.75
M4_XGBoost,570942,2018,1598000.0,1501125.5,96874.5
M4_XGBoost,554289,2018,3625000.0,1454742.375,2170257.625
M4_XGBoost,604427,2018,395000.0,818306.1875,-423306.1875
M4_XGBoost,539211,2018,800000.0,538582.6875,261417.3125
M4_XGBoost,577538,2018,645000.0,467564.1875,177435.8125
M4_XGBoost,546982,2018,1100000.0,844363.375,255636.625
M4_XGBoost,611465,2018,5825000.0,4352261.0,1472739.0
M4_XGBoost,540630,2018,1525000.0,1291301.875,233698.125
M4_XGBoost,564923,2018,262500.0,597761.6875,-335261.6875
M4_XGBoost,557010,2018,1500000.0,1037444.5625,462555.4375
M4_XGBoost,592757,2018,2348000.0,1175687.5,1172312.5
M4_XGBoost,586159,2018,420000.0,473967.5625,-53967.5625
M4_XGBoost,585705,2018,2175000.0,2188662.5,-13662.5
M4_XGBoost,545439,2018,1300000.0,1206140.875,93859.125
M4_XGBoost,609971,2018,2375000.0,2191388.0,183612.0
M4_XGBoost,585351,2018,16500000.0,8626325.0,7873675.0
M4_XGBoost,541653,2018,2450000.0,1431029.5,1018970.5
M4_XGBoost,560341,2018,2425000.0,3035231.0,-610231.0
M4_XGBoost,584888,2018,2000000.0,2071921.125,-71921.125
M4_XGBoost,560145,2018,500000.0,1008217.1875,-508217.1875
M4_XGBoost,538552,2018,4200000.0,3046567.25,1153432.75
M4_XGBoost,610436,2018,1655000.0,1424166.375,230833.625
M4_XGBoost,592577,2018,1612500.0,1230865.125,381634.875
M4_XGBoost,603323,2018,1740000.0,1755119.25,-15119.25
M4_XGBoost,552861,2018,1525000.0,1910999.75,-385999.75
M4_XGBoost,605850,2018,1650000.0,1875416.125,-225416.125
M4_XGBoost,558274,2018,1807000.0,1956957.875,-149957.875
M4_XGBoost,595950,2018,5500000.0,1487456.375,4012543.625
M4_XGBoost,607535,2018,3010000.0,1607621.625,1402378.375
M4_XGBoost,547858,2018,2675000.0,2671148.25,3851.75
M4_XGBoost,554651,2018,742000.0,932959.0,-190959.0
M4_XGBoost,554162,2018,1180000.0,881648.125,298351.875
M4_XGBoost,557116,2018,683700.0,534383.25,149316.75
M4_XGBoost,609202,2018,1695000.0,893944.125,801055.875
M4_XGBoost,590098,2018,550000.0,970561.625,-420561.625
M4_XGBoost,582737,2018,1095000.0,1158839.75,-63839.75
M4_XGBoost,586857,2018,2450000.0,1660707.5,789292.5
M4_XGBoost,540763,2018,4320000.0,2805655.0,1514345.0
M4_XGBoost,613048,2018,326000.0,561965.0625,-235965.0625
M4_XGBoost,605501,2018,295000.0,900903.875,-605903.875
M4_XGBoost,599833,2018,1568750.0,3005992.25,-1437242.25
M4_XGBoost,578707,2018,3445000.0,2732298.0,712702.0
M4_XGBoost,560385,2018,990000.0,625990.25,364009.75
M4_XGBoost,594505,2018,3450000.0,2308839.5,1141160.5
M4_XGBoost,581015,2018,1675000.0,1283019.75,391980.25
M4_XGBoost,541599,2018,2450000.0,2300717.75,149282.25
M4_XGBoost,550736,2018,750000.0,683441.875,66558.125
M4_XGBoost,608161,2018,1100000.0,1344645.75,-244645.75
M4_XGBoost,551452,2018,3350000.0,3225220.5,124779.5
M4_XGBoost,569273,2018,6400000.0,6285944.0,114056.0
M4_XGBoost,588891,2018,625555.0,1121736.5,-496181.5
M4_XGBoost,538530,2018,1467000.0,1244928.875,222071.125
M4_XGBoost,582881,2018,2733800.0,1547183.5,1186616.5
M4_XGBoost,613557,2018,13010427.0,3858004.25,9152422.75
M4_XGBoost,609013,2018,500000.0,855416.25,-355416.25
M4_XGBoost,594328,2018,2567500.0,2214664.5,352835.5
M4_XGBoost,559154,2018,2550000.0,2879281.25,-329281.25
M4_XGBoost,601543,2018,1900000.0,1752379.75,147620.25
M4_XGBoost,547415,2018,3745000.0,3512287.25,232712.75
M4_XGBoost,589589,2018,700000.0,2041715.875,-1341715.875
M4_XGBoost,601630,2018,1260000.0,1467019.25,-207019.25
M4_XGBoost,581903,2018,1145000.0,1315258.125,-170258.125
M4_XGBoost,568186,2018,2300000.0,1986615.625,313384.375
M4_XGBoost,576856,2018,1325000.0,1259922.125,65077.875
M4_XGBoost,573244,2018,5256250.0,1461200.875,3795049.125
M4_XGBoost,561985,2018,1700000.0,1604139.0,95861.0
M4_XGBoost,558111,2018,1175000.0,760610.3125,414389.6875
M4_XGBoost,552680,2018,1330000.0,992992.4375,337007.5625
M4_XGBoost,572639,2018,3235000.0,2972626.5,262373.5
M4_XGBoost,559481,2018,2400000.0,2447681.75,-47681.75
M4_XGBoost,614259,2018,1895000.0,2172883.5,-277883.5
M4_XGBoost,592827,2018,3695000.0,2956945.5,738054.5
M4_XGBoost,550599,2018,730000.0,955673.0,-225673.0
M4_XGBoost,588124,2018,2500000.0,2554880.0,-54880.0
M4_XGBoost,535773,2018,995000.0,1179054.875,-184054.875
M4_XGBoost,585628,2018,3100000.0,2885637.0,214363.0
M4_XGBoost,593907,2018,2050000.0,1166950.0,883050.0
M4_XGBoost,581496,2018,3490000.0,3188065.0,301935.0
M4_XGBoost,559404,2018,3770000.0,3472357.75,297642.25
M4_XGBoost,535768,2018,1422135.0,1130120.5,292014.5
M4_XGBoost,549928,2018,9750000.0,4161976.5,5588023.5
M4_XGBoost,613106,2018,2385000.0,2135378.25,249621.75
M4_XGBoost,577962,2018,900000.0,1076073.375,-176073.375
M4_XGBoost,540396,2018,1095000.0,1273462.625,-178462.625
M4_XGBoost,570261,2018,2325000.0,2521935.5,-196935.5
M4_XGBoost,602745,2018,2395000.0,2184025.25,210974.75
M4_XGBoost,585165,2018,1025000.0,1399563.125,-374563.125
M4_XGBoost,569775,2018,1700000.0,1538477.5,161522.5
M4_XGBoost,595853,2018,3095000.0,3331439.0,-236439.0
M4_XGBoost,548285,2018,3195000.0,2590593.25,604406.75
M4_XGBoost,560590,2018,1750000.0,1506061.125,243938.875
M4_XGBoost,578321,2018,300000.0,943552.3125,-643552.3125
M4_XGBoost,571331,2018,2295000.0,3213133.75,-918133.75
M4_XGBoost,586918,2018,800000.0,2074815.875,-1274815.875
M4_XGBoost,545106,2018,1175000.0,1139918.625,35081.375
M4_XGBoost,607814,2018,2175000.0,933607.8125,1241392.1875
M4_XGBoost,572324,2018,3740000.0,2902738.5,837261.5
M4_XGBoost,572488,2018,456000.0,742310.875,-286310.875
M4_XGBoost,555929,2018,950000.0,1480932.625,-530932.625
M4_XGBoost,585226,2018,2050000.0,2348728.25,-298728.25
M4_XGBoost,610755,2018,2298100.0,1953260.5,344839.5
M4_XGBoost,546469,2018,800000.0,778102.8125,21897.1875
M4_XGBoost,606729,2018,2550000.0,2850071.5,-300071.5
M4_XGBoost,568993,2018,1700000.0,2717441.5,-1017441.5
M4_XGBoost,605951,2018,537500.0,1381152.625,-843652.625
M4_XGBoost,567397,2018,2295000.0,1589260.5,705739.5
M4_XGBoost,550313,2018,9996414.0,2303517.0,7692897.0
M4_XGBoost,594811,2018,4500000.0,3653486.25,846513.75
M4_XGBoost,569484,2018,2375000.0,2256622.5,118377.5
M4_XGBoost,603291,2018,950000.0,922202.25,27797.75
M4_XGBoost,598451,2018,2350000.0,1360531.0,989469.0
M4_XGBoost,549112,2018,2750000.0,2731388.75,18611.25
M4_XGBoost,614302,2018,1690000.0,1319664.5,370335.5
M4_XGBoost,577713,2018,1900000.0,3751411.0,-1851411.0
M4_XGBoost,558968,2018,1495000.0,965771.4375,529228.5625
M4_XGBoost,539868,2018,722500.0,824260.375,-101760.375
M4_XGBoost,562532,2018,1550000.0,983053.625,566946.375
M4_XGBoost,540735,2018,3900000.0,3186378.0,713622.0
M4_XGBoost,600409,2018,1595000.0,1489507.625,105492.375
M4_XGBoost,564141,2018,2696388.0,2817479.5,-121091.5
M4_XGBoost,549875,2018,1508500.0,1325615.625,182884.375
M4_XGBoost,590271,2018,2875000.0,3013940.75,-138940.75
M4_XGBoost,579401,2018,3848000.0,2971543.75,876456.25
M4_XGBoost,604030,2018,6225000.0,2417405.75,3807594.25
M4_XGBoost,574695,2018,3900000.0,3617112.0,282888.0
M4_XGBoost,586881,2018,486500.0,544050.125,-57550.125
M4_XGBoost,586818,2018,621771.0,838759.8125,-216988.8125
M4_XGBoost,551568,2018,1660000.0,1654332.375,5667.625
M4_XGBoost,557477,2018,750000.0,1850297.75,-1100297.75
M4_XGBoost,570054,2018,3200000.0,2483386.0,716614.0
M4_XGBoost,565161,2018,975000.0,681872.875,293127.125
M4_XGBoost,590407,2018,2600000.0,2566648.5,33351.5
M4_XGBoost,601827,2018,2000000.0,1297493.75,702506.25
M4_XGBoost,574628,2018,875000.0,567254.3125,307745.6875
M4_XGBoost,582545,2018,2667000.0,1723889.25,943110.75
M4_XGBoost,592424,2018,912500.0,1150017.875,-237517.875
M4_XGBoost,506931,2019,8133000.0,1987233.375,6145766.625
M4_XGBoost,522984,2019,1434000.0,1353732.25,80267.75
M4_XGBoost,463147,2019,1200000.0,1400274.75,-200274.75
M4_XGBoost,456513,2019,3065000.0,2602665.5,462334.5
M4_XGBoost,514941,2019,700000.0,879176.25,-179176.25
M4_XGBoost,473571,2019,3500000.0,2957585.75,542414.25
M4_XGBoost,465115,2019,1450000.0,1165278.5,284721.5
M4_XGBoost,473928,2019,365000.0,1101533.0,-736533.0
M4_XGBoost,525591,2019,3400000.0,2711322.0,688678.0
M4_XGBoost,491244,2019,4865000.0,2887398.75,1977601.25
M4_XGBoost,518840,2019,1790000.0,1236959.5,553040.5
M4_XGBoost,459277,2019,1499000.0,1301853.0,197147.0
M4_XGBoost,510744,2019,675000.0,715187.8125,-40187.8125
M4_XGBoost,533027,2019,4348679.0,2189109.25,2159569.75
M4_XGBoost,495239,2019,410000.0,596188.0625,-186188.0625
M4_XGBoost,485194,2019,1575000.0,1536682.75,38317.25
M4_XGBoost,466951,2019,300000.0,1667336.125,-1367336.125
M4_XGBoost,507100,2019,500000.0,498475.78125,1524.21875
M4_XGBoost,463489,2019,1670000.0,1527770.625,142229.375
M4_XGBoost,452411,2019,1250000.0,1408418.875,-158418.875
M4_XGBoost,490704,2019,2875000.0,2651188.0,223812.0
M4_XGBoost,515969,2019,1150000.0,1363102.5,-213102.5
M4_XGBoost,508212,2019,995000.0,678155.0,316845.0
M4_XGBoost,470884,2019,865000.0,977028.0,-112028.0
M4_XGBoost,519419,2019,1225000.0,1092893.0,132107.0
M4_XGBoost,534131,2019,820000.0,822654.375,-2654.375
M4_XGBoost,482867,2019,1530000.0,1120440.75,409559.25
M4_XGBoost,470902,2019,750000.0,1041240.8125,-291240.8125
M4_XGBoost,455937,2019,2750000.0,2182286.75,567713.25
M4_XGBoost,528552,2019,1050000.0,1084192.625,-34192.625
M4_XGBoost,512843,2019,1897500.0,1820816.0,76684.0
M4_XGBoost,524788,2019,400000.0,1841429.125,-1441429.125
M4_XGBoost,485875,2019,4100000.0,2379684.5,1720315.5
M4_XGBoost,455170,2019,1500000.0,1036562.375,463437.625
M4_XGBoost,486423,2019,2025000.0,1484113.75,540886.25
M4_XGBoost,523658,2019,670000.0,765318.0,-95318.0
M4_XGBoost,508717,2019,580000.0,873408.3125,-293408.3125
M4_XGBoost,483577,2019,1295000.0,1615894.25,-320894.25
M4_XGBoost,521108,2019,550000.0,1133446.0,-583446.0
M4_XGBoost,524795,2019,1945000.0,1523063.0,421937.0
M4_XGBoost,503653,2019,1655000.0,1288396.375,366603.625
M4_XGBoost,527612,2019,1295000.0,1184003.75,110996.25
M4_XGBoost,468339,2019,1195000.0,826694.5,368305.5
M4_XGBoost,516971,2019,825000.0,704904.75,120095.25
M4_XGBoost,508603,2019,1755000.0,1708830.375,46169.625
M4_XGBoost,460072,2019,1675000.0,1661285.625,13714.375
M4_XGBoost,506506,2019,2645000.0,742343.4375,1902656.5625
M4_XGBoost,520669,2019,1725000.0,1765293.625,-40293.625
M4_XGBoost,492322,2019,2550000.0,1273304.75,1276695.25
M4_XGBoost,496352,2019,4150000.0,3729106.75,420893.25
M4_XGBoost,502314,2019,1430000.0,1402175.0,27825.0
M4_XGBoost,510573,2019,2800000.0,2743099.0,56901.0
M4_XGBoost,458427,2019,6100000.0,2383716.25,3716283.75
M4_XGBoost,527439,2019,415000.0,637500.3125,-222500.3125
M4_XGBoost,530220,2019,1440000.0,1403897.0,36103.0
M4_XGBoost,451031,2019,2600000.0,3396358.5,-796358.5
M4_XGBoost,484839,2019,925000.0,991562.5625,-66562.5625
M4_XGBoost,511774,2019,3500000.0,2193769.75,1306230.25
M4_XGBoost,484615,2019,1540000.0,1275643.25,264356.75
M4_XGBoost,453565,2019,300000.0,472710.375,-172710.375
M4_XGBoost,495232,2019,5760000.0,5368480.0,391520.0
M4_XGBoost,521848,2019,1775000.0,1299987.0,475013.0
M4_XGBoost,495965,2019,2975000.0,3409560.5,-434560.5
M4_XGBoost,494654,2019,1785000.0,875263.5625,909736.4375
M4_XGBoost,516852,2019,1314000.0,1095802.75,218197.25
M4_XGBoost,457959,2019,800000.0,993509.625,-193509.625
M4_XGBoost,520727,2019,1340000.0,1356695.875,-16695.875
M4_XGBoost,452174,2019,4500000.0,4578711.5,-78711.5
M4_XGBoost,452420,2019,1678000.0,1213002.125,464997.875
M4_XGBoost,473902,2019,1095000.0,711023.0625,383976.9375
M4_XGBoost,460499,2019,1250000.0,1322948.25,-72948.25
M4_XGBoost,465638,2019,1685000.0,2015553.875,-330553.875
M4_XGBoost,474977,2019,7100000.0,5933922.5,1166077.5
M4_XGBoost,451264,2019,7550000.0,7173538.0,376462.0
M4_XGBoost,489059,2019,1325000.0,2517994.25,-1192994.25
M4_XGBoost,482008,2019,2550000.0,2216441.5,333558.5
M4_XGBoost,463835,2019,2335000.0,1013209.1875,1321790.8125
M4_XGBoost,517360,2019,6200000.0,2938664.0,3261336.0
M4_XGBoost,471846,2019,3400000.0,3997856.5,-597856.5
M4_XGBoost,484153,2019,1940000.0,1600694.5,339305.5
M4_XGBoost,517829,2019,1150000.0,860967.6875,289032.3125
M4_XGBoost,519036,2019,4700000.0,4507669.0,192331.0
M4_XGBoost,450816,2019,925000.0,950779.5,-25779.5
M4_XGBoost,476007,2019,360707.0,425200.96875,-64493.96875
M4_XGBoost,471689,2019,2300000.0,1684125.625,615874.375
M4_XGBoost,462571,2019,2500000.0,2075344.25,424655.75
M4_XGBoost,511514,2019,4750000.0,3985055.0,764945.0
M4_XGBoost,512168,2019,3850000.0,4130210.0,-280210.0
M4_XGBoost,513809,2019,4675000.0,5015425.5,-340425.5
M4_XGBoost,461428,2019,2800000.0,2525635.0,274365.0
M4_XGBoost,484422,2019,1825000.0,1202558.5,622441.5
M4_XGBoost,507265,2019,925000.0,1081243.625,-156243.625
M4_XGBoost,524932,2019,1495000.0,1431261.5,63738.5
M4_XGBoost,499632,2019,1818000.0,1017776.375,800223.625
M4_XGBoost,491684,2019,5050000.0,1753596.75,3296403.25
M4_XGBoost,451671,2019,2150000.0,2356889.0,-206889.0
M4_XGBoost,470736,2019,1450000.0,1818619.0,-368619.0
M4_XGBoost,512530,2019,855625.0,1509309.25,-653684.25
M4_XGBoost,501502,2019,4605000.0,2549364.75,2055635.25
M4_XGBoost,500860,2019,700000.0,648626.0625,51373.9375
M4_XGBoost,465586,2019,550000.0,678731.5,-128731.5
M4_XGBoost,496892,2019,1600000.0,1267609.0,332391.0
M4_XGBoost,518960,2019,2050000.0,2016849.875,33150.125
M4_XGBoost,501669,2019,1520000.0,1904484.625,-384484.625
M4_XGBoost,485502,2019,3550000.0,3622027.5,-72027.5
M4_XGBoost,513846,2019,2195000.0,2034033.375,160966.625
M4_XGBoost,464430,2019,670000.0,1035583.1875,-365583.1875
M4_XGBoost,470390,2019,4805000.0,4427229.0,377771.0
M4_XGBoost,521034,2019,1650000.0,818795.6875,831204.3125
M4_XGBoost,493972,2019,2060000.0,1451975.875,608024.125
M4_XGBoost,529347,2019,2875000.0,3215696.5,-340696.5
M4_XGBoost,509010,2019,815000.0,662400.6875,152599.3125
M4_XGBoost,500625,2019,550000.0,941172.5,-391172.5
M4_XGBoost,493654,2019,1500000.0,964080.0625,535919.9375
M4_XGBoost,475371,2019,4950000.0,3359999.0,1590001.0
M4_XGBoost,496666,2019,680000.0,821610.0625,-141610.0625
M4_XGBoost,462551,2019,3350000.0,2627998.5,722001.5
M4_XGBoost,509948,2019,2350000.0,1684157.75,665842.25
M4_XGBoost,501350,2019,3190000.0,3294671.25,-104671.25
M4_XGBoost,505498,2019,1695000.0,1651444.5,43555.5
M4_XGBoost,458169,2019,685000.0,528200.3125,156799.6875
M4_XGBoost,470961,2019,1325000.0,935972.0625,389027.9375
M4_XGBoost,474509,2019,1050000.0,1108551.625,-58551.625
M4_XGBoost,535024,2019,1062500.0,956617.6875,105882.3125
M4_XGBoost,521567,2019,3000000.0,2928723.5,71276.5
M4_XGBoost,524433,2019,985000.0,1297975.25,-312975.25
M4_XGBoost,524773,2019,800000.0,770196.5625,29803.4375
M4_XGBoost,477220,2019,1650000.0,1491935.875,158064.125
M4_XGBoost,478714,2019,4000000.0,668102.3125,3331897.6875
M4_XGBoost,466893,2019,1300000.0,1272342.125,27657.875
M4_XGBoost,499007,2019,3500000.0,2944631.25,555368.75
M4_XGBoost,465355,2019,1000000.0,1939385.75,-939385.75
M4_XGBoost,515614,2019,1599000.0,1430943.5,168056.5
M4_XGBoost,464393,2019,1400000.0,1829918.75,-429918.75
M4_XGBoost,517937,2019,9250000.0,7469037.0,1780963.0
M4_XGBoost,475453,2019,416500.0,687820.8125,-271320.8125
M4_XGBoost,457960,2019,495000.0,717267.6875,-222267.6875
M4_XGBoost,503160,2019,2295000.0,912066.9375,1382933.0625
M4_XGBoost,517970,2019,450000.0,1150939.5,-700939.5
M4_XGBoost,477334,2019,1175000.0,959887.4375,215112.5625
M4_XGBoost,534959,2019,2850000.0,1763568.875,1086431.125
M4_XGBoost,482836,2019,3000000.0,2895677.0,104323.0
M4_XGBoost,462745,2019,1650000.0,1774702.5,-124702.5
M4_XGBoost,479125,2019,665000.0,840825.3125,-175825.3125
M4_XGBoost,451445,2019,1900000.0,1040006.25,859993.75
M4_XGBoost,513178,2019,1900000.0,1697132.0,202868.0
M4_XGBoost,488351,2019,950000.0,786007.0625,163992.9375
M4_XGBoost,495049,2019,3400000.0,3186910.0,213090.0
M4_XGBoost,479395,2019,4440000.0,3952433.25,487566.75
M4_XGBoost,481014,2019,975000.0,1462996.875,-487996.875
M4_XGBoost,452958,2019,4700000.0,4411874.5,288125.5
M4_XGBoost,493553,2019,1607500.0,1274740.875,332759.125
M4_XGBoost,518330,2019,3000000.0,1710978.0,1289022.0
M4_XGBoost,457019,2019,725000.0,1046731.6875,-321731.6875
M4_XGBoost,464532,2019,3080000.0,1631860.625,1448139.375
M4_XGBoost,457764,2019,2365000.0,1132184.125,1232815.875
M4_XGBoost,479480,2019,1100000.0,748629.625,351370.375
M4_XGBoost,463998,2019,2700000.0,1061725.875,1638274.125
M4_XGBoost,508018,2019,4475000.0,4919422.5,-444422.5
M4_XGBoost,455902,2019,704200.0,940314.8125,-236114.8125
M4_XGBoost,531643,2019,810000.0,807215.3125,2784.6875
M4_XGBoost,508764,2019,545000.0,508229.8125,36770.1875
M4_XGBoost,511267,2019,1095000.0,1366594.75,-271594.75
M4_XGBoost,463287,2019,512500.0,835439.625,-322939.625
M4_XGBoost,452249,2019,3195000.0,2434969.75,760030.25
M4_XGBoost,451285,2019,1515000.0,1569105.625,-54105.625
M4_XGBoost,520942,2019,2500000.0,3230706.25,-730706.25
M4_XGBoost,469838,2019,375000.0,544886.6875,-169886.6875
M4_XGBoost,457703,2019,2600000.0,4654574.0,-2054574.0
M4_XGBoost,454094,2019,1700000.0,1599934.375,100065.625
M4_XGBoost,468431,2019,5695000.0,5379550.5,315449.5
M4_XGBoost,478287,2019,3000000.0,1510170.25,1489829.75
M4_XGBoost,492364,2019,1970000.0,2435236.75,-465236.75
M4_XGBoost,488787,2019,564500.0,1005356.0,-440856.0
M4_XGBoost,522605,2019,1000000.0,886523.125,113476.875
M4_XGBoost,529528,2019,7300000.0,4992895.5,2307104.5
M4_XGBoost,470078,2019,2675000.0,1272503.5,1402496.5
M4_XGBoost,512322,2019,1657500.0,1473144.375,184355.625
M4_XGBoost,511233,2019,1777918.0,1824372.25,-46454.25
M4_XGBoost,522377,2019,2795000.0,1596631.375,1198368.625
M4_XGBoost,493896,2019,1050000.0,1073452.625,-23452.625
M4_XGBoost,489691,2019,1450000.0,874414.25,575585.75
M4_XGBoost,531657,2019,4300000.0,4051877.5,248122.5
M4_XGBoost,527089,2019,4500000.0,1827975.625,2672024.375
M4_XGBoost,455431,2019,1850000.0,1506931.75,343068.25
M4_XGBoost,453746,2019,678000.0,572755.5,105244.5
M4_XGBoost,519976,2019,950000.0,925650.0625,24349.9375
M4_XGBoost,520930,2019,1000000.0,1214779.125,-214779.125
M4_XGBoost,467219,2019,2250000.0,2421095.0,-171095.0
M4_XGBoost,507156,2019,3600000.0,3093100.75,506899.25
M4_XGBoost,470002,2019,390000.0,688594.0,-298594.0
M4_XGBoost,471929,2019,2065000.0,2242919.0,-177919.0
M4_XGBoost,485698,2019,2750001.0,2657569.75,92431.25
M4_XGBoost,461818,2019,1625000.0,2276721.5,-651721.5
M4_XGBoost,459102,2019,2800000.0,1489759.125,1310240.875
M4_XGBoost,505815,2019,2000000.0,1656310.375,343689.625
M4_XGBoost,527140,2019,2125000.0,1542377.875,582622.125
M4_XGBoost,518642,2019,2495000.0,2227250.0,267750.0
M4_XGBoost,526744,2019,344337.0,661178.8125,-316841.8125
M4_XGBoost,513285,2019,3300000.0,4667317.5,-1367317.5
M4_XGBoost,514902,2019,625000.0,474099.125,150900.875
M4_XGBoost,484595,2019,838000.0,933993.4375,-95993.4375
M4_XGBoost,484983,2019,450000.0,1277414.5,-827414.5
M4_XGBoost,485230,2019,500000.0,1401608.125,-901608.125
M4_XGBoost,476503,2019,2750000.0,2396156.25,353843.75
M4_XGBoost,525962,2019,2070000.0,1897229.875,172770.125
M4_XGBoost,451931,2019,2395000.0,1660788.25,734211.75
M4_XGBoost,520794,2019,1200000.0,917949.25,282050.75
M4_XGBoost,534378,2019,8000000.0,2182403.25,5817596.75
M4_XGBoost,510067,2019,1380000.0,1133072.0,246928.0
M4_XGBoost,467830,2019,3000000.0,1691188.0,1308812.0
M4_XGBoost,491883,2019,535000.0,805293.8125,-270293.8125
M4_XGBoost,497325,2019,725000.0,773977.5625,-48977.5625
M4_XGBoost,473042,2019,4815000.0,1280622.5,3534377.5
M4_XGBoost,500166,2019,2995000.0,2135616.5,859383.5
M4_XGBoost,520690,2019,1875000.0,1774909.0,100091.0
M4_XGBoost,509838,2019,2298000.0,2158479.75,139520.25
M4_XGBoost,530665,2019,4695000.0,3628959.75,1066040.25
M4_XGBoost,481590,2019,941589.0,614790.0,326799.0
M4_XGBoost,513673,2019,1700000.0,1010792.5625,689207.4375
M4_XGBoost,532807,2019,645000.0,772049.8125,-127049.8125
M4_XGBoost,460851,2019,2200000.0,1731620.375,468379.625
M4_XGBoost,458057,2019,578000.0,545612.0625,32387.9375
M4_XGBoost,471444,2019,645000.0,926938.0625,-281938.0625
M4_XGBoost,470352,2019,1095000.0,795307.125,299692.875
M4_XGBoost,477234,2019,595000.0,1307307.25,-712307.25
M4_XGBoost,526312,2019,4000000.0,3077036.75,922963.25
M4_XGBoost,483633,2019,2495000.0,1437048.375,1057951.625
M4_XGBoost,465232,2019,399000.0,786754.0,-387754.0
M4_XGBoost,525709,2019,1075000.0,847810.4375,227189.5625
M4_XGBoost,458914,2019,1970000.0,1749130.625,220869.375
M4_XGBoost,519078,2019,1195000.0,1201476.375,-6476.375
M4_XGBoost,469104,2019,1512254.0,1507196.25,5057.75
M4_XGBoost,500062,2019,2745000.0,2278765.5,466234.5
M4_XGBoost,485391,2019,612000.0,598382.8125,13617.1875
M4_XGBoost,526616,2019,875000.0,1328819.125,-453819.125
M4_XGBoost,498275,2019,4500000.0,1561748.5,2938251.5
M4_XGBoost,453957,2019,4570000.0,3543877.75,1026122.25
M4_XGBoost,459750,2019,1795000.0,1063172.75,731827.25
M4_XGBoost,497703,2019,825000.0,919586.0,-94586.0
M4_XGBoost,456517,2019,1100000.0,1448864.875,-348864.875
M4_XGBoost,466341,2019,1095000.0,939052.1875,155947.8125
M4_XGBoost,519630,2019,5450000.0,5115873.0,334127.0
M4_XGBoost,494096,2019,1320000.0,996841.8125,323158.1875
M4_XGBoost,473028,2019,895000.0,1057775.125,-162775.125
M4_XGBoost,481939,2019,2750000.0,3026230.5,-276230.5
M4_XGBoost,497311,2019,500000.0,759234.8125,-259234.8125
M4_XGBoost,516752,2019,950000.0,1303066.5,-353066.5
M4_XGBoost,495967,2019,1850000.0,1398838.5,451161.5
M4_XGBoost,479853,2019,1950000.0,2304976.25,-354976.25
M4_XGBoost,484608,2019,1680000.0,2261610.0,-581610.0
M4_XGBoost,525042,2019,4000000.0,7742158.5,-3742158.5
M4_XGBoost,456094,2019,6200000.0,5496749.5,703250.5
M4_XGBoost,486956,2019,1300000.0,1521570.625,-221570.625
M4_XGBoost,452878,2019,3800000.0,2030560.25,1769439.75
M4_XGBoost,472504,2019,3595000.0,4043157.75,-448157.75
M4_XGBoost,532751,2019,875000.0,712430.125,162569.875
M4_XGBoost,505673,2019,930000.0,1189463.375,-259463.375
M4_XGBoost,534697,2019,1130000.0,677361.875,452638.125
M4_XGBoost,469387,2019,2623000.0,1973465.5,649534.5
M4_XGBoost,476968,2019,3200000.0,2980634.75,219365.25
M4_XGBoost,497745,2019,1280000.0,869322.3125,410677.6875
M4_XGBoost,462934,2019,2200000.0,1308487.25,891512.75
M4_XGBoost,490433,2019,5360000.0,5732053.0,-372053.0
M4_XGBoost,474286,2019,901000.0,880371.875,20628.125
M4_XGBoost,481084,2019,2625000.0,1977702.75,647297.25
M4_XGBoost,485936,2019,1605000.0,1576688.25,28311.75
M4_XGBoost,519735,2019,1750000.0,1951326.0,-201326.0
M4_XGBoost,467031,2019,925000.0,886871.5,38128.5
M4_XGBoost,469042,2019,787000.0,857363.3125,-70363.3125
M4_XGBoost,458661,2019,1505000.0,1386295.125,118704.875
M4_XGBoost,480548,2019,450000.0,751230.75,-301230.75
M4_XGBoost,506031,2019,4800000.0,5967370.5,-1167370.5
M4_XGBoost,502986,2019,2325000.0,3046227.25,-721227.25
M4_XGBoost,466076,2019,860000.0,795798.75,64201.25
M4_XGBoost,493805,2019,1656987.0,1593554.0,63433.0
M4_XGBoost,492219,2019,1825000.0,1375913.625,449086.375
M4_XGBoost,491571,2019,6300000.0,1568490.625,4731509.375
M4_XGBoost,476184,2019,2525000.0,2090466.75,434533.25
M4_XGBoost,497471,2019,1820000.0,1469228.625,350771.375
M4_XGBoost,473345,2019,3998000.0,2847262.25,1150737.75
M4_XGBoost,516404,2019,3350000.0,1264575.875,2085424.125
M4_XGBoost,516561,2019,4125000.0,3346937.75,778062.25
M4_XGBoost,483189,2019,1000000.0,998243.125,1756.875
M4_XGBoost,494124,2019,2377000.0,2345717.5,31282.5
M4_XGBoost,464703,2019,406250.0,1235024.0,-828774.0
M4_XGBoost,460128,2019,1195000.0,843400.0625,351599.9375
M4_XGBoost,535347,2019,3248500.0,823465.25,2425034.75
M4_XGBoost,470532,2019,790500.0,576630.875,213869.125
M4_XGBoost,490837,2019,3995000.0,2853604.25,1141395.75
M4_XGBoost,514940,2019,1770000.0,1359776.125,410223.875
M4_XGBoost,457438,2019,1045000.0,1165947.75,-120947.75
M4_XGBoost,522692,2019,1180000.0,1195423.5,-15423.5
M4_XGBoost,526566,2019,1420000.0,1210283.25,209716.75
M4_XGBoost,489622,2019,1875000.0,2473968.5,-598968.5
M4_XGBoost,479636,2019,1750000.0,1753590.125,-3590.125
M4_XGBoost,532742,2019,4190000.0,2950503.25,1239496.75
M4_XGBoost,512436,2019,3500000.0,6676252.0,-3176252.0
M4_XGBoost,507700,2019,5700000.0,4169166.75,1530833.25
M4_XGBoost,465914,2019,1140000.0,1234543.625,-94543.625
M4_XGBoost,452680,2019,765000.0,875657.625,-110657.625
M4_XGBoost,524205,2019,2344000.0,3504705.25,-1160705.25
M4_XGBoost,480877,2019,2145000.0,1678707.375,466292.625
M4_XGBoost,458598,2019,3100000.0,2680276.0,419724.0
M4_XGBoost,483187,2019,1066724.0,1482781.125,-416057.125
M4_XGBoost,494832,2019,970000.0,1034896.0625,-64896.0625
M4_XGBoost,502140,2019,520000.0,1133481.625,-613481.625
M4_XGBoost,449556,2019,1900000.0,1457041.625,442958.375
M4_XGBoost,459417,2019,5937500.0,576706.75,5360793.25
M4_XGBoost,490316,2019,1200000.0,1965505.5,-765505.5
M4_XGBoost,479223,2019,1325000.0,979761.875,345238.125
M4_XGBoost,532468,2019,2995000.0,2686909.75,308090.25
M4_XGBoost,460526,2019,664000.0,911784.25,-247784.25
M4_XGBoost,466866,2019,3615000.0,3372760.5,242239.5
M4_XGBoost,455032,2019,1550000.0,1360038.125,189961.875
M4_XGBoost,485892,2019,1385000.0,866909.8125,518090.1875
M4_XGBoost,518861,2019,425000.0,665400.5,-240400.5
M4_XGBoost,492338,2019,3780000.0,2040262.0,1739738.0
M4_XGBoost,454524,2019,6100000.0,3823274.75,2276725.25
M4_XGBoost,454977,2019,365000.0,660575.625,-295575.625
M4_XGBoost,483839,2019,495000.0,805356.8125,-310356.8125
M4_XGBoost,496767,2019,850000.0,1065739.0,-215739.0
M4_XGBoost,516921,2019,450000.0,581392.9375,-131392.9375
M4_XGBoost,460127,2019,2735000.0,2758127.25,-23127.25
M4_XGBoost,502973,2019,3500000.0,1666523.75,1833476.25
M4_XGBoost,479864,2019,365000.0,731385.25,-366385.25
M4_XGBoost,528636,2019,429279.0,1439514.5,-1010235.5
M4_XGBoost,469250,2019,4099000.0,4142031.75,-43031.75
M4_XGBoost,468027,2019,7195000.0,4825307.5,2369692.5
M4_XGBoost,474809,2019,600000.0,592085.25,7914.75
M4_XGBoost,463899,2019,1780000.0,1420994.5,359005.5
M4_XGBoost,526288,2019,1780000.0,1029312.1875,750687.8125
M4_XGBoost,506124,2019,4495000.0,3537694.75,957305.25
M4_XGBoost,532719,2019,3075000.0,2804462.0,270538.0
M4_XGBoost,483892,2019,350000.0,690137.0,-340137.0
M4_XGBoost,456029,2019,1250000.0,1561373.25,-311373.25
M4_XGBoost,498528,2019,1300000.0,1025127.1875,274872.8125
M4_XGBoost,467411,2019,655265.0,528345.375,126919.625
M4_XGBoost,474503,2019,650000.0,567913.5625,82086.4375
M4_XGBoost,452022,2019,930000.0,1040635.25,-110635.25
M4_XGBoost,529199,2019,385000.0,965470.3125,-580470.3125
M4_XGBoost,466358,2019,1825000.0,1434098.0,390902.0
M4_XGBoost,480052,2019,305000.0,579388.6875,-274388.6875
M4_XGBoost,515533,2019,3006000.0,2893639.75,112360.25
M4_XGBoost,466795,2019,2425000.0,2172676.25,252323.75
M4_XGBoost,529335,2019,1237500.0,1153471.125,84028.875
M4_XGBoost,480869,2019,550000.0,1275391.375,-725391.375
M4_XGBoost,449520,2019,3900000.0,999245.125,2900754.875
M4_XGBoost,464433,2019,3650000.0,3506156.25,143843.75
M4_XGBoost,529320,2019,2450000.0,1837702.875,612297.125
M4_XGBoost,530227,2019,1060000.0,965045.0,94955.0
M4_XGBoost,492750,2019,1535000.0,1652244.875,-117244.875
M4_XGBoost,519296,2019,4295000.0,3816826.5,478173.5
M4_XGBoost,471698,2019,815000.0,519072.375,295927.625
M4_XGBoost,518808,2019,2250000.0,1629869.875,620130.125
M4_XGBoost,453383,2019,1660000.0,949067.3125,710932.6875
M4_XGBoost,466200,2019,525000.0,927257.25,-402257.25
M4_XGBoost,533000,2019,3750000.0,1480184.25,2269815.75
M4_XGBoost,528046,2019,1589000.0,1780194.625,-191194.625
M4_XGBoost,480028,2019,2025000.0,2166562.0,-141562.0
M4_XGBoost,503174,2019,3875000.0,2991008.0,883992.0
M4_XGBoost,463082,2019,799000.0,703648.0625,95351.9375
M4_XGBoost,479888,2019,1700000.0,1912173.75,-212173.75
M4_XGBoost,484240,2019,2595000.0,2684443.25,-89443.25
M4_XGBoost,452175,2019,1445000.0,1126579.125,318420.875
M4_XGBoost,530330,2019,2500000.0,2190449.75,309550.25
M4_XGBoost,515164,2019,1850000.0,1684363.375,165636.625
M4_XGBoost,486201,2019,4765000.0,5097493.0,-332493.0
M4_XGBoost,484039,2019,2395000.0,1958092.875,436907.125
M4_XGBoost,491847,2019,1540000.0,1171371.0,368629.0
M4_XGBoost,493002,2019,610000.0,1063340.0,-453340.0
M4_XGBoost,459950,2019,1125000.0,1408581.5,-283581.5
M4_XGBoost,458336,2019,330000.0,440396.0,-110396.0
M4_XGBoost,480426,2019,1850000.0,1389860.125,460139.875
M4_XGBoost,493862,2019,625000.0,1141451.5,-516451.5
M4_XGBoost,494822,2019,1434136.0,1405937.625,28198.375
M4_XGBoost,511718,2019,9500000.0,6952844.5,2547155.5
M4_XGBoost,472710,2019,3375000.0,3356885.75,18114.25
M4_XGBoost,479514,2019,1705000.0,1082245.375,622754.625
M4_XGBoost,501172,2019,1300000.0,1733775.125,-433775.125
M4_XGBoost,461574,2019,1255000.0,1400540.5,-145540.5
M4_XGBoost,467912,2019,1295000.0,1304559.875,-9559.875
M4_XGBoost,468325,2019,1695000.0,1528070.75,166929.25
M4_XGBoost,533329,2019,2140000.0,1863958.125,276041.875
M4_XGBoost,535391,2019,450000.0,1021157.875,-571157.875
M4_XGBoost,524538,2019,2795000.0,1993379.5,801620.5
M4_XGBoost,504415,2019,3675000.0,2760356.25,914643.75
M4_XGBoost,449796,2019,6250000.0,4901809.0,1348191.0
M4_XGBoost,514826,2019,3150000.0,2652126.25,497873.75
M4_XGBoost,479237,2019,1845000.0,1534888.5,310111.5
M4_XGBoost,476122,2019,943460.0,1499302.875,-555842.875
M4_XGBoost,465310,2019,2980000.0,2676391.0,303609.0
M4_XGBoost,494831,2019,1500000.0,941610.625,558389.375
M4_XGBoost,461030,2019,1445000.0,1674347.25,-229347.25
M4_XGBoost,499481,2019,740000.0,862487.25,-122487.25
M4_XGBoost,499579,2019,655000.0,757583.5625,-102583.5625
M4_XGBoost,479903,2019,600000.0,604542.625,-4542.625
M4_XGBoost,469458,2019,1150000.0,1690547.75,-540547.75
M4_XGBoost,451517,2019,1183000.0,1306647.875,-123647.875
M4_XGBoost,475062,2019,1825000.0,2074717.0,-249717.0
M4_XGBoost,465063,2019,650000.0,789733.0625,-139733.0625
M4_XGBoost,506439,2019,500000.0,1137617.375,-637617.375
M4_XGBoost,461659,2019,1820000.0,2028626.625,-208626.625
M4_XGBoost,515799,2019,5995000.0,5350601.0,644399.0
M4_XGBoost,499118,2019,600000.0,621024.5625,-21024.5625
M4_XGBoost,523715,2019,1870000.0,1668470.25,201529.75
M4_XGBoost,520992,2019,1690000.0,1380515.25,309484.75
M4_XGBoost,451390,2019,1825000.0,2038515.375,-213515.375
M4_XGBoost,503005,2019,2323333.0,2587245.5,-263912.5
M4_XGBoost,506051,2019,5400000.0,3862587.75,1537412.25
M4_XGBoost,469069,2019,998000.0,1109545.75,-111545.75
M4_XGBoost,449525,2019,1050000.0,912588.0625,137411.9375
M4_XGBoost,457742,2019,1925000.0,1989596.25,-64596.25
M4_XGBoost,456304,2019,1540000.0,970010.125,569989.875
M4_XGBoost,521365,2019,2780000.0,3144843.75,-364843.75
M4_XGBoost,482991,2019,2250000.0,1740428.125,509571.875
M4_XGBoost,533422,2019,372811.0,441991.53125,-69180.53125
M4_XGBoost,510177,2019,3900000.0,1868297.0,2031703.0
M4_XGBoost,457292,2019,892500.0,769077.25,123422.75
M4_XGBoost,453377,2019,551500.0,882504.5,-331004.5
M4_XGBoost,530889,2019,1500000.0,1331918.75,168081.25
M4_XGBoost,469868,2019,2195000.0,2214846.0,-19846.0
M4_XGBoost,464395,2019,1995000.0,1707002.875,287997.125
M4_XGBoost,529084,2019,6835000.0,1301841.75,5533158.25
M4_XGBoost,493521,2019,900000.0,800479.9375,99520.0625
M4_XGBoost,495635,2019,4750000.0,4351406.0,398594.0
M4_XGBoost,486870,2019,6800000.0,4947699.5,1852300.5
M4_XGBoost,464728,2019,406250.0,1575875.0,-1169625.0
M4_XGBoost,478352,2019,3500000.0,1388957.75,2111042.25
M4_XGBoost,454037,2019,1360000.0,3058400.75,-1698400.75
M4_XGBoost,497982,2019,1200000.0,1226915.625,-26915.625
M4_XGBoost,516085,2019,5200000.0,5583678.0,-383678.0
M4_XGBoost,482790,2019,315000.0,473903.84375,-158903.84375
M4_XGBoost,528646,2019,550000.0,696953.5,-146953.5
M4_XGBoost,484299,2019,825000.0,1073600.0,-248600.0
M4_XGBoost,474034,2019,3500000.0,3397200.75,102799.25
M4_XGBoost,532811,2019,3900000.0,2303029.5,1596970.5
M4_XGBoost,504357,2019,1544000.0,2114485.25,-570485.25
M4_XGBoost,480406,2019,1475000.0,1712267.5,-237267.5
M4_XGBoost,475907,2019,1050000.0,1085777.75,-35777.75
M4_XGBoost,455344,2019,7000000.0,5429084.5,1570915.5
M4_XGBoost,461238,2019,3400000.0,1526921.375,1873078.625
M4_XGBoost,464050,2019,1745000.0,2342440.25,-597440.25
M4_XGBoost,469584,2019,4000000.0,779887.3125,3220112.6875
M4_XGBoost,504206,2019,2000000.0,1732124.125,267875.875
M4_XGBoost,451437,2019,2485000.0,2330290.25,154709.75
M4_XGBoost,526347,2019,3300000.0,3621202.0,-321202.0
M4_XGBoost,508366,2019,2300000.0,2012356.0,287644.0
M4_XGBoost,465703,2019,2546513.0,1502583.625,1043929.375
M4_XGBoost,497238,2019,1580000.0,1903246.375,-323246.375
M4_XGBoost,476047,2019,450000.0,814824.4375,-364824.4375
M4_XGBoost,455471,2019,4770000.0,1105852.625,3664147.375
M4_XGBoost,457407,2019,1800000.0,994934.6875,805065.3125
M4_XGBoost,527726,2019,1095000.0,1086176.5,8823.5
M4_XGBoost,468889,2019,2275000.0,1489983.5,785016.5
M4_XGBoost,524469,2019,920000.0,935899.75,-15899.75
M4_XGBoost,449810,2019,4300000.0,3214620.25,1085379.75
M4_XGBoost,505746,2019,1550000.0,977523.8125,572476.1875
M4_XGBoost,455172,2019,1750000.0,1052155.125,697844.875
M4_XGBoost,515982,2019,495000.0,758085.125,-263085.125
M4_XGBoost,491871,2019,4000000.0,670918.0625,3329081.9375
M4_XGBoost,452011,2019,2200000.0,1527932.375,672067.625
M4_XGBoost,495466,2019,2195000.0,2160458.75,34541.25
M4_XGBoost,462103,2019,420000.0,567363.5625,-147363.5625
M4_XGBoost,508486,2019,1330000.0,1282035.125,47964.875
M4_XGBoost,460133,2019,3150000.0,2676209.75,473790.25
M4_XGBoost,518541,2019,2995000.0,2247929.75,747070.25
M4_XGBoost,508681,2019,4235000.0,3391616.75,843383.25
M4_XGBoost,481916,2019,1600000.0,1364917.125,235082.875
M4_XGBoost,525594,2019,807500.0,1031978.75,-224478.75
M4_XGBoost,499383,2019,2225000.0,1545088.25,679911.75
M4_XGBoost,533393,2019,2250000.0,2117869.75,132130.25
M4_XGBoost,470571,2019,302589.0,562547.9375,-259958.9375
M4_XGBoost,460225,2019,2950000.0,1291316.625,1658683.375
M4_XGBoost,479185,2019,5800000.0,1158392.25,4641607.75
M4_XGBoost,481134,2019,1700000.0,2136453.75,-436453.75
M4_XGBoost,525395,2019,1193703.0,1455930.375,-262227.375
M4_XGBoost,521319,2019,3253000.0,1077523.375,2175476.625
M4_XGBoost,471135,2019,1525000.0,1199355.125,325644.875
M4_XGBoost,504419,2019,1215000.0,1180098.875,34901.125
M4_XGBoost,489685,2019,750000.0,1422236.375,-672236.375
M4_XGBoost,534281,2019,765000.0,1152147.5,-387147.5
M4_XGBoost,485630,2019,820000.0,663455.1875,156544.8125
M4_XGBoost,523637,2019,1800000.0,1541954.375,258045.625
M4_XGBoost,482186,2019,1395000.0,1702340.375,-307340.375
M4_XGBoost,470703,2019,2430000.0,2135926.25,294073.75
M4_XGBoost,508675,2019,755000.0,1379846.625,-624846.625
M4_XGBoost,521064,2019,1000000.0,1494358.0,-494358.0
M4_XGBoost,467876,2019,1250000.0,1211069.5,38930.5
M4_XGBoost,511468,2019,3000000.0,2707601.25,292398.75
M4_XGBoost,487379,2019,3800000.0,3325030.5,474969.5
M4_XGBoost,466019,2019,3125000.0,2541914.25,583085.75
M4_XGBoost,510620,2019,3800000.0,2412509.5,1387490.5
M4_XGBoost,508100,2019,2150000.0,2235476.75,-85476.75
M4_XGBoost,454885,2019,2500000.0,2312707.0,187293.0
M4_XGBoost,456082,2019,1400000.0,1416416.0,-16416.0
M4_XGBoost,518734,2019,1998000.0,1524500.25,473499.75
M4_XGBoost,530036,2019,2800000.0,1930233.75,869766.25
M4_XGBoost,503854,2019,2900000.0,2145081.5,754918.5
M4_XGBoost,530525,2019,900000.0,1018877.6875,-118877.6875
M4_XGBoost,500212,2019,865000.0,1050613.0,-185613.0
M4_XGBoost,462644,2019,1112000.0,2172989.25,-1060989.25
M4_XGBoost,477688,2019,2249000.0,2238239.25,10760.75
M4_XGBoost,493243,2019,800000.0,728153.875,71846.125
M4_XGBoost,461701,2019,1550000.0,2058879.625,-508879.625
M4_XGBoost,485527,2019,1400000.0,2188535.0,-788535.0
M4_XGBoost,451088,2019,13250000.0,8179626.5,5070373.5
M4_XGBoost,516282,2019,1700000.0,1508355.25,191644.75
M4_XGBoost,485034,2019,485000.0,913199.25,-428199.25
M4_XGBoost,471934,2019,1675000.0,1114183.75,560816.25
M4_XGBoost,494901,2019,3300000.0,2625826.5,674173.5
M4_XGBoost,511126,2019,435000.0,1428708.625,-993708.625
M4_XGBoost,464472,2019,670000.0,612627.375,57372.625
M4_XGBoost,491491,2019,2650000.0,2996624.0,-346624.0
M4_XGBoost,488308,2019,7895000.0,4789081.0,3105919.0
M4_XGBoost,482582,2019,1425000.0,1407833.375,17166.625
M4_XGBoost,476343,2019,6400000.0,2481674.25,3918325.75
M4_XGBoost,534080,2019,3900000.0,3102341.75,797658.25
M4_XGBoost,459210,2019,2000000.0,2869807.25,-869807.25
M4_XGBoost,526272,2019,1595000.0,1005281.1875,589718.8125
M4_XGBoost,500407,2019,1250000.0,1171924.0,78076.0
M4_XGBoost,500828,2019,1500000.0,1453971.125,46028.875
M4_XGBoost,500933,2019,2060000.0,2189211.5,-129211.5
M4_XGBoost,465609,2019,290000.0,540313.3125,-250313.3125
M4_XGBoost,464658,2019,406250.0,1235024.0,-828774.0
M4_XGBoost,457160,2019,1450000.0,1327120.875,122879.125
M4_XGBoost,481354,2019,10455000.0,2616223.0,7838777.0
M4_XGBoost,472373,2019,3390000.0,2895135.75,494864.25
M4_XGBoost,457623,2019,4195000.0,3236346.5,958653.5
M4_XGBoost,472323,2019,1450000.0,1143001.5,306998.5
M4_XGBoost,471321,2019,845000.0,904211.6875,-59211.6875
M4_XGBoost,502019,2019,1800000.0,1794165.5,5834.5
M4_XGBoost,533348,2019,2600000.0,1112589.0,1487411.0
M4_XGBoost,515350,2019,2070000.0,2405947.5,-335947.5
M4_XGBoost,466861,2019,2800000.0,2014844.75,785155.25
M4_XGBoost,497736,2019,1600000.0,1895580.375,-295580.375
M4_XGBoost,451627,2019,552500.0,573448.5,-20948.5
M4_XGBoost,492702,2019,5000000.0,2319870.75,2680129.25
M4_XGBoost,476212,2019,6400000.0,2481674.25,3918325.75
M4_XGBoost,506638,2019,2355000.0,1916846.125,438153.875
M4_XGBoost,526211,2019,625000.0,699878.8125,-74878.8125
M4_XGBoost,532414,2019,4850000.0,5144396.0,-294396.0
M4_XGBoost,526014,2019,5700000.0,1751058.25,3948941.75
M4_XGBoost,520158,2019,722246.0,887490.0,-165244.0
M4_XGBoost,512329,2019,3500000.0,3790708.0,-290708.0
M4_XGBoost,456126,2019,2383334.0,2104549.0,278785.0
M4_XGBoost,532934,2019,2900000.0,2170561.75,729438.25
M4_XGBoost,461628,2019,437500.0,667975.5,-230475.5
M4_XGBoost,495252,2019,608036.0,1076318.75,-468282.75
M4_XGBoost,504656,2019,500000.0,686698.75,-186698.75
M4_XGBoost,501895,2019,2215000.0,2223135.25,-8135.25
M4_XGBoost,523672,2019,2375000.0,1172176.625,1202823.375
M4_XGBoost,462435,2019,1200000.0,1379855.75,-179855.75
M4_XGBoost,526748,2019,1298000.0,639005.625,658994.375
M4_XGBoost,455784,2019,500000.0,729921.25,-229921.25
M4_XGBoost,449890,2019,1000000.0,1177938.875,-177938.875
M4_XGBoost,456791,2019,3995000.0,2841598.25,1153401.75
M4_XGBoost,468674,2019,2800000.0,1824823.0,975177.0
M4_XGBoost,497230,2019,895000.0,1126824.125,-231824.125
M4_XGBoost,473188,2019,5049888.0,4393903.0,655985.0
M4_XGBoost,464857,2019,2450000.0,1929591.375,520408.625
M4_XGBoost,510480,2019,1650000.0,3049802.75,-1399802.75
M4_XGBoost,455508,2019,6950000.0,4268618.0,2681382.0
M4_XGBoost,481695,2019,1450000.0,1011135.75,438864.25
M4_XGBoost,509601,2019,2300000.0,2290435.0,9565.0
M4_XGBoost,486022,2019,1660000.0,1565730.25,94269.75
M4_XGBoost,517794,2019,1725000.0,1659115.0,65885.0
M4_XGBoost,492297,2019,2000000.0,996054.0,1003946.0
M4_XGBoost,510009,2019,1350000.0,1355163.5,-5163.5
M4_XGBoost,513799,2019,3952000.0,5030088.0,-1078088.0
M4_XGBoost,474915,2019,2197000.0,2347210.0,-150210.0
M4_XGBoost,512538,2019,5995000.0,3702349.0,2292651.0
M4_XGBoost,467472,2019,935000.0,1124256.5,-189256.5
M4_XGBoost,458271,2019,1650000.0,2400923.25,-750923.25
M4_XGBoost,509657,2019,1000000.0,1301650.625,-301650.625
M4_XGBoost,510192,2019,4020000.0,2896734.75,1123265.25
M4_XGBoost,461257,2019,950000.0,1181214.75,-231214.75
M4_XGBoost,458459,2019,2258000.0,4588560.0,-2330560.0
M4_XGBoost,525028,2019,560000.0,777570.1875,-217570.1875
M4_XGBoost,474941,2019,1195000.0,1182580.75,12419.25
M4_XGBoost,468221,2019,1095000.0,985732.9375,109267.0625
M4_XGBoost,471653,2019,5090000.0,2961661.5,2128338.5
M4_XGBoost,505478,2019,1350000.0,1723049.375,-373049.375
M4_XGBoost,510558,2019,277454.0,551633.5625,-274179.5625
M4_XGBoost,525969,2019,1798000.0,1182810.875,615189.125
M4_XGBoost,494917,2019,775000.0,1076429.625,-301429.625
M4_XGBoost,526810,2019,650000.0,644747.4375,5252.5625
M4_XGBoost,450300,2019,400000.0,918682.25,-518682.25
M4_XGBoost,463133,2019,1300000.0,1309105.125,-9105.125
M4_XGBoost,463680,2019,895000.0,1265404.625,-370404.625
M4_XGBoost,489014,2019,1120000.0,991460.4375,128539.5625
M4_XGBoost,480574,2019,1635000.0,1541308.875,93691.125
M4_XGBoost,498551,2019,1485000.0,1937721.875,-452721.875
M4_XGBoost,457271,2019,3100000.0,2887734.75,212265.25
M4_XGBoost,449404,2019,2195000.0,1410996.125,784003.875
M4_XGBoost,535443,2019,1680000.0,2485132.0,-805132.0
M4_XGBoost,466986,2019,2516080.0,4337480.5,-1821400.5
M4_XGBoost,463860,2019,1045000.0,1611021.125,-566021.125
M4_XGBoost,467080,2019,1640000.0,1620341.625,19658.375
M4_XGBoost,527909,2019,2996000.0,2264711.5,731288.5
M4_XGBoost,455756,2019,1695000.0,1147062.625,547937.375
M4_XGBoost,479547,2019,850000.0,976279.125,-126279.125
M4_XGBoost,456215,2019,1787500.0,1404908.25,382591.75
M4_XGBoost,533739,2019,1053220.0,949028.375,104191.625
M4_XGBoost,502500,2019,1460000.0,1020133.875,439866.125
M4_XGBoost,449443,2019,800000.0,1203895.375,-403895.375
M4_XGBoost,493274,2019,5215000.0,5171529.5,43470.5
M4_XGBoost,484201,2019,1730000.0,1264984.75,465015.25
M4_XGBoost,495772,2019,1870000.0,1201635.75,668364.25
M4_XGBoost,470460,2019,1828000.0,8475902.0,-6647902.0
M4_XGBoost,459008,2019,1550000.0,1330252.0,219748.0
M4_XGBoost,452737,2019,1375000.0,1114005.25,260994.75
M4_XGBoost,490152,2019,2450000.0,2097624.25,352375.75
M4_XGBoost,492582,2019,1535000.0,1270879.625,264120.375
M4_XGBoost,494844,2019,1700000.0,799896.125,900103.875
M4_XGBoost,467722,2019,900000.0,790267.25,109732.75
M4_XGBoost,456587,2019,1985000.0,1108975.625,876024.375
M4_XGBoost,475641,2019,2475000.0,2093393.5,381606.5
M4_XGBoost,495708,2019,2250000.0,1212371.875,1037628.125
M4_XGBoost,532754,2019,975000.0,1671676.375,-696676.375
M4_XGBoost,451998,2019,2250000.0,2000998.125,249001.875
M4_XGBoost,496451,2019,2600000.0,1591824.0,1008176.0
M4_XGBoost,454153,2019,3135000.0,2733374.25,401625.75
M4_XGBoost,505126,2019,4825000.0,4333842.0,491158.0
M4_XGBoost,506358,2019,2750000.0,1103052.0,1646948.0
M4_XGBoost,471909,2019,3145000.0,2844434.25,300565.75
M4_XGBoost,498319,2019,340000.0,1068257.5,-728257.5
M4_XGBoost,507341,2019,2800000.0,2186428.0,613572.0
M4_XGBoost,483615,2019,850000.0,976415.0625,-126415.0625
M4_XGBoost,514988,2019,1250000.0,1393836.875,-143836.875
M4_XGBoost,518273,2019,2475000.0,2096130.375,378869.625
M4_XGBoost,465256,2019,1395000.0,925375.5625,469624.4375
M4_XGBoost,523759,2019,7000000.0,5833174.0,1166826.0
M4_XGBoost,483899,2019,1295000.0,1208864.375,86135.625
M4_XGBoost,525593,2019,700000.0,1360808.75,-660808.75
M4_XGBoost,452488,2019,2127000.0,1388265.125,738734.875
M4_XGBoost,480193,2019,3000000.0,2147056.75,852943.25
M4_XGBoost,532095,2019,2760000.0,1021219.1875,1738780.8125
M4_XGBoost,480187,2019,1600000.0,1198734.125,401265.875
M4_XGBoost,469476,2019,1855000.0,1581982.375,273017.625
M4_XGBoost,491208,2019,1660000.0,1080886.875,579113.125
M4_XGBoost,493501,2019,1230000.0,1264204.5,-34204.5
M4_XGBoost,513355,2019,440000.0,717662.5,-277662.5
M4_XGBoost,455836,2019,718600.0,851182.25,-132582.25
M4_XGBoost,475300,2019,2750000.0,2276808.5,473191.5
M4_XGBoost,485989,2019,1895000.0,1899009.25,-4009.25
M4_XGBoost,462299,2019,696511.0,1734817.125,-1038306.125
M4_XGBoost,525482,2019,350000.0,2049689.375,-1699689.375
M4_XGBoost,481219,2019,2142000.0,1599222.0,542778.0
M4_XGBoost,469714,2019,3200000.0,2294781.75,905218.25
M4_XGBoost,520681,2019,7450000.0,4934853.5,2515146.5
M4_XGBoost,509008,2019,895000.0,566916.8125,328083.1875
M4_XGBoost,464687,2019,406250.0,1575875.0,-1169625.0
M4_XGBoost,512183,2019,1100000.0,923609.625,176390.375
M4_XGBoost,458165,2019,295000.0,1480914.25,-1185914.25
M4_XGBoost,502388,2019,6550000.0,7856553.5,-1306553.5
M4_XGBoost,489546,2019,320000.0,520105.03125,-200105.03125
M4_XGBoost,501406,2019,1795000.0,1830505.125,-35505.125
M4_XGBoost,491014,2019,493000.0,529889.5,-36889.5
M4_XGBoost,501726,2019,6000000.0,1059442.0,4940558.0
M4_XGBoost,468987,2019,1200000.0,1402588.25,-202588.25
M4_XGBoost,511950,2019,1315000.0,1695323.5,-380323.5
M4_XGBoost,505745,2019,10100000.0,9470154.0,629846.0
M4_XGBoost,488740,2019,610000.0,1261467.0,-651467.0
M4_XGBoost,511486,2019,1650000.0,1716389.125,-66389.125
M4_XGBoost,508640,2019,1285000.0,859105.875,425894.125
M4_XGBoost,477489,2019,3495000.0,1188118.75,2306881.25
M4_XGBoost,479129,2019,595000.0,1390027.125,-795027.125
M4_XGBoost,527094,2019,1800000.0,2146415.75,-346415.75
M4_XGBoost,482573,2019,445000.0,636975.875,-191975.875
M4_XGBoost,450558,2019,660000.0,938609.875,-278609.875
M4_XGBoost,533491,2019,3385000.0,2570205.25,814794.75
M4_XGBoost,503202,2019,3300000.0,3332449.5,-32449.5
M4_XGBoost,529058,2019,2015000.0,1123093.875,891906.125
M4_XGBoost,502661,2019,1900000.0,2311708.25,-411708.25
M4_XGBoost,472923,2019,1800000.0,2262343.5,-462343.5
M4_XGBoost,487225,2019,5200000.0,3954212.75,1245787.25
M4_XGBoost,535263,2019,915000.0,1158523.625,-243523.625
M4_XGBoost,451961,2019,500000.0,987717.5,-487717.5
M4_XGBoost,467710,2019,1450000.0,958678.9375,491321.0625
M4_XGBoost,455450,2019,1475000.0,1684924.0,-209924.0
M4_XGBoost,502788,2019,2495000.0,1587595.625,907404.375
M4_XGBoost,526114,2019,1830000.0,1424584.75,405415.25
M4_XGBoost,483061,2019,3750000.0,3364080.5,385919.5
M4_XGBoost,517488,2019,500000.0,766172.4375,-266172.4375
M4_XGBoost,514076,2019,1390000.0,1182195.125,207804.875
M4_XGBoost,499050,2019,1360000.0,2522070.25,-1162070.25
M4_XGBoost,475293,2019,2425000.0,2169593.25,255406.75
M4_XGBoost,485932,2019,2600000.0,2826991.25,-226991.25
M4_XGBoost,449557,2019,1825000.0,1932191.5,-107191.5
M4_XGBoost,488807,2019,890000.0,871026.0,18974.0
M4_XGBoost,518090,2019,1895000.0,1454040.5,440959.5
M4_XGBoost,497232,2019,2950000.0,2680552.0,269448.0
M4_XGBoost,533456,2019,1550000.0,1794841.5,-244841.5
M4_XGBoost,505261,2019,1250000.0,1023817.0,226183.0
M4_XGBoost,531343,2019,1122155.0,894412.25,227742.75
M4_XGBoost,535379,2019,655000.0,873366.625,-218366.625
M4_XGBoost,495384,2019,2995000.0,3081294.75,-86294.75
M4_XGBoost,518377,2019,1550000.0,1647318.625,-97318.625
M4_XGBoost,481218,2019,3200000.0,3760738.75,-560738.75
M4_XGBoost,415824,2020,1579000.0,1044841.6875,534158.3125
M4_XGBoost,387522,2020,1680000.0,1289186.625,390813.375
M4_XGBoost,444782,2020,3500000.0,3437531.0,62469.0
M4_XGBoost,430086,2020,2570000.0,2418849.5,151150.5
M4_XGBoost,365487,2020,1400000.0,1090799.0,309201.0
M4_XGBoost,429061,2020,1635000.0,1927976.375,-292976.375
M4_XGBoost,415625,2020,7000000.0,5981198.5,1018801.5
M4_XGBoost,398319,2020,1460000.0,893628.75,566371.25
M4_XGBoost,438294,2020,3195000.0,2583175.0,611825.0
M4_XGBoost,407135,2020,395000.0,356238.1875,38761.8125
M4_XGBoost,425788,2020,3400000.0,2600030.75,799969.25
M4_XGBoost,417618,2020,1100000.0,803100.375,296899.625
M4_XGBoost,416939,2020,2175000.0,1452435.625,722564.375
M4_XGBoost,401689,2020,705000.0,1583336.25,-878336.25
M4_XGBoost,362149,2020,6191000.0,1424588.875,4766411.125
M4_XGBoost,394398,2020,1665000.0,1366464.5,298535.5
M4_XGBoost,421589,2020,860000.0,957609.875,-97609.875
M4_XGBoost,411421,2020,2200000.0,681266.4375,1518733.5625
M4_XGBoost,394095,2020,6700000.0,4587348.0,2112652.0
M4_XGBoost,425034,2020,1025000.0,1225916.75,-200916.75
M4_XGBoost,431009,2020,775000.0,557622.6875,217377.3125
M4_XGBoost,357954,2020,1385000.0,1556758.125,-171758.125
M4_XGBoost,388659,2020,1150000.0,1001182.4375,148817.5625
M4_XGBoost,430225,2020,525000.0,798017.9375,-273017.9375
M4_XGBoost,370247,2020,1425000.0,1045881.5,379118.5
M4_XGBoost,384432,2020,3375000.0,2827991.75,547008.25
M4_XGBoost,348886,2020,7650000.0,4255939.5,3394060.5
M4_XGBoost,369739,2020,2995000.0,2275968.25,719031.75
M4_XGBoost,408488,2020,2422500.0,1963585.125,458914.875
M4_XGBoost,435618,2020,3315000.0,1568538.5,1746461.5
M4_XGBoost,429641,2020,1950000.0,1540458.0,409542.0
M4_XGBoost,386555,2020,4600000.0,2048255.125,2551744.875
M4_XGBoost,375874,2020,2350000.0,2058033.5,291966.5
M4_XGBoost,358121,2020,995000.0,1223724.25,-228724.25
M4_XGBoost,387787,2020,7300000.0,3349396.5,3950603.5
M4_XGBoost,381723,2020,3975000.0,3610357.25,364642.75
M4_XGBoost,375083,2020,5800000.0,4172106.0,1627894.0
M4_XGBoost,347905,2020,2598000.0,1632403.875,965596.125
M4_XGBoost,355163,2020,520000.0,857196.5625,-337196.5625
M4_XGBoost,425642,2020,2895000.0,2809098.0,85902.0
M4_XGBoost,406198,2020,1325000.0,622587.125,702412.875
M4_XGBoost,422094,2020,1785000.0,1685428.625,99571.375
M4_XGBoost,396723,2020,1800000.0,1572504.625,227495.375
M4_XGBoost,353455,2020,5250000.0,3321696.25,1928303.75
M4_XGBoost,346125,2020,295000.0,1100107.25,-805107.25
M4_XGBoost,407665,2020,850000.0,874039.875,-24039.875
M4_XGBoost,352225,2020,1550000.0,1659749.625,-109749.625
M4_XGBoost,414416,2020,3200000.0,2708017.0,491983.0
M4_XGBoost,389397,2020,7200000.0,3793880.0,3406120.0
M4_XGBoost,437089,2020,875000.0,3609279.75,-2734279.75
M4_XGBoost,399700,2020,3799000.0,3502586.75,296413.25
M4_XGBoost,420867,2020,5800000.0,3524299.25,2275700.75
M4_XGBoost,390204,2020,1978000.0,1648717.5,329282.5
M4_XGBoost,360196,2020,1995000.0,1837562.625,157437.375
M4_XGBoost,413686,2020,5000000.0,1463022.0,3536978.0
M4_XGBoost,444556,2020,4325000.0,3251551.75,1073448.25
M4_XGBoost,359781,2020,2800000.0,1052430.125,1747569.875
M4_XGBoost,352328,2020,1450000.0,1523991.5,-73991.5
M4_XGBoost,371355,2020,1700000.0,1366328.875,333671.125
M4_XGBoost,412452,2020,7950000.0,2776519.25,5173480.75
M4_XGBoost,377747,2020,2525000.0,2638760.0,-113760.0
M4_XGBoost,439300,2020,2222222.0,1963306.125,258915.875
M4_XGBoost,348869,2020,3350000.0,3350805.5,-805.5
M4_XGBoost,349472,2020,1350000.0,552992.5625,797007.4375
M4_XGBoost,445519,2020,2000000.0,1939594.75,60405.25
M4_XGBoost,381177,2020,835000.0,862090.875,-27090.875
M4_XGBoost,367510,2020,1750000.0,1598360.5,151639.5
M4_XGBoost,356017,2020,2880000.0,1728551.5,1151448.5
M4_XGBoost,357176,2020,1380000.0,974658.625,405341.375
M4_XGBoost,430827,2020,1495000.0,1357895.75,137104.25
M4_XGBoost,441964,2020,2250000.0,1966861.25,283138.75
M4_XGBoost,438802,2020,3700000.0,2373311.5,1326688.5
M4_XGBoost,403879,2020,1020000.0,863312.625,156687.375
M4_XGBoost,350433,2020,2400000.0,1910952.375,489047.625
M4_XGBoost,421430,2020,1355000.0,1307276.125,47723.875
M4_XGBoost,424550,2020,395000.0,777491.625,-382491.625
M4_XGBoost,444734,2020,1795000.0,1029880.6875,765119.3125
M4_XGBoost,412430,2020,3150000.0,3008014.0,141986.0
M4_XGBoost,354876,2020,1147938.0,1170788.0,-22850.0
M4_XGBoost,438507,2020,950000.0,995827.0,-45827.0
M4_XGBoost,426320,2020,2422300.0,689050.5625,1733249.4375
M4_XGBoost,367421,2020,2930000.0,1649456.625,1280543.375
M4_XGBoost,376541,2020,650000.0,636383.875,13616.125
M4_XGBoost,363667,2020,6050000.0,1682895.75,4367104.25
M4_XGBoost,375603,2020,2795000.0,3357378.75,-562378.75
M4_XGBoost,424262,2020,1649000.0,1318314.75,330685.25
M4_XGBoost,376180,2020,1400000.0,1744299.75,-344299.75
M4_XGBoost,398410,2020,3298000.0,2108054.25,1189945.75
M4_XGBoost,417604,2020,1900000.0,1362507.25,537492.75
M4_XGBoost,372732,2020,2080000.0,1189226.375,890773.625
M4_XGBoost,404664,2020,2252500.0,3302227.25,-1049727.25
M4_XGBoost,347082,2020,1400000.0,1261838.875,138161.125
M4_XGBoost,432012,2020,2762032.0,647913.25,2114118.75
M4_XGBoost,395240,2020,1530000.0,903056.9375,626943.0625
M4_XGBoost,391168,2020,1798000.0,1626546.875,171453.125
M4_XGBoost,441785,2020,2900000.0,2981553.0,-81553.0
M4_XGBoost,406667,2020,2357000.0,938622.375,1418377.625
M4_XGBoost,405042,2020,1105000.0,1082429.0,22571.0
M4_XGBoost,348543,2020,850000.0,631777.8125,218222.1875
M4_XGBoost,400703,2020,1335000.0,695347.5,639652.5
M4_XGBoost,383722,2020,1595000.0,1359891.5,235108.5
M4_XGBoost,396240,2020,1800000.0,2562637.5,-762637.5
M4_XGBoost,368949,2020,3235000.0,3189673.75,45326.25
M4_XGBoost,412797,2020,4570000.0,3916401.5,653598.5
M4_XGBoost,446042,2020,1215000.0,1203646.25,11353.75
M4_XGBoost,410981,2020,400000.0,652706.0,-252706.0
M4_XGBoost,379989,2020,450000.0,861852.5,-411852.5
M4_XGBoost,387370,2020,1200000.0,1278023.75,-78023.75
M4_XGBoost,362145,2020,298000.0,423976.0625,-125976.0625
M4_XGBoost,424196,2020,2240000.0,1578316.0,661684.0
M4_XGBoost,396237,2020,3000000.0,1703727.375,1296272.625
M4_XGBoost,395726,2020,1695000.0,1906339.875,-211339.875
M4_XGBoost,426859,2020,3100000.0,2149041.75,950958.25
M4_XGBoost,374815,2020,2990000.0,2437474.25,552525.75
M4_XGBoost,362911,2020,1595000.0,1545577.5,49422.5
M4_XGBoost,444533,2020,2080000.0,2012576.75,67423.25
M4_XGBoost,381888,2020,655000.0,642119.3125,12880.6875
M4_XGBoost,404965,2020,1912500.0,2140126.5,-227626.5
M4_XGBoost,360445,2020,2250000.0,1994432.875,255567.125
M4_XGBoost,419445,2020,775000.0,1204770.625,-429770.625
M4_XGBoost,357474,2020,2350000.0,1139711.0,1210289.0
M4_XGBoost,438679,2020,1065000.0,944002.3125,120997.6875
M4_XGBoost,378876,2020,4550000.0,3157107.25,1392892.75
M4_XGBoost,413473,2020,1935000.0,1498843.875,436156.125
M4_XGBoost,373366,2020,18950000.0,1899175.875,17050824.125
M4_XGBoost,392465,2020,4800000.0,1592133.625,3207866.375
M4_XGBoost,391489,2020,1700000.0,780966.5,919033.5
M4_XGBoost,350379,2020,5420000.0,4194087.25,1225912.75
M4_XGBoost,390728,2020,272655.0,623164.5,-350509.5
M4_XGBoost,442421,2020,650000.0,545263.0,104737.0
M4_XGBoost,426398,2020,2925000.0,1451723.875,1473276.125
M4_XGBoost,418935,2020,4900000.0,2302427.75,2597572.25
M4_XGBoost,351224,2020,945000.0,1015939.6875,-70939.6875
M4_XGBoost,348318,2020,1275000.0,1522033.5,-247033.5
M4_XGBoost,372995,2020,416500.0,524397.75,-107897.75
M4_XGBoost,435088,2020,260000.0,552674.625,-292674.625
M4_XGBoost,408011,2020,3995000.0,2297238.5,1697761.5
M4_XGBoost,386011,2020,1100000.0,1152033.25,-52033.25
M4_XGBoost,442829,2020,5995000.0,4385923.5,1609076.5
M4_XGBoost,421784,2020,6650000.0,3966378.0,2683622.0
M4_XGBoost,415804,2020,3398000.0,2399900.0,998100.0
M4_XGBoost,353539,2020,2325000.0,1220436.5,1104563.5
M4_XGBoost,441881,2020,886160.0,970219.1875,-84059.1875
M4_XGBoost,396283,2020,3470000.0,2213705.75,1256294.25
M4_XGBoost,390120,2020,1550000.0,1570578.75,-20578.75
M4_XGBoost,447125,2020,1875000.0,1663711.5,211288.5
M4_XGBoost,347900,2020,3150000.0,2764444.75,385555.25
M4_XGBoost,441146,2020,925000.0,671736.25,253263.75
M4_XGBoost,410614,2020,1400000.0,891458.1875,508541.8125
M4_XGBoost,411511,2020,2750000.0,2650189.5,99810.5
M4_XGBoost,347678,2020,525000.0,676053.75,-151053.75
M4_XGBoost,402155,2020,1050000.0,1616899.25,-566899.25
M4_XGBoost,413567,2020,2000000.0,977405.4375,1022594.5625
M4_XGBoost,378533,2020,2245000.0,2457990.75,-212990.75
M4_XGBoost,354344,2020,3425000.0,2179622.5,1245377.5
M4_XGBoost,445847,2020,995000.0,1084982.875,-89982.875
M4_XGBoost,370031,2020,750000.0,540616.9375,209383.0625
M4_XGBoost,416838,2020,1300000.0,969422.875,330577.125
M4_XGBoost,378648,2020,2245000.0,2290845.75,-45845.75
M4_XGBoost,386696,2020,995000.0,775608.3125,219391.6875
M4_XGBoost,440409,2020,730000.0,1285878.75,-555878.75
M4_XGBoost,447498,2020,1520000.0,1703623.375,-183623.375
M4_XGBoost,384704,2020,535000.0,1725892.875,-1190892.875
M4_XGBoost,385701,2020,980000.0,1361424.0,-381424.0
M4_XGBoost,427219,2020,1560000.0,1243787.25,316212.75
M4_XGBoost,359267,2020,2160000.0,1581996.0,578004.0
M4_XGBoost,407733,2020,4395000.0,4762387.0,-367387.0
M4_XGBoost,421303,2020,825000.0,993922.8125,-168922.8125
M4_XGBoost,420654,2020,1098000.0,1097040.75,959.25
M4_XGBoost,436634,2020,285000.0,770305.3125,-485305.3125
M4_XGBoost,405024,2020,1925000.0,1340556.125,584443.875
M4_XGBoost,403274,2020,4100000.0,2540857.5,1559142.5
M4_XGBoost,378836,2020,8500000.0,4086317.5,4413682.5
M4_XGBoost,347981,2020,2805000.0,1054096.5,1750903.5
M4_XGBoost,360098,2020,1200000.0,2376774.5,-1176774.5
M4_XGBoost,438820,2020,1500000.0,1157115.875,342884.125
M4_XGBoost,376588,2020,1975000.0,1644549.75,330450.25
M4_XGBoost,376269,2020,2000000.0,1715497.25,284502.75
M4_XGBoost,382273,2020,2675000.0,2140677.75,534322.25
M4_XGBoost,418358,2020,995000.0,1182030.5,-187030.5
M4_XGBoost,365334,2020,2710000.0,2038818.75,671181.25
M4_XGBoost,403446,2020,915000.0,868690.75,46309.25
M4_XGBoost,369644,2020,1850000.0,2394557.0,-544557.0
M4_XGBoost,377902,2020,2600000.0,1681729.375,918270.625
M4_XGBoost,400432,2020,2362000.0,2103754.5,258245.5
M4_XGBoost,365701,2020,1175000.0,824285.5,350714.5
M4_XGBoost,400269,2020,810000.0,814101.3125,-4101.3125
M4_XGBoost,438843,2020,8250000.0,6762420.0,1487580.0
M4_XGBoost,397476,2020,2175000.0,2103746.5,71253.5
M4_XGBoost,426528,2020,675000.0,633858.6875,41141.3125
M4_XGBoost,394517,2020,1795000.0,1413517.375,381482.625
M4_XGBoost,377277,2020,1075000.0,1873096.0,-798096.0
M4_XGBoost,391345,2020,2350000.0,1570172.875,779827.125
M4_XGBoost,375734,2020,3150000.0,3011909.25,138090.75
M4_XGBoost,362086,2020,1955000.0,1330993.0,624007.0
M4_XGBoost,361691,2020,3050000.0,3304303.25,-254303.25
M4_XGBoost,418950,2020,1850000.0,1622693.625,227306.375
M4_XGBoost,420188,2020,1390000.0,1236700.0,153300.0
M4_XGBoost,415636,2020,950000.0,739972.0,210028.0
M4_XGBoost,426765,2020,1800000.0,1318163.875,481836.125
M4_XGBoost,357080,2020,2345000.0,1562328.0,782672.0
M4_XGBoost,368616,2020,1285000.0,925198.1875,359801.8125
M4_XGBoost,443310,2020,1975000.0,1563781.375,411218.625
M4_XGBoost,377194,2020,1255000.0,988224.4375,266775.5625
M4_XGBoost,445019,2020,6150000.0,1310465.375,4839534.625
M4_XGBoost,405644,2020,600000.0,972698.375,-372698.375
M4_XGBoost,364775,2020,5800000.0,3192580.25,2607419.75
M4_XGBoost,376053,2020,287408.0,591016.1875,-303608.1875
M4_XGBoost,392940,2020,1325000.0,816841.9375,508158.0625
M4_XGBoost,412433,2020,1087500.0,1631487.25,-543987.25
M4_XGBoost,350743,2020,1069000.0,720520.8125,348479.1875
M4_XGBoost,408729,2020,4500000.0,1233784.375,3266215.625
M4_XGBoost,431229,2020,1483900.0,1171471.5,312428.5
M4_XGBoost,379272,2020,625000.0,772554.3125,-147554.3125
M4_XGBoost,376205,2020,1500000.0,1236900.5,263099.5
M4_XGBoost,379236,2020,995000.0,1027789.8125,-32789.8125
M4_XGBoost,438839,2020,350000.0,560652.0,-210652.0
M4_XGBoost,359506,2020,3500000.0,1288390.25,2211609.75
M4_XGBoost,414328,2020,550000.0,905419.75,-355419.75
M4_XGBoost,445703,2020,4875000.0,3859222.5,1015777.5
M4_XGBoost,363197,2020,2265000.0,1704632.625,560367.375
M4_XGBoost,388259,2020,7995000.0,2081645.75,5913354.25
M4_XGBoost,398051,2020,2105000.0,2847881.5,-742881.5
M4_XGBoost,427528,2020,1795000.0,1141352.375,653647.625
M4_XGBoost,398547,2020,1250000.0,773298.8125,476701.1875
M4_XGBoost,404987,2020,2242500.0,905166.8125,1337333.1875
M4_XGBoost,444219,2020,2950000.0,2714450.0,235550.0
M4_XGBoost,353072,2020,1795000.0,2566776.0,-771776.0
M4_XGBoost,401293,2020,3050000.0,3220223.0,-170223.0
M4_XGBoost,357845,2020,2995000.0,2358357.0,636643.0
M4_XGBoost,393604,2020,1825000.0,1230053.125,594946.875
M4_XGBoost,384567,2020,393402.0,742766.1875,-349364.1875
M4_XGBoost,385714,2020,4500000.0,3360864.25,1139135.75
M4_XGBoost,346329,2020,6900000.0,6283264.5,616735.5
M4_XGBoost,350883,2020,1700000.0,1181886.25,518113.75
M4_XGBoost,361703,2020,5695000.0,4140637.5,1554362.5
M4_XGBoost,393129,2020,1665000.0,1043396.875,621603.125
M4_XGBoost,439200,2020,1405000.0,849297.0,555703.0
M4_XGBoost,352209,2020,4118217.0,3025284.0,1092933.0
M4_XGBoost,393128,2020,1907170.0,2557186.0,-650016.0
M4_XGBoost,350540,2020,4600000.0,1602840.75,2997159.25
M4_XGBoost,414045,2020,1395000.0,1275306.25,119693.75
M4_XGBoost,364132,2020,286778.0,771717.0625,-484939.0625
M4_XGBoost,375598,2020,3300000.0,1786054.625,1513945.375
M4_XGBoost,385941,2020,3000000.0,1670986.125,1329013.875
M4_XGBoost,385019,2020,3000000.0,2186626.25,813373.75
M4_XGBoost,373354,2020,1125000.0,919848.25,205151.75
M4_XGBoost,422182,2020,1000000.0,1940910.375,-940910.375
M4_XGBoost,365144,2020,1345000.0,1173043.375,171956.625
M4_XGBoost,367857,2020,2575000.0,2129551.75,445448.25
M4_XGBoost,357124,2020,340000.0,631222.5625,-291222.5625
M4_XGBoost,421554,2020,845000.0,890942.3125,-45942.3125
M4_XGBoost,422120,2020,2950000.0,2583140.5,366859.5
M4_XGBoost,439012,2020,745000.0,737809.4375,7190.5625
M4_XGBoost,385025,2020,1230000.0,797852.0625,432147.9375
M4_XGBoost,407148,2020,1800000.0,586633.3125,1213366.6875
M4_XGBoost,369200,2020,525000.0,450045.4375,74954.5625
M4_XGBoost,435363,2020,2295000.0,1350763.625,944236.375
M4_XGBoost,369336,2020,2395000.0,1127722.875,1267277.125
M4_XGBoost,431640,2020,2550000.0,2177245.75,372754.25
M4_XGBoost,382162,2020,3195000.0,3284106.0,-89106.0
M4_XGBoost,368735,2020,1875000.0,1688448.375,186551.625
M4_XGBoost,426671,2020,1350000.0,1444824.875,-94824.875
M4_XGBoost,416172,2020,1250000.0,1117036.25,132963.75
M4_XGBoost,422076,2020,2000000.0,1445447.75,554552.25
M4_XGBoost,347660,2020,2750000.0,2208444.75,541555.25
M4_XGBoost,433111,2020,2295000.0,2584508.0,-289508.0
M4_XGBoost,392691,2020,315000.0,532273.5,-217273.5
M4_XGBoost,349817,2020,1000000.0,829606.4375,170393.5625
M4_XGBoost,396002,2020,1950000.0,1684448.5,265551.5
M4_XGBoost,420204,2020,3600000.0,3649697.5,-49697.5
M4_XGBoost,442679,2020,1850000.0,2403241.5,-553241.5
M4_XGBoost,430455,2020,800000.0,912005.1875,-112005.1875
M4_XGBoost,356851,2020,7250000.0,5212975.0,2037025.0
M4_XGBoost,359169,2020,1145000.0,1079373.625,65626.375
M4_XGBoost,442830,2020,3575000.0,2630634.0,944366.0
M4_XGBoost,427437,2020,760000.0,711269.25,48730.75
M4_XGBoost,437185,2020,1275000.0,1400493.75,-125493.75
M4_XGBoost,424415,2020,2000000.0,1867276.375,132723.625
M4_XGBoost,346551,2020,2523000.0,2139555.0,383445.0
M4_XGBoost,406540,2020,5310000.0,3357423.75,1952576.25
M4_XGBoost,352530,2020,1750000.0,1129616.25,620383.75
M4_XGBoost,410245,2020,2945000.0,2240266.0,704734.0
M4_XGBoost,401520,2020,1950000.0,1515074.875,434925.125
M4_XGBoost,391331,2020,1925000.0,544240.0625,1380759.9375
M4_XGBoost,389667,2020,295000.0,354683.53125,-59683.53125
M4_XGBoost,442008,2020,2525000.0,2271668.25,253331.75
M4_XGBoost,379271,2020,1600000.0,1647757.0,-47757.0
M4_XGBoost,357374,2020,5095000.0,3783546.25,1311453.75
M4_XGBoost,375955,2020,380000.0,1377620.5,-997620.5
M4_XGBoost,359924,2020,1535000.0,1568881.125,-33881.125
M4_XGBoost,430444,2020,4500000.0,2448356.5,2051643.5
M4_XGBoost,447964,2020,977500.0,697322.5,280177.5
M4_XGBoost,369709,2020,645000.0,739552.9375,-94552.9375
M4_XGBoost,388877,2020,825000.0,487342.5,337657.5
M4_XGBoost,436810,2020,1200000.0,829238.625,370761.375
M4_XGBoost,375367,2020,1800000.0,1861034.5,-61034.5
M4_XGBoost,408873,2020,2480000.0,2606406.25,-126406.25
M4_XGBoost,359784,2020,1750000.0,1914098.625,-164098.625
M4_XGBoost,390646,2020,930000.0,495090.21875,434909.78125
M4_XGBoost,440373,2020,525000.0,783703.9375,-258703.9375
M4_XGBoost,355021,2020,700000.0,784558.625,-84558.625
M4_XGBoost,420624,2020,475000.0,845696.3125,-370696.3125
M4_XGBoost,360893,2020,2675000.0,2171491.25,503508.75
M4_XGBoost,425683,2020,2475000.0,1191344.5,1283655.5
M4_XGBoost,449099,2020,1395000.0,1929733.125,-534733.125
M4_XGBoost,422393,2020,2199000.0,1857208.375,341791.625
M4_XGBoost,362934,2020,1559749.0,921799.5,637949.5
M4_XGBoost,360033,2020,2500000.0,1185806.125,1314193.875
M4_XGBoost,400763,2020,1000000.0,1170511.125,-170511.125
M4_XGBoost,441628,2020,2000000.0,666539.9375,1333460.0625
M4_XGBoost,420605,2020,850000.0,831223.5625,18776.4375
M4_XGBoost,348320,2020,1825000.0,1511952.875,313047.125
M4_XGBoost,366003,2020,6250000.0,4915066.0,1334934.0
M4_XGBoost,396056,2020,1250000.0,1095546.75,154453.25
M4_XGBoost,407808,2020,2298000.0,1663007.125,634992.875
M4_XGBoost,445016,2020,5745000.0,2711764.25,3033235.75
M4_XGBoost,428847,2020,1500000.0,1197793.625,302206.375
M4_XGBoost,357431,2020,2500000.0,1809267.125,690732.875
M4_XGBoost,438040,2020,3900000.0,3522165.5,377834.5
M4_XGBoost,369066,2020,1650000.0,1691738.0,-41738.0
M4_XGBoost,423829,2020,1805000.0,2012801.25,-207801.25
M4_XGBoost,361991,2020,1700000.0,1951934.625,-251934.625
M4_XGBoost,416843,2020,2100000.0,1834631.375,265368.625
M4_XGBoost,347648,2020,3025000.0,2669134.0,355866.0
M4_XGBoost,421033,2020,1850000.0,1381686.125,468313.875
M4_XGBoost,380299,2020,4875000.0,3671229.25,1203770.75
M4_XGBoost,411203,2020,2250000.0,1994238.875,255761.125
M4_XGBoost,396313,2020,742970.0,923238.0,-180268.0
M4_XGBoost,369997,2020,2675000.0,2264312.0,410688.0
M4_XGBoost,379671,2020,1250000.0,1299539.5,-49539.5
M4_XGBoost,429692,2020,3800000.0,2847026.0,952974.0
M4_XGBoost,371323,2020,970000.0,839233.5,130766.5
M4_XGBoost,434031,2020,3350000.0,2673378.25,676621.75
M4_XGBoost,405002,2020,2422500.0,1138227.25,1284272.75
M4_XGBoost,371672,2020,350000.0,1065632.25,-715632.25
M4_XGBoost,437067,2020,8500000.0,11248532.0,-2748532.0
M4_XGBoost,406362,2020,675000.0,684178.8125,-9178.8125
M4_XGBoost,359626,2020,5285000.0,3317163.0,1967837.0
M4_XGBoost,390856,2020,2000000.0,1776231.5,223768.5
M4_XGBoost,349125,2020,1600000.0,1441546.375,158453.625
M4_XGBoost,345448,2020,2675000.0,1195470.25,1479529.75
M4_XGBoost,373424,2020,4500000.0,3561149.25,938850.75
M4_XGBoost,417270,2020,1650000.0,1294018.875,355981.125
M4_XGBoost,440760,2020,16800000.0,4297180.5,12502819.5
M4_XGBoost,378477,2020,795000.0,656703.875,138296.125
M4_XGBoost,439538,2020,2275000.0,1806760.0,468240.0
M4_XGBoost,417161,2020,12800000.0,6229144.0,6570856.0
M4_XGBoost,348542,2020,1350000.0,1161583.75,188416.25
M4_XGBoost,351187,2020,2362500.0,927275.8125,1435224.1875
M4_XGBoost,403456,2020,825000.0,843453.125,-18453.125
M4_XGBoost,394374,2020,900000.0,971792.5,-71792.5
M4_XGBoost,391770,2020,1550000.0,2120129.0,-570129.0
M4_XGBoost,402653,2020,565000.0,891906.3125,-326906.3125
M4_XGBoost,415596,2020,1300000.0,1274124.625,25875.375
M4_XGBoost,444298,2020,1345000.0,1008898.1875,336101.8125
M4_XGBoost,373180,2020,600000.0,601565.25,-1565.25
M4_XGBoost,402355,2020,1000000.0,784986.0,215014.0
M4_XGBoost,448475,2020,1700000.0,1848911.25,-148911.25
M4_XGBoost,386405,2020,2850000.0,2612351.25,237648.75
M4_XGBoost,402676,2020,1250000.0,961748.5,288251.5
M4_XGBoost,447261,2020,655000.0,936047.0625,-281047.0625
M4_XGBoost,430062,2020,1600000.0,1883499.75,-283499.75
M4_XGBoost,410097,2020,2387500.0,1935570.25,451929.75
M4_XGBoost,383360,2020,630032.0,478506.5625,151525.4375
M4_XGBoost,353610,2020,3998000.0,1840977.875,2157022.125
M4_XGBoost,432414,2020,1800000.0,1521982.75,278017.25
M4_XGBoost,439733,2020,791000.0,820443.375,-29443.375
M4_XGBoost,435491,2020,2450000.0,1837746.625,612253.375
M4_XGBoost,349058,2020,2800000.0,3028095.5,-228095.5
M4_XGBoost,372638,2020,525000.0,384763.1875,140236.8125
M4_XGBoost,402417,2020,3434000.0,2374402.5,1059597.5
M4_XGBoost,401552,2020,795000.0,779892.5,15107.5
M4_XGBoost,379277,2020,1130000.0,723951.625,406048.375
M4_XGBoost,354165,2020,1000000.0,2138135.5,-1138135.5
M4_XGBoost,375806,2020,1070000.0,805808.5625,264191.4375
M4_XGBoost,345547,2020,1795000.0,1786679.875,8320.125
M4_XGBoost,393849,2020,595000.0,1182709.375,-587709.375
M4_XGBoost,424885,2020,955000.0,1371599.375,-416599.375
M4_XGBoost,368319,2020,910000.0,1343748.375,-433748.375
M4_XGBoost,371097,2020,1150000.0,749310.3125,400689.6875
M4_XGBoost,371755,2020,280000.0,571364.3125,-291364.3125
M4_XGBoost,424390,2020,320000.0,428357.28125,-108357.28125
M4_XGBoost,360956,2020,3487817.0,1097172.625,2390644.375
M4_XGBoost,362891,2020,2675000.0,2263448.5,411551.5
M4_XGBoost,385270,2020,2000000.0,3122856.25,-1122856.25
M4_XGBoost,413482,2020,2800000.0,3960802.5,-1160802.5
M4_XGBoost,438388,2020,2250000.0,1732533.75,517466.25
M4_XGBoost,439545,2020,925000.0,848417.875,76582.125
M4_XGBoost,385247,2020,578000.0,966456.9375,-388456.9375
M4_XGBoost,443475,2020,1450000.0,1177368.375,272631.625
M4_XGBoost,448593,2020,955000.0,1324430.25,-369430.25
M4_XGBoost,397177,2020,1100000.0,1172653.0,-72653.0
M4_XGBoost,407172,2020,2350000.0,1780799.125,569200.875
M4_XGBoost,354777,2020,1475000.0,1654837.375,-179837.375
M4_XGBoost,407188,2020,3700000.0,3360037.5,339962.5
M4_XGBoost,380656,2020,2495000.0,1914754.125,580245.875
M4_XGBoost,367886,2020,1850000.0,1360424.625,489575.375
M4_XGBoost,372026,2020,995000.0,638929.4375,356070.5625
M4_XGBoost,419133,2020,475000.0,681787.6875,-206787.6875
M4_XGBoost,390237,2020,4495000.0,3408747.75,1086252.25
M4_XGBoost,392052,2020,1200000.0,846831.875,353168.125
M4_XGBoost,434859,2020,510000.0,485378.1875,24621.8125
M4_XGBoost,403898,2020,5375000.0,4405546.5,969453.5
M4_XGBoost,396958,2020,3250000.0,2536896.25,713103.75
M4_XGBoost,354726,2020,3922500.0,3113138.75,809361.25
M4_XGBoost,414212,2020,1150000.0,1141721.5,8278.5
M4_XGBoost,397624,2020,1095000.0,1335984.5,-240984.5
M4_XGBoost,395369,2020,590000.0,819427.625,-229427.625
M4_XGBoost,376627,2020,2900000.0,2804865.75,95134.25
M4_XGBoost,369089,2020,1883000.0,2067852.625,-184852.625
M4_XGBoost,387521,2020,3095000.0,2892423.0,202577.0
M4_XGBoost,351753,2020,7675000.0,4852479.0,2822521.0
M4_XGBoost,382172,2020,795000.0,666518.3125,128481.6875
M4_XGBoost,365082,2020,8200000.0,4420259.5,3779740.5
M4_XGBoost,441841,2020,4750000.0,2152695.0,2597305.0
M4_XGBoost,384554,2020,4400000.0,2120503.25,2279496.75
M4_XGBoost,377006,2020,1275000.0,754939.5625,520060.4375
M4_XGBoost,399565,2020,2625000.0,4154596.25,-1529596.25
M4_XGBoost,361238,2020,770500.0,722017.625,48482.375
M4_XGBoost,377859,2020,1430000.0,1397622.5,32377.5
M4_XGBoost,411968,2020,2870000.0,3157559.0,-287559.0
M4_XGBoost,397189,2020,600000.0,599954.75,45.25
M4_XGBoost,413075,2020,643925.0,808188.1875,-164263.1875
M4_XGBoost,434978,2020,2200000.0,1907864.0,292136.0
M4_XGBoost,364275,2020,15000000.0,7006962.0,7993038.0
M4_XGBoost,417663,2020,1075000.0,1604483.25,-529483.25
M4_XGBoost,355070,2020,1700000.0,2154985.25,-454985.25
M4_XGBoost,347863,2020,1095000.0,792521.625,302478.375
M4_XGBoost,412628,2020,425000.0,698712.4375,-273712.4375
M4_XGBoost,415014,2020,1100000.0,1513052.0,-413052.0
M4_XGBoost,396968,2020,1200000.0,1005305.1875,194694.8125
M4_XGBoost,387128,2020,3850000.0,2419112.5,1430887.5
M4_XGBoost,402381,2020,18525000.0,3284300.0,15240700.0
M4_XGBoost,408154,2020,2450000.0,2043420.375,406579.625
M4_XGBoost,392029,2020,2000000.0,2424808.25,-424808.25
M4_XGBoost,438749,2020,995000.0,1292042.125,-297042.125
M4_XGBoost,352252,2020,3800000.0,2839756.25,960243.75
M4_XGBoost,446565,2020,800000.0,770805.75,29194.25
M4_XGBoost,359235,2020,1550000.0,1477827.375,72172.625
M4_XGBoost,443602,2020,475000.0,996923.5625,-521923.5625
M4_XGBoost,424046,2020,1495000.0,1260003.75,234996.25
M4_XGBoost,431398,2020,800000.0,1081257.0,-281257.0
M4_XGBoost,416239,2020,405000.0,335908.46875,69091.53125
M4_XGBoost,353692,2020,1595000.0,1508038.75,86961.25
M4_XGBoost,435011,2020,2030000.0,1651039.875,378960.125
M4_XGBoost,449059,2020,5150000.0,2882190.75,2267809.25
M4_XGBoost,424547,2020,395000.0,610241.3125,-215241.3125
M4_XGBoost,426164,2020,3300000.0,3195053.5,104946.5
M4_XGBoost,447287,2020,605000.0,772253.75,-167253.75
M4_XGBoost,424158,2020,2195000.0,1896229.5,298770.5
M4_XGBoost,444562,2020,901500.0,876482.25,25017.75
M4_XGBoost,371956,2020,1198000.0,1452557.5,-254557.5
M4_XGBoost,446024,2020,1410000.0,1913478.125,-503478.125
M4_XGBoost,419200,2020,3645000.0,3577549.75,67450.25
M4_XGBoost,389963,2020,3900000.0,3758849.0,141151.0
M4_XGBoost,425064,2020,1350000.0,846884.375,503115.625
M4_XGBoost,367238,2020,387345.0,1384507.5,-997162.5
M4_XGBoost,354072,2020,1595000.0,1614637.25,-19637.25
M4_XGBoost,411406,2020,1450000.0,1413587.5,36412.5
M4_XGBoost,348823,2020,1940000.0,1562922.625,377077.375
M4_XGBoost,380676,2020,9850000.0,5846267.0,4003733.0
M4_XGBoost,427054,2020,2295000.0,2057896.125,237103.875
M4_XGBoost,430582,2020,325000.0,894390.125,-569390.125
M4_XGBoost,361372,2020,1348000.0,968585.625,379414.375
M4_XGBoost,416090,2020,1600000.0,2534686.0,-934686.0
M4_XGBoost,410046,2020,1465000.0,1045327.0625,419672.9375
M4_XGBoost,433230,2020,1745000.0,1263274.125,481725.875
M4_XGBoost,429450,2020,1375000.0,1355466.0,19534.0
M4_XGBoost,419127,2020,1800000.0,1165882.125,634117.875
M4_XGBoost,435552,2020,2950000.0,1897396.25,1052603.75
M4_XGBoost,417107,2020,1335000.0,1113338.375,221661.625
M4_XGBoost,415668,2020,3330000.0,3269110.0,60890.0
M4_XGBoost,395648,2020,3320000.0,2394490.75,925509.25
M4_XGBoost,426020,2020,2322500.0,1944931.25,377568.75
M4_XGBoost,369108,2020,7250000.0,7900892.0,-650892.0
M4_XGBoost,363413,2020,1300000.0,1091246.375,208753.625
M4_XGBoost,427507,2020,2595000.0,2300136.5,294863.5
M4_XGBoost,354829,2020,2033000.0,1717451.75,315548.25
M4_XGBoost,364984,2020,4950000.0,3766585.75,1183414.25
M4_XGBoost,428560,2020,2395000.0,2110715.75,284284.25
M4_XGBoost,354014,2020,956000.0,1937775.5,-981775.5
M4_XGBoost,355385,2020,1500000.0,1896450.125,-396450.125
M4_XGBoost,445536,2020,7370000.0,1426403.75,5943596.25
M4_XGBoost,413357,2020,851000.0,672122.6875,178877.3125
M4_XGBoost,398218,2020,6000000.0,3953767.75,2046232.25
M4_XGBoost,384990,2020,1550000.0,1056163.375,493836.625
M4_XGBoost,436284,2020,995000.0,1458185.625,-463185.625
M4_XGBoost,362231,2020,3367820.0,2593760.0,774060.0
M4_XGBoost,345720,2020,2995000.0,2189073.75,805926.25
M4_XGBoost,405360,2020,3050000.0,1565180.875,1484819.125
M4_XGBoost,360277,2020,5291129.0,3022509.75,2268619.25
M4_XGBoost,413045,2020,900000.0,913790.75,-13790.75
M4_XGBoost,367062,2020,1925000.0,1495850.875,429149.125
M4_XGBoost,371158,2020,3745000.0,2496889.0,1248111.0
M4_XGBoost,431821,2020,620000.0,809226.3125,-189226.3125
M4_XGBoost,346301,2020,3200000.0,1210563.75,1989436.25
M4_XGBoost,417005,2020,2448000.0,2404408.25,43591.75
M4_XGBoost,403271,2020,3495000.0,2083031.875,1411968.125
M4_XGBoost,430378,2020,4125000.0,3555065.25,569934.75
M4_XGBoost,415240,2020,1540000.0,1588178.625,-48178.625
M4_XGBoost,421400,2020,2200000.0,1054332.75,1145667.25
M4_XGBoost,365911,2020,800000.0,1191401.375,-391401.375
M4_XGBoost,429293,2020,1340000.0,1113616.5,226383.5
M4_XGBoost,350048,2020,1470000.0,1293292.25,176707.75
M4_XGBoost,399973,2020,15500000.0,12962993.0,2537007.0
M4_XGBoost,385496,2020,1125000.0,1271791.375,-146791.375
M4_XGBoost,385834,2020,1400000.0,1838062.125,-438062.125
M4_XGBoost,408307,2020,1900000.0,1236314.375,663685.625
M4_XGBoost,365481,2020,1950000.0,974523.8125,975476.1875
M4_XGBoost,443553,2020,1145000.0,1004223.3125,140776.6875
M4_XGBoost,383922,2020,1585000.0,1351773.875,233226.125
M4_XGBoost,404702,2020,960000.0,1498862.5,-538862.5
M4_XGBoost,374971,2020,1800000.0,1357618.625,442381.375
M4_XGBoost,385104,2020,3995000.0,3703949.0,291051.0
M4_XGBoost,358648,2020,2200000.0,1675850.5,524149.5
M4_XGBoost,362598,2020,1050000.0,743150.1875,306849.8125
M4_XGBoost,409754,2020,595000.0,1372922.5,-777922.5
M4_XGBoost,432628,2020,2195000.0,1465298.0,729702.0
M4_XGBoost,427935,2020,1495000.0,1496692.75,-1692.75
M4_XGBoost,369696,2020,2900000.0,2075474.875,824525.125
M4_XGBoost,393241,2020,2650000.0,2290018.0,359982.0
M4_XGBoost,413811,2020,4295000.0,2516532.25,1778467.75
M4_XGBoost,387373,2020,2125000.0,1022958.125,1102041.875
M4_XGBoost,355157,2020,4775000.0,4187628.5,587371.5
M4_XGBoost,444318,2020,2700000.0,1834057.625,865942.375
M4_XGBoost,440399,2020,1500000.0,1224044.125,275955.875
M4_XGBoost,428247,2020,1425000.0,983175.5,441824.5
M4_XGBoost,401396,2020,256248.0,628746.625,-372498.625
M4_XGBoost,361531,2020,5400000.0,2697065.75,2702934.25
M4_XGBoost,385283,2020,330000.0,408828.28125,-78828.28125
M4_XGBoost,367052,2020,1000000.0,1241133.125,-241133.125
M4_XGBoost,357508,2020,2075000.0,1476783.375,598216.625
M4_XGBoost,412673,2020,880000.0,1036321.1875,-156321.1875
M4_XGBoost,356957,2020,1782000.0,980809.875,801190.125
M4_XGBoost,348458,2020,1100000.0,1156936.0,-56936.0
M4_XGBoost,418617,2020,585000.0,587225.5,-2225.5
M4_XGBoost,448303,2020,1145000.0,674546.75,470453.25
M4_XGBoost,351037,2020,2230000.0,1909327.5,320672.5
M4_XGBoost,425680,2020,650000.0,767725.25,-117725.25
M4_XGBoost,416097,2020,6227005.0,3800177.0,2426828.0
M4_XGBoost,359077,2020,2625000.0,2033133.5,591866.5
M4_XGBoost,414165,2020,4050000.0,2509507.75,1540492.25
M4_XGBoost,423156,2020,760000.0,739598.8125,20401.1875
M4_XGBoost,430839,2020,3450000.0,2848158.5,601841.5
M4_XGBoost,402216,2020,1950000.0,1678023.875,271976.125
M4_XGBoost,414265,2020,1220000.0,1001693.375,218306.625
M4_XGBoost,413144,2020,3800000.0,795458.8125,3004541.1875
M4_XGBoost,358071,2020,749000.0,900317.25,-151317.25
M4_XGBoost,346412,2020,400000.0,1260678.125,-860678.125
M4_XGBoost,431952,2020,430000.0,784127.8125,-354127.8125
M4_XGBoost,364149,2020,1698000.0,1184479.25,513520.75
M4_XGBoost,395113,2020,2100000.0,2149468.0,-49468.0
M4_XGBoost,388113,2020,2795000.0,2543201.75,251798.25
M4_XGBoost,416154,2020,2995000.0,1739726.125,1255273.875
M4_XGBoost,380421,2020,1845000.0,1432957.75,412042.25
M4_XGBoost,379611,2020,7750000.0,1430287.25,6319712.75
M4_XGBoost,350722,2020,935000.0,999568.25,-64568.25
M4_XGBoost,417279,2020,1635000.0,1160035.0,474965.0
M4_XGBoost,443468,2020,716950.0,483567.96875,233382.03125
M4_XGBoost,361087,2020,350000.0,1630201.0,-1280201.0
M4_XGBoost,387374,2020,725000.0,889631.375,-164631.375
M4_XGBoost,418756,2020,850000.0,895976.3125,-45976.3125
M4_XGBoost,410306,2020,1965000.0,1500846.375,464153.625
M4_XGBoost,385435,2020,1850000.0,1408060.375,441939.625
M4_XGBoost,425082,2020,750000.0,631981.5,118018.5
M4_XGBoost,370403,2020,1700000.0,1649426.75,50573.25
M4_XGBoost,400752,2020,850387.0,902017.1875,-51630.1875
M4_XGBoost,443735,2020,4000000.0,3440030.0,559970.0
M4_XGBoost,347816,2020,1225000.0,1270850.5,-45850.5
M4_XGBoost,424056,2020,985000.0,1165968.875,-180968.875
M4_XGBoost,382500,2020,475000.0,796069.75,-321069.75
M4_XGBoost,429764,2020,1700000.0,1417517.25,282482.75
M4_XGBoost,376641,2020,1475000.0,1402216.375,72783.625
M4_XGBoost,397341,2020,895000.0,931660.0,-36660.0
M4_XGBoost,376933,2020,1975000.0,1578344.625,396655.375
M4_XGBoost,368765,2020,4065000.0,2347478.5,1717521.5
M4_XGBoost,362521,2020,1695000.0,4018659.0,-2323659.0
M4_XGBoost,422921,2020,650000.0,898763.625,-248763.625
M4_XGBoost,400124,2020,975000.0,1231296.0,-256296.0
M4_XGBoost,413814,2020,1550000.0,1173403.625,376596.375
M4_XGBoost,346323,2020,2500000.0,1607471.375,892528.625
M4_XGBoost,390903,2020,575000.0,874216.625,-299216.625
M4_XGBoost,381558,2020,1065466.0,1318347.5,-252881.5
M4_XGBoost,443594,2020,2175000.0,1717632.0,457368.0
M4_XGBoost,364136,2020,1042720.0,1243328.25,-200608.25
M4_XGBoost,396879,2020,1350000.0,764944.375,585055.625
M4_XGBoost,429048,2020,3100000.0,2159894.25,940105.75
M4_XGBoost,417648,2020,1750000.0,2212990.25,-462990.25
M4_XGBoost,399842,2020,1200000.0,899827.125,300172.875
M4_XGBoost,389957,2020,5700000.0,3765239.0,1934761.0
M4_XGBoost,363310,2020,900000.0,958341.625,-58341.625
M4_XGBoost,433768,2020,2195000.0,1447544.625,747455.375
M4_XGBoost,444099,2020,3075000.0,2464212.75,610787.25
M4_XGBoost,358935,2020,4300000.0,3581321.75,718678.25
M4_XGBoost,416221,2020,1495000.0,1283705.125,211294.875
M4_XGBoost,415834,2020,1625000.0,1043445.625,581554.375
M4_XGBoost,425962,2020,2350000.0,2150509.5,199490.5
M4_XGBoost,434877,2020,550000.0,1148271.0,-598271.0
M4_XGBoost,372585,2020,2995000.0,1818270.375,1176729.625
M4_XGBoost,375471,2020,6150000.0,2463197.75,3686802.25
M4_XGBoost,393742,2020,700000.0,693093.875,6906.125
M4_XGBoost,346306,2020,450000.0,573508.6875,-123508.6875
M4_XGBoost,445945,2020,1200000.0,1120447.125,79552.875
M4_XGBoost,359149,2020,650000.0,658847.375,-8847.375
M4_XGBoost,353726,2020,4700000.0,1750989.875,2949010.125
M4_XGBoost,418405,2020,6600000.0,4181391.0,2418609.0
M4_XGBoost,397726,2020,895000.0,734190.375,160809.625
M4_XGBoost,349929,2020,1320000.0,1235543.5,84456.5
M4_XGBoost,371205,2020,750000.0,593148.3125,156851.6875
M4_XGBoost,366327,2020,650000.0,991387.625,-341387.625
M4_XGBoost,424747,2020,1100000.0,779120.875,320879.125
M4_XGBoost,413746,2020,795000.0,817430.3125,-22430.3125
M4_XGBoost,408927,2020,2650000.0,1621320.0,1028680.0
M4_XGBoost,359575,2020,575000.0,527569.5,47430.5
M4_XGBoost,410334,2020,900000.0,758139.375,141860.625
M4_XGBoost,409404,2020,2100000.0,2237676.0,-137676.0
M4_XGBoost,439519,2020,6400000.0,1858324.5,4541675.5
M4_XGBoost,398332,2020,1000000.0,932332.8125,67667.1875
M4_XGBoost,355053,2020,2695000.0,2208682.75,486317.25
M4_XGBoost,419171,2020,1875000.0,2392356.75,-517356.75
M4_XGBoost,417943,2020,538000.0,824589.0,-286589.0
M4_XGBoost,430577,2020,1012000.0,1340814.375,-328814.375
M4_XGBoost,369068,2020,3100000.0,2456369.0,643631.0
M4_XGBoost,403859,2020,2700000.0,1680482.125,1019517.875
M4_XGBoost,352142,2020,3175000.0,3014110.5,160889.5
M4_XGBoost,401967,2020,1645000.0,1366944.125,278055.875
M4_XGBoost,410465,2020,1800000.0,1271381.5,528618.5
M4_XGBoost,355122,2020,1635000.0,646346.875,988653.125
M4_XGBoost,384411,2020,8655000.0,5971839.5,2683160.5
M4_XGBoost,442187,2020,2450000.0,1530874.25,919125.75
M4_XGBoost,421747,2020,1775000.0,1835566.0,-60566.0
M4_XGBoost,382965,2020,1150000.0,800645.625,349354.375
M4_XGBoost,428091,2020,445000.0,794058.1875,-349058.1875
M4_XGBoost,357141,2020,1698000.0,1489810.25,208189.75
M4_XGBoost,407938,2020,2950000.0,1759876.0,1190124.0
M4_XGBoost,429866,2020,1100000.0,1928518.875,-828518.875
M4_XGBoost,403272,2020,4250000.0,4775057.5,-525057.5
M4_XGBoost,376268,2020,575000.0,639319.5,-64319.5
M4_XGBoost,406088,2020,5475000.0,4535378.5,939621.5
M4_XGBoost,409314,2020,1575000.0,1810509.875,-235509.875
M4_XGBoost,429032,2020,2250000.0,1655681.875,594318.125
M4_XGBoost,402601,2020,1400000.0,1545226.75,-145226.75
M4_XGBoost,349793,2020,2925000.0,2929463.75,-4463.75
M4_XGBoost,369317,2020,4315000.0,3270953.0,1044047.0
M4_XGBoost,355750,2020,1100000.0,1243643.75,-143643.75
M4_XGBoost,433794,2020,7595000.0,6510957.5,1084042.5
M4_XGBoost,411389,2020,925000.0,931034.6875,-6034.6875
M4_XGBoost,390850,2020,1500000.0,1343772.75,156227.25
M4_XGBoost,429036,2020,2995000.0,2803098.25,191901.75
M4_XGBoost,366624,2020,1175000.0,1029234.625,145765.375
M4_XGBoost,419518,2020,1450000.0,1368450.625,81549.375
M4_XGBoost,351643,2020,1850000.0,1053618.125,796381.875
M4_XGBoost,412212,2020,3900000.0,3498023.5,401976.5
M4_XGBoost,397527,2020,1895000.0,1821715.75,73284.25
M4_XGBoost,413251,2020,1100000.0,616309.25,483690.75
M4_XGBoost,377943,2020,950000.0,544873.6875,405126.3125
M4_XGBoost,351899,2020,725300.0,5679998.0,-4954698.0
M4_XGBoost,368665,2020,300000.0,1285448.375,-985448.375
M4_XGBoost,403722,2020,2940000.0,2032338.75,907661.25
M4_XGBoost,446940,2020,1648000.0,1473603.875,174396.125
M4_XGBoost,393118,2020,6600000.0,5723182.0,876818.0
M4_XGBoost,416134,2020,2945000.0,1637265.125,1307734.875
M4_XGBoost,373118,2020,2795000.0,2460465.0,334535.0
M4_XGBoost,375383,2020,825000.0,1180173.125,-355173.125
M4_XGBoost,422341,2020,1312500.0,1518504.625,-206004.625
M4_XGBoost,445186,2020,950000.0,1210906.625,-260906.625
M4_XGBoost,397281,2020,4000000.0,2337553.0,1662447.0
M4_XGBoost,371437,2020,1410000.0,1061476.75,348523.25
M4_XGBoost,429267,2020,4200000.0,3621519.75,578480.25
M4_XGBoost,345976,2020,9000000.0,3792559.5,5207440.5
M4_XGBoost,380284,2020,3595000.0,3066429.25,528570.75
M4_XGBoost,351100,2020,3915000.0,3206518.75,708481.25
M4_XGBoost,368411,2020,1700000.0,1825169.375,-125169.375
M4_XGBoost,434289,2020,2995000.0,2145664.75,849335.25
M4_XGBoost,377295,2020,6040000.0,3465080.25,2574919.75
M4_XGBoost,413765,2020,1170000.0,959795.0,210205.0
M4_XGBoost,398328,2020,4100000.0,4318688.0,-218688.0
M4_XGBoost,359625,2020,2525000.0,2219891.75,305108.25
M4_XGBoost,396118,2020,1550000.0,1566668.375,-16668.375
M4_XGBoost,416433,2020,2095000.0,1399539.125,695460.875
M4_XGBoost,442764,2020,1700000.0,1106349.5,593650.5
M4_XGBoost,380362,2020,2100000.0,1798359.0,301641.0
M4_XGBoost,350005,2020,5975000.0,3980968.0,1994032.0
M4_XGBoost,352754,2020,425000.0,651776.6875,-226776.6875
M4_XGBoost,351650,2020,2425000.0,1914474.75,510525.25
M4_XGBoost,416583,2020,493000.0,642085.625,-149085.625
M4_XGBoost,441285,2020,998000.0,992492.5,5507.5
M4_XGBoost,418837,2020,905060.0,1821562.875,-916502.875
M4_XGBoost,411627,2020,2851500.0,2069914.5,781585.5
M4_XGBoost,442174,2020,3495000.0,1970655.75,1524344.25
M4_XGBoost,448020,2020,1799000.0,1065642.5,733357.5
M4_XGBoost,413955,2020,1820000.0,1703207.5,116792.5
M4_XGBoost,408898,2020,4200000.0,4040814.0,159186.0
M4_XGBoost,383626,2020,1040000.0,914562.375,125437.625
M4_XGBoost,424746,2020,650000.0,906300.9375,-256300.9375
M4_XGBoost,386187,2020,625000.0,1213318.0,-588318.0
M4_XGBoost,350367,2020,1485000.0,1272884.625,212115.375
M4_XGBoost,391077,2020,5495000.0,4411235.0,1083765.0
M4_XGBoost,360435,2020,1440000.0,1818050.25,-378050.25
M4_XGBoost,283531,2021,2650000.0,1243637.875,1406362.125
M4_XGBoost,288952,2021,1103660.0,1866519.625,-762859.625
M4_XGBoost,270580,2021,2650000.0,1360354.625,1289645.375
M4_XGBoost,234237,2021,3095000.0,3475167.0,-380167.0
M4_XGBoost,264101,2021,1245000.0,1945085.125,-700085.125
M4_XGBoost,252856,2021,680000.0,481349.78125,198650.21875
M4_XGBoost,253305,2021,4495000.0,1418611.375,3076388.625
M4_XGBoost,272210,2021,1399000.0,1367433.0,31567.0
M4_XGBoost,340608,2021,4995000.0,3263851.5,1731148.5
M4_XGBoost,291190,2021,3301000.0,1643982.125,1657017.875
M4_XGBoost,312086,2021,700000.0,1165697.5,-465697.5
M4_XGBoost,308857,2021,700000.0,739387.25,-39387.25
M4_XGBoost,296964,2021,7050000.0,3890295.75,3159704.25
M4_XGBoost,340022,2021,2195000.0,1849200.5,345799.5
M4_XGBoost,336029,2021,3035000.0,1742392.75,1292607.25
M4_XGBoost,290238,2021,6695000.0,5683921.0,1011079.0
M4_XGBoost,335599,2021,2330000.0,1835490.625,494509.375
M4_XGBoost,269223,2021,565000.0,1118306.75,-553306.75
M4_XGBoost,229267,2021,1760000.0,2111740.5,-351740.5
M4_XGBoost,267843,2021,1800000.0,1735060.25,64939.75
M4_XGBoost,259019,2021,1155000.0,1451762.625,-296762.625
M4_XGBoost,251477,2021,1995000.0,1824487.125,170512.875
M4_XGBoost,229008,2021,1840000.0,1357534.5,482465.5
M4_XGBoost,272899,2021,3750000.0,1543329.875,2206670.125
M4_XGBoost,243603,2021,1770000.0,1488509.375,281490.625
M4_XGBoost,276094,2021,2265000.0,1128333.875,1136666.125
M4_XGBoost,332711,2021,730000.0,823784.9375,-93784.9375
M4_XGBoost,336465,2021,505000.0,826038.0,-321038.0
M4_XGBoost,276125,2021,2625000.0,2146133.25,478866.75
M4_XGBoost,311243,2021,390000.0,848020.6875,-458020.6875
M4_XGBoost,263693,2021,3500000.0,1872340.625,1627659.375
M4_XGBoost,297674,2021,1180000.0,954226.75,225773.25
M4_XGBoost,260723,2021,10000000.0,6438823.0,3561177.0
M4_XGBoost,293626,2021,3445000.0,2745370.75,699629.25
M4_XGBoost,320661,2021,900000.0,694478.6875,205521.3125
M4_XGBoost,341983,2021,8600000.0,4121895.5,4478104.5
M4_XGBoost,269537,2021,1495000.0,1692859.75,-197859.75
M4_XGBoost,294813,2021,13500000.0,6943925.5,6556074.5
M4_XGBoost,326021,2021,700000.0,739027.0,-39027.0
M4_XGBoost,313924,2021,4198000.0,2251519.25,1946480.75
M4_XGBoost,236401,2021,3995000.0,5238841.0,-1243841.0
M4_XGBoost,279688,2021,4378000.0,1552819.875,2825180.125
M4_XGBoost,331538,2021,1062500.0,949065.5,113434.5
M4_XGBoost,338542,2021,527192.0,753522.5625,-226330.5625
M4_XGBoost,294050,2021,725000.0,585806.4375,139193.5625
M4_XGBoost,341400,2021,7000000.0,1789041.375,5210958.625
M4_XGBoost,319414,2021,825000.0,1072949.0,-247949.0
M4_XGBoost,284666,2021,1275000.0,1086557.75,188442.25
M4_XGBoost,331793,2021,5695000.0,2354258.25,3340741.75
M4_XGBoost,309915,2021,7470000.0,4751490.5,2718509.5
M4_XGBoost,271721,2021,600000.0,659470.9375,-59470.9375
M4_XGBoost,327809,2021,791000.0,1251952.25,-460952.25
M4_XGBoost,270476,2021,980000.0,1370497.125,-390497.125
M4_XGBoost,273936,2021,1480000.0,896460.9375,583539.0625
M4_XGBoost,257980,2021,4675000.0,1535960.375,3139039.625
M4_XGBoost,303458,2021,4250000.0,2180714.0,2069286.0
M4_XGBoost,255681,2021,3200000.0,2389465.5,810534.5
M4_XGBoost,259633,2021,2382000.0,1337120.25,1044879.75
M4_XGBoost,301264,2021,1150000.0,949609.625,200390.375
M4_XGBoost,309053,2021,3340000.0,2650904.75,689095.25
M4_XGBoost,267199,2021,2200000.0,1180814.875,1019185.125
M4_XGBoost,298204,2021,1275000.0,862660.0,412340.0
M4_XGBoost,305761,2021,1995000.0,1410954.375,584045.625
M4_XGBoost,320245,2021,7150000.0,5783564.5,1366435.5
M4_XGBoost,257782,2021,2200000.0,2292358.0,-92358.0
M4_XGBoost,236514,2021,2225000.0,1580681.0,644319.0
M4_XGBoost,273256,2021,2530000.0,1559446.125,970553.875
M4_XGBoost,328762,2021,675000.0,767041.6875,-92041.6875
M4_XGBoost,321534,2021,6200000.0,4437593.5,1762406.5
M4_XGBoost,230153,2021,2450000.0,1655143.5,794856.5
M4_XGBoost,245503,2021,3027000.0,2016801.75,1010198.25
M4_XGBoost,298178,2021,1400000.0,870615.75,529384.25
M4_XGBoost,278991,2021,3495000.0,3329698.25,165301.75
M4_XGBoost,270576,2021,1995000.0,1146123.375,848876.625
M4_XGBoost,312200,2021,5995000.0,3020423.5,2974576.5
M4_XGBoost,235759,2021,3950000.0,2376566.0,1573434.0
M4_XGBoost,237667,2021,3395000.0,2472077.0,922923.0
M4_XGBoost,238014,2021,1750000.0,1566982.125,183017.875
M4_XGBoost,296714,2021,8650000.0,5534147.5,3115852.5
M4_XGBoost,308178,2021,3550000.0,3219056.25,330943.75
M4_XGBoost,231539,2021,3025000.0,2241939.5,783060.5
M4_XGBoost,330379,2021,3595000.0,1047420.6875,2547579.3125
M4_XGBoost,325047,2021,2065000.0,1857514.75,207485.25
M4_XGBoost,317641,2021,350000.0,706621.75,-356621.75
M4_XGBoost,344562,2021,1460000.0,972728.0625,487271.9375
M4_XGBoost,285015,2021,1075000.0,754066.0,320934.0
M4_XGBoost,236610,2021,3495000.0,2051275.25,1443724.75
M4_XGBoost,317731,2021,1950000.0,1659520.125,290479.875
M4_XGBoost,340264,2021,2530000.0,2564948.0,-34948.0
M4_XGBoost,238104,2021,782000.0,583421.875,198578.125
M4_XGBoost,238877,2021,4650000.0,2294751.0,2355249.0
M4_XGBoost,251722,2021,4000000.0,2556166.75,1443833.25
M4_XGBoost,337674,2021,3950000.0,1841306.125,2108693.875
M4_XGBoost,299892,2021,2299000.0,1415865.0,883135.0
M4_XGBoost,300912,2021,1250000.0,1323873.375,-73873.375
M4_XGBoost,311884,2021,888000.0,602053.6875,285946.3125
M4_XGBoost,309377,2021,1598000.0,1404192.875,193807.125
M4_XGBoost,267958,2021,2290421.0,2211260.25,79160.75
M4_XGBoost,239224,2021,615000.0,471842.46875,143157.53125
M4_XGBoost,239841,2021,6900000.0,4454571.0,2445429.0
M4_XGBoost,261436,2021,4972500.0,3875927.25,1096572.75
M4_XGBoost,229511,2021,1850000.0,1978485.625,-128485.625
M4_XGBoost,328815,2021,1170000.0,1804007.0,-634007.0
M4_XGBoost,304582,2021,530000.0,677150.0625,-147150.0625
M4_XGBoost,259274,2021,1350000.0,1293085.0,56915.0
M4_XGBoost,303858,2021,4300000.0,1887954.375,2412045.625
M4_XGBoost,284598,2021,2095000.0,1755866.0,339134.0
M4_XGBoost,305981,2021,3300000.0,2512867.75,787132.25
M4_XGBoost,249252,2021,2350000.0,1516767.875,833232.125
M4_XGBoost,312954,2021,4925000.0,3271820.25,1653179.75
M4_XGBoost,242453,2021,450000.0,613901.8125,-163901.8125
M4_XGBoost,337872,2021,2675000.0,2352727.5,322272.5
M4_XGBoost,283185,2021,4632500.0,3878219.5,754280.5
M4_XGBoost,278813,2021,2600000.0,1594384.0,1005616.0
M4_XGBoost,235260,2021,1400000.0,1440665.5,-40665.5
M4_XGBoost,334853,2021,855000.0,506593.21875,348406.78125
M4_XGBoost,271567,2021,6200000.0,1830489.5,4369510.5
M4_XGBoost,317810,2021,350000.0,613655.9375,-263655.9375
M4_XGBoost,281758,2021,2380000.0,2720013.5,-340013.5
M4_XGBoost,311746,2021,710000.0,1671556.75,-961556.75
M4_XGBoost,268705,2021,3450000.0,2983063.25,466936.75
M4_XGBoost,281199,2021,5500000.0,4713134.0,786866.0
M4_XGBoost,325560,2021,3393000.0,1102661.75,2290338.25
M4_XGBoost,263479,2021,3775000.0,2745326.25,1029673.75
M4_XGBoost,319229,2021,1270000.0,801651.0625,468348.9375
M4_XGBoost,229960,2021,4800000.0,3216346.75,1583653.25
M4_XGBoost,277562,2021,895000.0,1000231.9375,-105231.9375
M4_XGBoost,307515,2021,719974.0,609645.0625,110328.9375
M4_XGBoost,263829,2021,2800000.0,1423129.125,1376870.875
M4_XGBoost,243499,2021,2045000.0,1519541.875,525458.125
M4_XGBoost,247701,2021,1805000.0,1584337.75,220662.25
M4_XGBoost,275454,2021,1750000.0,1259609.75,490390.25
M4_XGBoost,330310,2021,3990000.0,2452710.5,1537289.5
M4_XGBoost,283902,2021,1700000.0,1670129.0,29871.0
M4_XGBoost,341280,2021,1700000.0,1518905.875,181094.125
M4_XGBoost,318187,2021,1575000.0,1345441.0,229559.0
M4_XGBoost,325192,2021,590000.0,659049.0625,-69049.0625
M4_XGBoost,288366,2021,2700000.0,1325250.25,1374749.75
M4_XGBoost,322136,2021,2095000.0,929785.375,1165214.625
M4_XGBoost,282033,2021,4450000.0,2322538.25,2127461.75
M4_XGBoost,279396,2021,2150000.0,1667086.5,482913.5
M4_XGBoost,333747,2021,6400000.0,3766108.0,2633892.0
M4_XGBoost,256570,2021,2330000.0,2045258.875,284741.125
M4_XGBoost,229678,2021,1275000.0,835865.9375,439134.0625
M4_XGBoost,279345,2021,2450000.0,1341810.875,1108189.125
M4_XGBoost,298557,2021,6200000.0,5468269.5,731730.5
M4_XGBoost,340580,2021,850000.0,819403.375,30596.625
M4_XGBoost,270036,2021,5695000.0,4227744.0,1467256.0
M4_XGBoost,311162,2021,2925000.0,2561586.75,363413.25
M4_XGBoost,280553,2021,1850000.0,1558864.75,291135.25
M4_XGBoost,336718,2021,3900000.0,4990572.5,-1090572.5
M4_XGBoost,314010,2021,4626500.0,2577839.5,2048660.5
M4_XGBoost,313938,2021,550000.0,834469.75,-284469.75
M4_XGBoost,309030,2021,5345000.0,3073083.5,2271916.5
M4_XGBoost,259348,2021,2350000.0,1299278.0,1050722.0
M4_XGBoost,325450,2021,5250000.0,2902279.0,2347721.0
M4_XGBoost,245897,2021,4450000.0,3096123.0,1353877.0
M4_XGBoost,306641,2021,3700000.0,1871687.125,1828312.875
M4_XGBoost,309171,2021,1385000.0,881662.4375,503337.5625
M4_XGBoost,237688,2021,1170000.0,1231193.875,-61193.875
M4_XGBoost,317691,2021,9700000.0,2635427.5,7064572.5
M4_XGBoost,337542,2021,7755000.0,2856983.5,4898016.5
M4_XGBoost,241798,2021,1925000.0,1157799.125,767200.875
M4_XGBoost,312343,2021,2956000.0,2523018.0,432982.0
M4_XGBoost,248117,2021,4250000.0,2644630.0,1605370.0
M4_XGBoost,249095,2021,2805000.0,2910339.0,-105339.0
M4_XGBoost,234188,2021,2325000.0,2090771.75,234228.25
M4_XGBoost,273521,2021,1098612.0,1231547.375,-132935.375
M4_XGBoost,280535,2021,2320000.0,1601291.5,718708.5
M4_XGBoost,233362,2021,3450000.0,1727266.125,1722733.875
M4_XGBoost,272016,2021,2145000.0,2023552.625,121447.375
M4_XGBoost,327422,2021,2120000.0,1172034.75,947965.25
M4_XGBoost,335244,2021,2095000.0,1852900.5,242099.5
M4_XGBoost,227370,2021,1130000.0,1929937.375,-799937.375
M4_XGBoost,322139,2021,1895000.0,1386004.375,508995.625
M4_XGBoost,274797,2021,3051000.0,2435311.0,615689.0
M4_XGBoost,247177,2021,2000000.0,1967814.25,32185.75
M4_XGBoost,336798,2021,5950000.0,3644306.5,2305693.5
M4_XGBoost,303506,2021,2195000.0,1647804.125,547195.875
M4_XGBoost,319197,2021,1537500.0,1065944.375,471555.625
M4_XGBoost,268626,2021,590000.0,799518.625,-209518.625
M4_XGBoost,344030,2021,2250000.0,1350072.0,899928.0
M4_XGBoost,315788,2021,1635000.0,1697009.0,-62009.0
M4_XGBoost,259346,2021,830000.0,729942.875,100057.125
M4_XGBoost,229939,2021,6600000.0,2667826.0,3932174.0
M4_XGBoost,281713,2021,5510000.0,3435745.0,2074255.0
M4_XGBoost,256193,2021,3300000.0,1794987.0,1505013.0
M4_XGBoost,315060,2021,3287990.0,2653441.75,634548.25
M4_XGBoost,317841,2021,5695000.0,3028037.75,2666962.25
M4_XGBoost,233568,2021,4750000.0,3118124.5,1631875.5
M4_XGBoost,286390,2021,1550000.0,740093.4375,809906.5625
M4_XGBoost,303199,2021,6450000.0,5039956.0,1410044.0
M4_XGBoost,249780,2021,2895000.0,1635004.25,1259995.75
M4_XGBoost,299801,2021,400000.0,821841.1875,-421841.1875
M4_XGBoost,244308,2021,2000000.0,1127420.625,872579.375
M4_XGBoost,276972,2021,2325000.0,2520952.0,-195952.0
M4_XGBoost,323226,2021,925000.0,1013790.125,-88790.125
M4_XGBoost,344142,2021,2200000.0,963486.3125,1236513.6875
M4_XGBoost,262391,2021,1670000.0,914612.9375,755387.0625
M4_XGBoost,331664,2021,3875000.0,2620223.25,1254776.75
M4_XGBoost,239309,2021,3325000.0,2425021.0,899979.0
M4_XGBoost,227099,2021,3900000.0,2275308.5,1624691.5
M4_XGBoost,320986,2021,5500000.0,1780062.25,3719937.75
M4_XGBoost,243022,2021,700000.0,1450208.625,-750208.625
M4_XGBoost,290696,2021,925000.0,2176400.75,-1251400.75
M4_XGBoost,322791,2021,1300000.0,679747.8125,620252.1875
M4_XGBoost,256582,2021,1600000.0,1412136.375,187863.625
M4_XGBoost,227015,2021,850000.0,890831.0,-40831.0
M4_XGBoost,290961,2021,9700000.0,6067016.5,3632983.5
M4_XGBoost,318354,2021,1545000.0,1243666.25,301333.75
M4_XGBoost,343026,2021,3000000.0,1492170.625,1507829.375
M4_XGBoost,331285,2021,1665000.0,1104604.75,560395.25
M4_XGBoost,309729,2021,2160000.0,1990006.125,169993.875
M4_XGBoost,276767,2021,2400000.0,1554798.125,845201.875
M4_XGBoost,322335,2021,2395000.0,2159033.5,235966.5
M4_XGBoost,299282,2021,4610000.0,1186830.0,3423170.0
M4_XGBoost,250512,2021,4530000.0,1932836.5,2597163.5
M4_XGBoost,331342,2021,3600000.0,2837939.5,762060.5
M4_XGBoost,235162,2021,2475000.0,1927860.5,547139.5
M4_XGBoost,303109,2021,2450000.0,2396915.0,53085.0
M4_XGBoost,286197,2021,4795000.0,3143158.75,1651841.25
M4_XGBoost,332228,2021,1150000.0,921712.5,228287.5
M4_XGBoost,246873,2021,1445000.0,1157943.75,287056.25
M4_XGBoost,288249,2021,675000.0,1526538.5,-851538.5
M4_XGBoost,342809,2021,2000000.0,2513318.5,-513318.5
M4_XGBoost,254115,2021,1260000.0,1429388.625,-169388.625
M4_XGBoost,260119,2021,3295000.0,3030744.75,264255.25
M4_XGBoost,290741,2021,6500000.0,1986098.5,4513901.5
M4_XGBoost,250517,2021,3552000.0,3416402.25,135597.75
M4_XGBoost,328661,2021,2160000.0,1710584.75,449415.25
M4_XGBoost,340027,2021,3200000.0,1587753.125,1612246.875
M4_XGBoost,232435,2021,3300000.0,1849563.75,1450436.25
M4_XGBoost,287801,2021,1400000.0,808220.5625,591779.4375
M4_XGBoost,323897,2021,895000.0,545770.25,349229.75
M4_XGBoost,312549,2021,1800000.0,2630002.0,-830002.0
M4_XGBoost,269016,2021,1900000.0,1980303.5,-80303.5
M4_XGBoost,287521,2021,4545000.0,2293263.25,2251736.75
M4_XGBoost,271355,2021,275000.0,590985.75,-315985.75
M4_XGBoost,289031,2021,1875000.0,851048.3125,1023951.6875
M4_XGBoost,238560,2021,500000.0,1141646.25,-641646.25
M4_XGBoost,284035,2021,4900000.0,2847580.0,2052420.0
M4_XGBoost,326666,2021,1745000.0,1808492.5,-63492.5
M4_XGBoost,324041,2021,2450000.0,2769384.5,-319384.5
M4_XGBoost,239531,2021,995000.0,777895.0625,217104.9375
M4_XGBoost,254215,2021,4695000.0,2056460.0,2638540.0
M4_XGBoost,286239,2021,3120000.0,2251532.0,868468.0
M4_XGBoost,334446,2021,5695000.0,3525143.0,2169857.0
M4_XGBoost,263043,2021,1100000.0,998397.375,101602.625
M4_XGBoost,342255,2021,1250000.0,1101667.375,148332.625
M4_XGBoost,344465,2021,4400000.0,1145404.375,3254595.625
M4_XGBoost,241537,2021,4400000.0,3117776.5,1282223.5
M4_XGBoost,344105,2021,350000.0,903201.625,-553201.625
M4_XGBoost,292405,2021,8300000.0,4930525.5,3369474.5
M4_XGBoost,282935,2021,2850000.0,1870734.25,979265.75
M4_XGBoost,235420,2021,4200000.0,2803753.25,1396246.75
M4_XGBoost,312993,2021,5100000.0,3126566.25,1973433.75
M4_XGBoost,232149,2021,755000.0,557971.125,197028.875
M4_XGBoost,290626,2021,765000.0,1033955.9375,-268955.9375
M4_XGBoost,335927,2021,4100000.0,2059492.25,2040507.75
M4_XGBoost,306643,2021,3700000.0,1884426.875,1815573.125
M4_XGBoost,302158,2021,4650000.0,2890167.5,1759832.5
M4_XGBoost,228954,2021,775000.0,489565.90625,285434.09375
M4_XGBoost,272741,2021,650000.0,710055.4375,-60055.4375
M4_XGBoost,319432,2021,2020000.0,1747958.25,272041.75
M4_XGBoost,252882,2021,3450000.0,2026600.125,1423399.875
M4_XGBoost,274884,2021,2900000.0,1742700.25,1157299.75
M4_XGBoost,227775,2021,3300000.0,759885.3125,2540114.6875
M4_XGBoost,262202,2021,1245000.0,1231534.375,13465.625
M4_XGBoost,260651,2021,2649000.0,2689932.5,-40932.5
M4_XGBoost,229362,2021,1798000.0,1294084.25,503915.75
M4_XGBoost,337292,2021,8110000.0,4628961.0,3481039.0
M4_XGBoost,293576,2021,765000.0,1554150.25,-789150.25
M4_XGBoost,264581,2021,1850000.0,1317446.25,532553.75
M4_XGBoost,259300,2021,1325000.0,806409.75,518590.25
M4_XGBoost,322830,2021,1050000.0,725920.625,324079.375
M4_XGBoost,246882,2021,4712500.0,1645470.625,3067029.375
M4_XGBoost,283715,2021,4050000.0,3563949.0,486051.0
M4_XGBoost,301081,2021,2795000.0,2364167.0,430833.0
M4_XGBoost,229310,2021,1373099.0,814043.125,559055.875
M4_XGBoost,296126,2021,3635000.0,2675018.0,959982.0
M4_XGBoost,230966,2021,760000.0,992437.625,-232437.625
M4_XGBoost,260535,2021,2425000.0,1086923.625,1338076.375
M4_XGBoost,292930,2021,1025000.0,1108786.375,-83786.375
M4_XGBoost,229509,2021,1580000.0,1594283.625,-14283.625
M4_XGBoost,283108,2021,2725000.0,1885618.75,839381.25
M4_XGBoost,298060,2021,1848000.0,1753896.125,94103.875
M4_XGBoost,281894,2021,1145000.0,1428790.375,-283790.375
M4_XGBoost,276604,2021,1325000.0,1499939.25,-174939.25
M4_XGBoost,228126,2021,1395000.0,1052880.875,342119.125
M4_XGBoost,286033,2021,800000.0,497568.625,302431.375
M4_XGBoost,289261,2021,1795000.0,991371.5625,803628.4375
M4_XGBoost,288749,2021,1295000.0,1382495.5,-87495.5
M4_XGBoost,270654,2021,265000.0,621112.25,-356112.25
M4_XGBoost,251176,2021,1400000.0,3811188.5,-2411188.5
M4_XGBoost,227827,2021,2625000.0,1691023.5,933976.5
M4_XGBoost,286434,2021,1670000.0,774837.25,895162.75
M4_XGBoost,285640,2021,3250000.0,1497336.625,1752663.375
M4_XGBoost,307467,2021,3695000.0,2144173.5,1550826.5
M4_XGBoost,284920,2021,295000.0,819372.125,-524372.125
M4_XGBoost,287612,2021,1200000.0,984318.1875,215681.8125
M4_XGBoost,307310,2021,1000000.0,1440256.125,-440256.125
M4_XGBoost,292146,2021,2950000.0,2722300.0,227700.0
M4_XGBoost,254241,2021,1125000.0,698007.8125,426992.1875
M4_XGBoost,231114,2021,8250000.0,5768229.0,2481771.0
M4_XGBoost,243411,2021,1885000.0,1086320.5,798679.5
M4_XGBoost,231309,2021,2000000.0,1307789.875,692210.125
M4_XGBoost,284756,2021,895000.0,849258.125,45741.875
M4_XGBoost,336119,2021,4900000.0,2051124.625,2848875.375
M4_XGBoost,263541,2021,3900000.0,2801225.0,1098775.0
M4_XGBoost,230258,2021,1500000.0,1721454.5,-221454.5
M4_XGBoost,281680,2021,850000.0,842312.5,7687.5
M4_XGBoost,254840,2021,2245000.0,1962407.625,282592.375
M4_XGBoost,239035,2021,475000.0,943726.875,-468726.875
M4_XGBoost,292033,2021,1220000.0,1214478.0,5522.0
M4_XGBoost,310156,2021,1995000.0,1862838.625,132161.375
M4_XGBoost,316111,2021,1680000.0,1489419.5,190580.5
M4_XGBoost,248870,2021,977500.0,1558968.875,-581468.875
M4_XGBoost,344957,2021,1870000.0,1263462.0,606538.0
M4_XGBoost,271854,2021,1775000.0,1287171.875,487828.125
M4_XGBoost,256509,2021,4135000.0,2967964.0,1167036.0
M4_XGBoost,309182,2021,4400000.0,2818320.75,1581679.25
M4_XGBoost,250404,2021,1875000.0,1095884.25,779115.75
M4_XGBoost,260781,2021,650000.0,1081852.125,-431852.125
M4_XGBoost,245256,2021,2995000.0,2110727.75,884272.25
M4_XGBoost,301857,2021,1275000.0,1033398.9375,241601.0625
M4_XGBoost,331164,2021,3400000.0,1458589.0,1941411.0
M4_XGBoost,339621,2021,2605000.0,2445101.5,159898.5
M4_XGBoost,314278,2021,753500.0,1915338.5,-1161838.5
M4_XGBoost,233389,2021,450000.0,455421.65625,-5421.65625
M4_XGBoost,236908,2021,575000.0,1086971.375,-511971.375
M4_XGBoost,280796,2021,1300000.0,560579.8125,739420.1875
M4_XGBoost,233081,2021,875000.0,1334553.25,-459553.25
M4_XGBoost,257930,2021,605150.0,825177.4375,-220027.4375
M4_XGBoost,276770,2021,295000.0,606247.5625,-311247.5625
M4_XGBoost,321361,2021,1300000.0,1339625.75,-39625.75
M4_XGBoost,258195,2021,26500000.0,5365010.0,21134990.0
M4_XGBoost,254452,2021,2395000.0,1732139.0,662861.0
M4_XGBoost,276628,2021,450000.0,924236.0625,-474236.0625
M4_XGBoost,280608,2021,2495000.0,1856434.5,638565.5
M4_XGBoost,275561,2021,965000.0,1034171.875,-69171.875
M4_XGBoost,278356,2021,4600000.0,1778723.375,2821276.625
M4_XGBoost,233114,2021,3500000.0,1843634.375,1656365.625
M4_XGBoost,254298,2021,5995000.0,3921062.0,2073938.0
M4_XGBoost,240412,2021,360045.0,710113.6875,-350068.6875
M4_XGBoost,343159,2021,1865000.0,1501161.375,363838.625
M4_XGBoost,332233,2021,1745000.0,1123003.875,621996.125
M4_XGBoost,241927,2021,2495000.0,1706703.375,788296.625
M4_XGBoost,249474,2021,6800000.0,4150652.0,2649348.0
M4_XGBoost,283105,2021,4895000.0,1043946.3125,3851053.6875
M4_XGBoost,283468,2021,3200000.0,1179765.75,2020234.25
M4_XGBoost,310148,2021,2625000.0,1696221.125,928778.875
M4_XGBoost,304609,2021,1450000.0,1510917.875,-60917.875
M4_XGBoost,316808,2021,1275000.0,852471.4375,422528.5625
M4_XGBoost,283152,2021,2140000.0,901273.375,1238726.625
M4_XGBoost,339572,2021,7000000.0,3318897.0,3681103.0
M4_XGBoost,280483,2021,2275000.0,1201201.5,1073798.5
M4_XGBoost,289275,2021,5750000.0,3991593.5,1758406.5
M4_XGBoost,234120,2021,525000.0,1161941.625,-636941.625
M4_XGBoost,332964,2021,1355000.0,1032686.625,322313.375
M4_XGBoost,271446,2021,1592500.0,1223355.5,369144.5
M4_XGBoost,268460,2021,2054500.0,1813596.25,240903.75
M4_XGBoost,320214,2021,2700000.0,1347236.0,1352764.0
M4_XGBoost,248817,2021,1898500.0,1903424.25,-4924.25
M4_XGBoost,284280,2021,1800000.0,1426333.0,373667.0
M4_XGBoost,306055,2021,2200000.0,2219775.25,-19775.25
M4_XGBoost,280090,2021,2465000.0,2038058.625,426941.375
M4_XGBoost,227857,2021,1650000.0,952617.375,697382.625
M4_XGBoost,312395,2021,3980000.0,1037680.0625,2942319.9375
M4_XGBoost,268839,2021,975000.0,893050.25,81949.75
M4_XGBoost,266665,2021,1950000.0,1908364.5,41635.5
M4_XGBoost,240967,2021,2800000.0,2502498.25,297501.75
M4_XGBoost,273216,2021,2995000.0,2524833.0,470167.0
M4_XGBoost,309641,2021,9750000.0,2957724.0,6792276.0
M4_XGBoost,335774,2021,1500000.0,1917561.0,-417561.0
M4_XGBoost,291303,2021,2475000.0,1052404.0,1422596.0
M4_XGBoost,259778,2021,495000.0,486551.65625,8448.34375
M4_XGBoost,308550,2021,2425000.0,1847740.875,577259.125
M4_XGBoost,295279,2021,1402500.0,791156.3125,611343.6875
M4_XGBoost,335598,2021,395000.0,335672.46875,59327.53125
M4_XGBoost,298892,2021,1469330.0,1515861.125,-46531.125
M4_XGBoost,248865,2021,2995000.0,2255895.25,739104.75
M4_XGBoost,245461,2021,9995000.0,4053477.5,5941522.5
M4_XGBoost,303006,2021,1480000.0,2339247.75,-859247.75
M4_XGBoost,261896,2021,2500000.0,1654505.875,845494.125
M4_XGBoost,230440,2021,2295000.0,1243016.5,1051983.5
M4_XGBoost,272818,2021,535000.0,539995.5,-4995.5
M4_XGBoost,237091,2021,450000.0,937723.1875,-487723.1875
M4_XGBoost,249227,2021,2425000.0,1812273.625,612726.375
M4_XGBoost,329762,2021,280000.0,631579.0,-351579.0
M4_XGBoost,277107,2021,1725000.0,1164717.375,560282.625
M4_XGBoost,327376,2021,500000.0,657485.3125,-157485.3125
M4_XGBoost,228612,2021,1195000.0,679803.5625,515196.4375
M4_XGBoost,319894,2021,1755000.0,1603455.25,151544.75
M4_XGBoost,240404,2021,2400000.0,1526312.875,873687.125
M4_XGBoost,284792,2021,2150000.0,2411748.0,-261748.0
M4_XGBoost,336266,2021,12300000.0,4925173.0,7374827.0
M4_XGBoost,320212,2021,650000.0,1682807.5,-1032807.5
M4_XGBoost,340029,2021,1600000.0,1160374.75,439625.25
M4_XGBoost,253472,2021,1550000.0,1342931.0,207069.0
M4_XGBoost,268379,2021,2500000.0,1821790.5,678209.5
M4_XGBoost,345070,2021,1650000.0,1328228.75,321771.25
M4_XGBoost,312081,2021,2635000.0,1531521.125,1103478.875
M4_XGBoost,280288,2021,7517000.0,3435243.5,4081756.5
M4_XGBoost,298084,2021,7095000.0,4269460.5,2825539.5
M4_XGBoost,332702,2021,4917300.0,3399369.0,1517931.0
M4_XGBoost,291847,2021,1895000.0,1384522.125,510477.875
M4_XGBoost,279896,2021,5035000.0,1951207.0,3083793.0
M4_XGBoost,261024,2021,2600000.0,1112349.25,1487650.75
M4_XGBoost,288300,2021,2250000.0,1207060.375,1042939.625
M4_XGBoost,280052,2021,2195000.0,1006949.75,1188050.25
M4_XGBoost,307965,2021,1095000.0,733337.375,361662.625
M4_XGBoost,249299,2021,975000.0,1064809.375,-89809.375
M4_XGBoost,257601,2021,2500000.0,1762450.75,737549.25
M4_XGBoost,242808,2021,795000.0,683896.3125,111103.6875
M4_XGBoost,303882,2021,9750000.0,5177782.0,4572218.0
M4_XGBoost,234895,2021,1280000.0,1428705.875,-148705.875
M4_XGBoost,264518,2021,3065000.0,1907171.0,1157829.0
M4_XGBoost,292043,2021,920000.0,565742.125,354257.875
M4_XGBoost,298724,2021,1360000.0,1232599.0,127401.0
M4_XGBoost,333954,2021,1630000.0,1525748.125,104251.875
M4_XGBoost,299165,2021,755000.0,622068.4375,132931.5625
M4_XGBoost,328751,2021,465000.0,569598.8125,-104598.8125
M4_XGBoost,335351,2021,3150000.0,2474511.0,675489.0
M4_XGBoost,327904,2021,1798000.0,1824241.875,-26241.875
M4_XGBoost,297463,2021,1125000.0,645866.875,479133.125
M4_XGBoost,317611,2021,370000.0,923526.8125,-553526.8125
M4_XGBoost,272135,2021,1450000.0,1007230.25,442769.75
M4_XGBoost,321875,2021,3295000.0,2029323.25,1265676.75
M4_XGBoost,235796,2021,2600000.0,1420848.125,1179151.875
M4_XGBoost,245242,2021,2745000.0,2164364.75,580635.25
M4_XGBoost,288782,2021,2730000.0,1049926.875,1680073.125
M4_XGBoost,340209,2021,575000.0,937368.25,-362368.25
M4_XGBoost,279888,2021,1813650.0,1097795.375,715854.625
M4_XGBoost,279821,2021,1650000.0,1123347.75,526652.25
M4_XGBoost,340227,2021,2980000.0,2137026.5,842973.5
M4_XGBoost,289501,2021,1280000.0,1226070.0,53930.0
M4_XGBoost,323021,2021,1075000.0,1173779.625,-98779.625
M4_XGBoost,288072,2021,3495000.0,2282010.25,1212989.75
M4_XGBoost,285739,2021,3300000.0,1284981.375,2015018.625
M4_XGBoost,281257,2021,2300000.0,2099611.5,200388.5
M4_XGBoost,304877,2021,625000.0,726401.875,-101401.875
M4_XGBoost,273257,2021,2975000.0,2480167.0,494833.0
M4_XGBoost,327895,2021,3350000.0,1047945.25,2302054.75
M4_XGBoost,312108,2021,3350000.0,1735710.75,1614289.25
M4_XGBoost,264155,2021,3910000.0,1935908.0,1974092.0
M4_XGBoost,259700,2021,1200000.0,1393920.625,-193920.625
M4_XGBoost,267267,2021,2500000.0,2446953.75,53046.25
M4_XGBoost,252725,2021,2200000.0,2486317.25,-286317.25
M4_XGBoost,339304,2021,355000.0,1216275.75,-861275.75
M4_XGBoost,302844,2021,1295000.0,559928.5,735071.5
M4_XGBoost,231469,2021,4600000.0,2973627.5,1626372.5
M4_XGBoost,335173,2021,4117000.0,3021576.0,1095424.0
M4_XGBoost,238912,2021,518500.0,533192.0625,-14692.0625
M4_XGBoost,308251,2021,3095000.0,2686330.5,408669.5
M4_XGBoost,337981,2021,1740000.0,1365182.75,374817.25
M4_XGBoost,344081,2021,1245000.0,1119643.875,125356.125
M4_XGBoost,269374,2021,2185000.0,1773920.75,411079.25
M4_XGBoost,242537,2021,322250.0,848533.5625,-526283.5625
M4_XGBoost,269561,2021,1287500.0,973197.5625,314302.4375
M4_XGBoost,286516,2021,5200000.0,2683685.5,2516314.5
M4_XGBoost,334608,2021,4850000.0,3571628.25,1278371.75
M4_XGBoost,295142,2021,2500000.0,1905840.0,594160.0
M4_XGBoost,271172,2021,2750000.0,2223550.75,526449.25
M4_XGBoost,331401,2021,630000.0,406401.8125,223598.1875
M4_XGBoost,291940,2021,985000.0,873577.375,111422.625
M4_XGBoost,332299,2021,10500000.0,8618357.0,1881643.0
M4_XGBoost,231021,2021,1372500.0,1443970.75,-71470.75
M4_XGBoost,282103,2021,995000.0,1013845.1875,-18845.1875
M4_XGBoost,250614,2021,2510000.0,2743816.0,-233816.0
M4_XGBoost,275629,2021,2900000.0,1775017.375,1124982.625
M4_XGBoost,326081,2021,3795000.0,2364631.5,1430368.5
M4_XGBoost,250632,2021,7500000.0,2777478.0,4722522.0
M4_XGBoost,260002,2021,5025000.0,3478745.0,1546255.0
M4_XGBoost,291909,2021,720000.0,911323.5,-191323.5
M4_XGBoost,256412,2021,7099828.0,763126.4375,6336701.5625
M4_XGBoost,332976,2021,5050000.0,3249608.0,1800392.0
M4_XGBoost,321911,2021,510000.0,809748.9375,-299748.9375
M4_XGBoost,251341,2021,1650000.0,1667980.25,-17980.25
M4_XGBoost,264882,2021,3775000.0,2226188.25,1548811.75
M4_XGBoost,256469,2021,2195000.0,1422176.625,772823.375
M4_XGBoost,258714,2021,950000.0,829979.125,120020.875
M4_XGBoost,303299,2021,2195000.0,1805161.75,389838.25
M4_XGBoost,245034,2021,370000.0,711679.75,-341679.75
M4_XGBoost,313819,2021,5795000.0,2585479.25,3209520.75
M4_XGBoost,287270,2021,1295000.0,1562213.25,-267213.25
M4_XGBoost,283213,2021,2875000.0,1710457.5,1164542.5
M4_XGBoost,335123,2021,330000.0,638198.625,-308198.625
M4_XGBoost,310950,2021,7000000.0,6965899.5,34100.5
M4_XGBoost,322007,2021,2425000.0,1707939.125,717060.875
M4_XGBoost,256900,2021,975000.0,903316.1875,71683.8125
M4_XGBoost,322808,2021,795000.0,738833.9375,56166.0625
M4_XGBoost,233182,2021,3395000.0,1804144.625,1590855.375
M4_XGBoost,234404,2021,2970000.0,2438130.0,531870.0
M4_XGBoost,261276,2021,1625000.0,1647713.0,-22713.0
M4_XGBoost,303601,2021,1960000.0,1340442.375,619557.625
M4_XGBoost,331249,2021,5130000.0,3335905.75,1794094.25
M4_XGBoost,251655,2021,1100000.0,844358.5625,255641.4375
M4_XGBoost,261661,2021,900000.0,810235.5625,89764.4375
M4_XGBoost,271948,2021,5750000.0,3353359.75,2396640.25
M4_XGBoost,228358,2021,1000000.0,1230545.875,-230545.875
M4_XGBoost,268760,2021,1125000.0,953367.1875,171632.8125
M4_XGBoost,246998,2021,615000.0,1566962.625,-951962.625
M4_XGBoost,263597,2021,4400000.0,3880143.25,519856.75
M4_XGBoost,267781,2021,10300000.0,6275689.0,4024311.0
M4_XGBoost,267886,2021,950000.0,973024.9375,-23024.9375
M4_XGBoost,240019,2021,2295000.0,1623637.875,671362.125
M4_XGBoost,269910,2021,7500000.0,3838696.25,3661303.75
M4_XGBoost,311771,2021,855000.0,816408.125,38591.875
M4_XGBoost,236132,2021,2800000.0,2022825.125,777174.875
M4_XGBoost,325279,2021,4102000.0,2380964.75,1721035.25
M4_XGBoost,328560,2021,536722.0,745074.0625,-208352.0625
M4_XGBoost,319807,2021,5150000.0,3752348.5,1397651.5
M4_XGBoost,233174,2021,875000.0,1552175.875,-677175.875
M4_XGBoost,299817,2021,3575000.0,2322762.0,1252238.0
M4_XGBoost,243496,2021,895000.0,1012042.625,-117042.625
M4_XGBoost,321616,2021,990000.0,1373260.375,-383260.375
M4_XGBoost,318003,2021,2490000.0,2855850.5,-365850.5
M4_XGBoost,280628,2021,2175000.0,1378679.875,796320.125
M4_XGBoost,343382,2021,715000.0,598253.3125,116746.6875
M4_XGBoost,239403,2021,300000.0,1227614.375,-927614.375
M4_XGBoost,303763,2021,3545000.0,2372795.5,1172204.5
M4_XGBoost,320764,2021,2335000.0,1893988.5,441011.5
M4_XGBoost,303081,2021,3750000.0,1526523.875,2223476.125
M4_XGBoost,323940,2021,835000.0,1014590.0,-179590.0
M4_XGBoost,338061,2021,2300000.0,1311448.0,988552.0
M4_XGBoost,255613,2021,3250000.0,2699600.5,550399.5
M4_XGBoost,261857,2021,1995000.0,1060319.375,934680.625
M4_XGBoost,228615,2021,6275000.0,4847192.5,1427807.5
M4_XGBoost,293654,2021,4795000.0,3004378.75,1790621.25
M4_XGBoost,332341,2021,2750000.0,1897684.0,852316.0
M4_XGBoost,279740,2021,2248000.0,1652905.125,595094.875
M4_XGBoost,235674,2021,2898000.0,1320578.5,1577421.5
M4_XGBoost,327768,2021,3695000.0,3063576.5,631423.5
M4_XGBoost,243832,2021,1295000.0,923240.625,371759.375
M4_XGBoost,309018,2021,18535000.0,1949021.75,16585978.25
M4_XGBoost,325692,2021,455000.0,645451.875,-190451.875
M4_XGBoost,229011,2021,2495000.0,2277822.75,217177.25
M4_XGBoost,306527,2021,5477000.0,3267380.0,2209620.0
M4_XGBoost,231548,2021,2800000.0,2181388.0,618612.0
M4_XGBoost,254821,2021,1200000.0,1147907.5,52092.5
M4_XGBoost,344088,2021,4700000.0,2807073.5,1892926.5
M4_XGBoost,291929,2021,3950000.0,1362430.625,2587569.375
M4_XGBoost,289736,2021,2945000.0,2040754.25,904245.75
M4_XGBoost,333372,2021,2925000.0,1734876.625,1190123.375
M4_XGBoost,325400,2021,3050000.0,1403166.25,1646833.75
M4_XGBoost,265933,2021,2200000.0,978110.375,1221889.625
M4_XGBoost,341670,2021,895000.0,849365.875,45634.125
M4_XGBoost,343134,2021,5745000.0,3109791.5,2635208.5
M4_XGBoost,306081,2021,1135000.0,1133998.5,1001.5
M4_XGBoost,281341,2021,3095000.0,2383382.0,711618.0
M4_XGBoost,272813,2021,575000.0,908485.125,-333485.125
M4_XGBoost,234794,2021,1420000.0,900462.375,519537.625
M4_XGBoost,250722,2021,487000.0,686378.625,-199378.625
M4_XGBoost,336826,2021,2215000.0,1867135.625,347864.375
M4_XGBoost,305410,2021,900000.0,1542344.0,-642344.0
M4_XGBoost,336848,2021,1335000.0,1115432.0,219568.0
M4_XGBoost,326139,2021,6695000.0,3016123.25,3678876.75
M4_XGBoost,315658,2021,12350000.0,10816989.0,1533011.0
M4_XGBoost,243104,2021,3600000.0,989919.4375,2610080.5625
M4_XGBoost,236489,2021,595000.0,688379.3125,-93379.3125
M4_XGBoost,310888,2021,4800000.0,1571939.375,3228060.625
M4_XGBoost,285174,2021,4995000.0,3530475.5,1464524.5
M4_XGBoost,277716,2021,1430000.0,1478911.625,-48911.625
M4_XGBoost,325529,2021,7757000.0,6580975.5,1176024.5
M4_XGBoost,278227,2021,1700000.0,1001008.6875,698991.3125
M4_XGBoost,294515,2021,2441000.0,1848666.25,592333.75
M4_XGBoost,259191,2021,1995000.0,1529639.625,465360.375
M4_XGBoost,299346,2021,2200000.0,2111172.75,88827.25
M4_XGBoost,307218,2021,1685000.0,1146445.875,538554.125
M4_XGBoost,240976,2021,1200000.0,805327.625,394672.375
M4_XGBoost,256921,2021,1795000.0,1634910.625,160089.375
M4_XGBoost,282666,2021,3200000.0,2505834.5,694165.5
M4_XGBoost,288554,2021,5900000.0,3202848.0,2697152.0
M4_XGBoost,312533,2021,925000.0,1156624.875,-231624.875
M4_XGBoost,296963,2021,500000.0,1135445.25,-635445.25
M4_XGBoost,253548,2021,3100000.0,1771471.125,1328528.875
M4_XGBoost,314599,2021,1170000.0,847745.75,322254.25
M4_XGBoost,298299,2021,3250000.0,2052670.625,1197329.375
M4_XGBoost,245391,2021,3745000.0,2747125.5,997874.5
M4_XGBoost,296442,2021,550000.0,967395.6875,-417395.6875
M4_XGBoost,327169,2021,5525000.0,3524211.75,2000788.25
M4_XGBoost,302559,2021,1200000.0,1168050.0,31950.0
M4_XGBoost,338864,2021,1345000.0,1781770.875,-436770.875
M4_XGBoost,300783,2021,2200000.0,1701251.25,498748.75
M4_XGBoost,303923,2021,2400000.0,2405087.25,-5087.25
M4_XGBoost,337640,2021,975000.0,1002582.1875,-27582.1875
M4_XGBoost,236291,2021,650000.0,585103.5,64896.5
M4_XGBoost,268652,2021,650000.0,848498.75,-198498.75
M4_XGBoost,249244,2021,2940000.0,1352427.75,1587572.25
M4_XGBoost,285476,2021,1700000.0,785063.125,914936.875
M4_XGBoost,289781,2021,6050000.0,4082663.75,1967336.25
M4_XGBoost,298218,2021,2850000.0,2288192.75,561807.25
M4_XGBoost,290818,2021,3825000.0,3450271.0,374729.0
M4_XGBoost,314598,2021,1800000.0,1172932.625,627067.375
M4_XGBoost,228831,2021,3000000.0,840684.1875,2159315.8125
M4_XGBoost,229658,2021,6800000.0,4335483.0,2464517.0
M4_XGBoost,236102,2021,1300000.0,910658.875,389341.125
M4_XGBoost,239760,2021,325000.0,556754.9375,-231754.9375
M4_XGBoost,320600,2021,1675000.0,1254175.0,420825.0
M4_XGBoost,287837,2021,1300000.0,1868124.125,-568124.125
M4_XGBoost,250853,2021,1900000.0,1919811.625,-19811.625
M4_XGBoost,326663,2021,2675000.0,1920580.75,754419.25
M4_XGBoost,264369,2021,2720000.0,1661990.875,1058009.125
M4_XGBoost,329375,2021,1560000.0,1693221.375,-133221.375
M4_XGBoost,299412,2021,1100000.0,956178.0625,143821.9375
M4_XGBoost,240768,2021,600000.0,432385.6875,167614.3125
M4_XGBoost,264926,2021,1330000.0,777797.1875,552202.8125
M4_XGBoost,300428,2021,1295000.0,859310.75,435689.25
M4_XGBoost,271713,2021,630000.0,677703.6875,-47703.6875
M4_XGBoost,265507,2021,2580000.0,2168962.25,411037.75
M4_XGBoost,323181,2021,3850000.0,2351848.25,1498151.75
M4_XGBoost,288541,2021,5375000.0,1953266.125,3421733.875
M4_XGBoost,267578,2021,1000000.0,1446944.25,-446944.25
M4_XGBoost,269711,2021,865000.0,641633.875,223366.125
M4_XGBoost,315920,2021,695000.0,517254.84375,177745.15625
M4_XGBoost,340871,2021,2549000.0,2206162.75,342837.25
M4_XGBoost,235612,2021,975000.0,801235.3125,173764.6875
M4_XGBoost,317021,2021,2050000.0,1763715.25,286284.75
M4_XGBoost,249292,2021,573750.0,750380.8125,-176630.8125
M4_XGBoost,327475,2021,7000000.0,4870142.5,2129857.5
M4_XGBoost,343370,2021,410000.0,538349.5625,-128349.5625
M4_XGBoost,244954,2021,2480000.0,1876938.75,603061.25
M4_XGBoost,247947,2021,3600000.0,2295053.0,1304947.0
M4_XGBoost,240608,2021,4350000.0,3201287.75,1148712.25
M4_XGBoost,254527,2021,5050000.0,3305403.0,1744597.0
M4_XGBoost,232345,2021,1720000.0,1375151.5,344848.5
M4_XGBoost,254659,2021,1815000.0,1643968.0,171032.0
M4_XGBoost,339695,2021,2200000.0,1846736.75,353263.25
M4_XGBoost,233338,2021,1200000.0,532190.25,667809.75
M4_XGBoost,306551,2021,6011250.0,961161.6875,5050088.3125
M4_XGBoost,304853,2021,3400000.0,3460509.75,-60509.75
M4_XGBoost,270445,2021,2595000.0,2068229.375,526770.625
M4_XGBoost,258751,2021,1650000.0,1456624.75,193375.25
M4_XGBoost,266028,2021,2595000.0,1347128.125,1247871.875
M4_XGBoost,247929,2021,2000000.0,1913281.0,86719.0
M4_XGBoost,257561,2021,10875000.0,7751378.5,3123621.5
M4_XGBoost,235534,2021,900000.0,862767.75,37232.25
M4_XGBoost,331325,2021,600000.0,851576.0,-251576.0
M4_XGBoost,294373,2021,2495000.0,1478086.75,1016913.25
M4_XGBoost,306117,2021,3798000.0,3032956.75,765043.25
M4_XGBoost,333307,2021,3645000.0,3296881.0,348119.0
M4_XGBoost,336478,2021,2430000.0,1719902.125,710097.875
M4_XGBoost,306470,2021,1295000.0,924225.5,370774.5
M4_XGBoost,249857,2021,1676000.0,941238.0625,734761.9375
M4_XGBoost,252433,2021,1745000.0,1047783.3125,697216.6875
M4_XGBoost,308266,2021,1700000.0,1569776.125,130223.875
M4_XGBoost,271324,2021,3295000.0,2539946.5,755053.5
M4_XGBoost,339649,2021,2025000.0,1474634.375,550365.625
M4_XGBoost,243482,2021,450000.0,706629.8125,-256629.8125
M4_XGBoost,336913,2021,1946500.0,1520263.75,426236.25
M4_XGBoost,325561,2021,837813.0,879472.3125,-41659.3125
M4_XGBoost,343188,2021,1900000.0,1698108.25,201891.75
M4_XGBoost,266911,2021,1450000.0,1275258.875,174741.125
M4_XGBoost,311694,2021,1800000.0,2721895.0,-921895.0
M4_XGBoost,334065,2021,1509900.0,826509.25,683390.75
M4_XGBoost,332678,2021,4430000.0,3338900.75,1091099.25
M4_XGBoost,314752,2021,3551000.0,3197089.5,353910.5
M4_XGBoost,328674,2021,3698000.0,2374635.75,1323364.25
M4_XGBoost,322024,2021,482500.0,469248.25,13251.75
M4_XGBoost,292728,2021,1775000.0,740750.125,1034249.875
M4_XGBoost,284453,2021,400000.0,731503.125,-331503.125
M4_XGBoost,343217,2021,575000.0,579248.375,-4248.375
M4_XGBoost,230465,2021,895000.0,681564.0625,213435.9375
M4_XGBoost,241814,2021,1195000.0,1219155.75,-24155.75
M4_XGBoost,265222,2021,1564500.0,1103458.125,461041.875
M4_XGBoost,265981,2021,2200000.0,2213112.75,-13112.75
M4_XGBoost,285310,2021,345000.0,756778.4375,-411778.4375
M4_XGBoost,342304,2021,2786000.0,752837.3125,2033162.6875
M4_XGBoost,248988,2021,1800000.0,1797842.875,2157.125
M4_XGBoost,318379,2021,3200000.0,3320603.5,-120603.5
M4_XGBoost,284981,2021,550000.0,1080060.5,-530060.5
M4_XGBoost,281413,2021,1902500.0,1392346.25,510153.75
M4_XGBoost,269331,2021,2250000.0,1467107.375,782892.625
M4_XGBoost,268953,2021,1100000.0,1058843.0,41157.0
M4_XGBoost,289015,2021,350000.0,1161968.25,-811968.25
M4_XGBoost,328655,2021,1895000.0,901737.625,993262.375
M4_XGBoost,344909,2021,750000.0,1144914.0,-394914.0
M4_XGBoost,280215,2021,1930000.0,1442657.625,487342.375
M4_XGBoost,310445,2021,2306000.0,2410122.5,-104122.5
M4_XGBoost,315379,2021,320000.0,623673.4375,-303673.4375
M4_XGBoost,242308,2021,660000.0,659304.3125,695.6875
M4_XGBoost,320463,2021,1000000.0,1651652.5,-651652.5
M4_XGBoost,227996,2021,2750000.0,2465061.25,284938.75
M4_XGBoost,325699,2021,1048000.0,1064283.5,-16283.5
M4_XGBoost,248350,2021,733750.0,693531.5625,40218.4375
M4_XGBoost,289903,2021,1200000.0,1154651.0,45349.0
M4_XGBoost,336357,2021,1870000.0,1475212.5,394787.5
M4_XGBoost,276875,2021,1160000.0,1050644.125,109355.875
M4_XGBoost,292209,2021,4750000.0,2609774.0,2140226.0
M4_XGBoost,270592,2021,675000.0,910284.6875,-235284.6875
M4_XGBoost,282452,2021,10800000.0,8056246.5,2743753.5
M4_XGBoost,247008,2021,1143000.0,1178095.0,-35095.0
M4_XGBoost,336220,2021,4295000.0,2612921.75,1682078.25
M4_XGBoost,322899,2021,3195000.0,1669047.875,1525952.125
M4_XGBoost,282027,2021,1300000.0,1119983.5,180016.5
M4_XGBoost,338572,2021,1850000.0,1412232.0,437768.0
M4_XGBoost,306622,2021,3675000.0,2469301.25,1205698.75
M4_XGBoost,227098,2021,1400000.0,471221.90625,928778.09375
M4_XGBoost,255585,2021,4100000.0,3078545.5,1021454.5
M4_XGBoost,326549,2021,3595000.0,2819057.25,775942.75
M4_XGBoost,168367,2022,2095000.0,1192424.375,902575.625
M4_XGBoost,198283,2022,1240000.0,1288992.375,-48992.375
M4_XGBoost,200438,2022,748000.0,706296.3125,41703.6875
M4_XGBoost,154559,2022,2900000.0,845157.75,2054842.25
M4_XGBoost,197962,2022,1650000.0,1286040.625,363959.375
M4_XGBoost,180367,2022,2450000.0,1775821.625,674178.375
M4_XGBoost,209457,2022,1495000.0,1729250.5,-234250.5
M4_XGBoost,153031,2022,4045000.0,2573126.25,1471873.75
M4_XGBoost,192387,2022,650000.0,511041.46875,138958.53125
M4_XGBoost,150920,2022,1900000.0,2462181.0,-562181.0
M4_XGBoost,195085,2022,800000.0,853945.0625,-53945.0625
M4_XGBoost,211871,2022,3675000.0,2362028.25,1312971.75
M4_XGBoost,176837,2022,1125000.0,995494.6875,129505.3125
M4_XGBoost,197265,2022,2575000.0,1738454.125,836545.875
M4_XGBoost,169795,2022,2300000.0,2305989.75,-5989.75
M4_XGBoost,189560,2022,2750000.0,1527493.75,1222506.25
M4_XGBoost,148192,2022,1005000.0,749587.625,255412.375
M4_XGBoost,188745,2022,11850000.0,5245920.0,6604080.0
M4_XGBoost,171569,2022,6453165.0,1204632.75,5248532.25
M4_XGBoost,193105,2022,540000.0,719901.3125,-179901.3125
M4_XGBoost,192022,2022,950000.0,520067.84375,429932.15625
M4_XGBoost,149114,2022,2750000.0,1665441.75,1084558.25
M4_XGBoost,168084,2022,2695000.0,1879821.125,815178.875
M4_XGBoost,177616,2022,3650000.0,1799918.625,1850081.375
M4_XGBoost,207583,2022,3750000.0,2593624.0,1156376.0
M4_XGBoost,208515,2022,2620000.0,2105976.5,514023.5
M4_XGBoost,180077,2022,1800000.0,1236235.375,563764.625
M4_XGBoost,203537,2022,11145000.0,2088502.0,9056498.0
M4_XGBoost,201020,2022,3000000.0,1781945.875,1218054.125
M4_XGBoost,158960,2022,9900000.0,10834581.0,-934581.0
M4_XGBoost,197059,2022,2195000.0,2121852.5,73147.5
M4_XGBoost,180449,2022,2305000.0,1137970.0,1167030.0
M4_XGBoost,219841,2022,1495000.0,865014.4375,629985.5625
M4_XGBoost,205216,2022,1530000.0,1206326.125,323673.875
M4_XGBoost,186997,2022,750000.0,836493.5625,-86493.5625
M4_XGBoost,197436,2022,400000.0,515082.03125,-115082.03125
M4_XGBoost,196028,2022,1075000.0,946363.125,128636.875
M4_XGBoost,209791,2022,3595000.0,2303785.25,1291214.75
M4_XGBoost,157976,2022,2425000.0,1420249.25,1004750.75
M4_XGBoost,180377,2022,1105000.0,718650.8125,386349.1875
M4_XGBoost,149375,2022,2925000.0,2389884.75,535115.25
M4_XGBoost,147686,2022,1500000.0,1241862.375,258137.625
M4_XGBoost,187322,2022,5175000.0,3418354.25,1756645.75
M4_XGBoost,184964,2022,1545000.0,1424503.25,120496.75
M4_XGBoost,224052,2022,1985000.0,1611826.375,373173.625
M4_XGBoost,162247,2022,3600000.0,2673291.5,926708.5
M4_XGBoost,199788,2022,3295000.0,2070445.625,1224554.375
M4_XGBoost,211380,2022,2855000.0,1456979.125,1398020.875
M4_XGBoost,164630,2022,925000.0,1188961.0,-263961.0
M4_XGBoost,149280,2022,1200000.0,1183746.375,16253.625
M4_XGBoost,163079,2022,297500.0,735999.0625,-438499.0625
M4_XGBoost,189868,2022,7720000.0,3393593.5,4326406.5
M4_XGBoost,145818,2022,7500000.0,3861847.5,3638152.5
M4_XGBoost,145534,2022,1575000.0,1817514.5,-242514.5
M4_XGBoost,187519,2022,1062500.0,906128.9375,156371.0625
M4_XGBoost,215864,2022,2250000.0,812785.625,1437214.375
M4_XGBoost,191098,2022,1630000.0,660012.0625,969987.9375
M4_XGBoost,168091,2022,935000.0,771002.75,163997.25
M4_XGBoost,200101,2022,875000.0,786727.0,88273.0
M4_XGBoost,150355,2022,892500.0,905204.8125,-12704.8125
M4_XGBoost,223366,2022,4620000.0,2341075.75,2278924.25
M4_XGBoost,149543,2022,2750000.0,1939099.125,810900.875
M4_XGBoost,157674,2022,1000000.0,472156.21875,527843.78125
M4_XGBoost,158306,2022,3350000.0,2037178.375,1312821.625
M4_XGBoost,180662,2022,1220000.0,945750.5,274249.5
M4_XGBoost,169180,2022,3455000.0,1033602.9375,2421397.0625
M4_XGBoost,151717,2022,4950000.0,1532209.25,3417790.75
M4_XGBoost,222628,2022,3950000.0,2813057.75,1136942.25
M4_XGBoost,205531,2022,2385000.0,2078878.125,306121.875
M4_XGBoost,222365,2022,3145000.0,2494637.25,650362.75
M4_XGBoost,199833,2022,2195000.0,1180732.625,1014267.375
M4_XGBoost,189634,2022,3640000.0,1455674.875,2184325.125
M4_XGBoost,151350,2022,425000.0,785690.75,-360690.75
M4_XGBoost,157913,2022,2698000.0,2793802.75,-95802.75
M4_XGBoost,221276,2022,3195000.0,1371884.625,1823115.375
M4_XGBoost,178106,2022,1050000.0,664936.8125,385063.1875
M4_XGBoost,190510,2022,975000.0,953475.375,21524.625
M4_XGBoost,176638,2022,2795000.0,1346211.125,1448788.875
M4_XGBoost,169934,2022,1425000.0,627892.75,797107.25
M4_XGBoost,161577,2022,1485000.0,1232929.25,252070.75
M4_XGBoost,205148,2022,1600000.0,1359505.125,240494.875
M4_XGBoost,211722,2022,275000.0,1295813.25,-1020813.25
M4_XGBoost,161564,2022,4600000.0,2166452.5,2433547.5
M4_XGBoost,192469,2022,4500000.0,2791823.75,1708176.25
M4_XGBoost,226015,2022,285000.0,897325.6875,-612325.6875
M4_XGBoost,180057,2022,2175000.0,2835469.5,-660469.5
M4_XGBoost,181823,2022,1975000.0,1604461.75,370538.25
M4_XGBoost,199672,2022,5870000.0,2749694.25,3120305.75
M4_XGBoost,174377,2022,960000.0,1324814.375,-364814.375
M4_XGBoost,154432,2022,775000.0,742308.0,32692.0
M4_XGBoost,160210,2022,650000.0,775971.625,-125971.625
M4_XGBoost,180147,2022,615000.0,712280.0,-97280.0
M4_XGBoost,148203,2022,523000.0,1836597.25,-1313597.25
M4_XGBoost,188018,2022,1550000.0,1305611.5,244388.5
M4_XGBoost,180519,2022,1625000.0,1001489.0,623511.0
M4_XGBoost,180624,2022,1000000.0,1273669.0,-273669.0
M4_XGBoost,226773,2022,4450000.0,3794165.75,655834.25
M4_XGBoost,210015,2022,2900000.0,2798714.75,101285.25
M4_XGBoost,176361,2022,595000.0,1552729.5,-957729.5
M4_XGBoost,171867,2022,1075205.0,735704.375,339500.625
M4_XGBoost,147896,2022,450000.0,1946328.375,-1496328.375
M4_XGBoost,199803,2022,1650000.0,1570557.75,79442.25
M4_XGBoost,146441,2022,540000.0,785180.6875,-245180.6875
M4_XGBoost,203543,2022,3495000.0,2096218.25,1398781.75
M4_XGBoost,153706,2022,3995000.0,3430581.5,564418.5
M4_XGBoost,223115,2022,775000.0,845531.0,-70531.0
M4_XGBoost,189934,2022,1200000.0,1296375.625,-96375.625
M4_XGBoost,164653,2022,1020000.0,1458270.5,-438270.5
M4_XGBoost,165408,2022,5000000.0,1825768.25,3174231.75
M4_XGBoost,175103,2022,3200000.0,3012231.0,187769.0
M4_XGBoost,166160,2022,1700000.0,1269562.875,430437.125
M4_XGBoost,222259,2022,2735000.0,1232611.875,1502388.125
M4_XGBoost,217428,2022,591000.0,1192050.25,-601050.25
M4_XGBoost,179348,2022,3247000.0,1934928.0,1312072.0
M4_XGBoost,194951,2022,700000.0,853356.4375,-153356.4375
M4_XGBoost,225816,2022,4615000.0,866813.0625,3748186.9375
M4_XGBoost,164471,2022,2795000.0,1473684.0,1321316.0
M4_XGBoost,151937,2022,650000.0,1294312.625,-644312.625
M4_XGBoost,155981,2022,1335000.0,718000.6875,616999.3125
M4_XGBoost,188612,2022,460000.0,533796.0,-73796.0
M4_XGBoost,192963,2022,1400000.0,1391965.25,8034.75
M4_XGBoost,201102,2022,2550000.0,1520526.125,1029473.875
M4_XGBoost,201892,2022,2325000.0,1711144.375,613855.625
M4_XGBoost,187530,2022,1400000.0,1593961.375,-193961.375
M4_XGBoost,161579,2022,3700000.0,1779076.25,1920923.75
M4_XGBoost,156426,2022,450000.0,762660.8125,-312660.8125
M4_XGBoost,175671,2022,6500000.0,7181259.0,-681259.0
M4_XGBoost,163262,2022,2075000.0,1237622.625,837377.375
M4_XGBoost,207856,2022,1065000.0,1236599.75,-171599.75
M4_XGBoost,218553,2022,4100000.0,2174481.75,1925518.25
M4_XGBoost,203632,2022,725000.0,1374509.0,-649509.0
M4_XGBoost,180107,2022,1100000.0,705478.375,394521.625
M4_XGBoost,150211,2022,690000.0,787181.0,-97181.0
M4_XGBoost,198738,2022,1810000.0,1118689.625,691310.375
M4_XGBoost,204030,2022,5195000.0,1551773.25,3643226.75
M4_XGBoost,174344,2022,1295000.0,1090803.125,204196.875
M4_XGBoost,173714,2022,3850000.0,2717309.5,1132690.5
M4_XGBoost,219520,2022,637500.0,580609.4375,56890.5625
M4_XGBoost,203442,2022,2850000.0,1635663.875,1214336.125
M4_XGBoost,201148,2022,4900000.0,2842021.0,2057979.0
M4_XGBoost,157662,2022,1375000.0,825467.875,549532.125
M4_XGBoost,166803,2022,3495000.0,2805267.0,689733.0
M4_XGBoost,147344,2022,1025000.0,1128822.5,-103822.5
M4_XGBoost,169563,2022,2800000.0,2318767.0,481233.0
M4_XGBoost,174459,2022,1250000.0,818600.4375,431399.5625
M4_XGBoost,212442,2022,1349000.0,1545704.25,-196704.25
M4_XGBoost,202468,2022,1070000.0,1006473.5625,63526.4375
M4_XGBoost,224391,2022,1470000.0,1693176.125,-223176.125
M4_XGBoost,192708,2022,1770000.0,1023400.1875,746599.8125
M4_XGBoost,145944,2022,390000.0,399910.375,-9910.375
M4_XGBoost,193475,2022,660000.0,890680.625,-230680.625
M4_XGBoost,210034,2022,1245000.0,1001770.75,243229.25
M4_XGBoost,208863,2022,1350000.0,1115958.625,234041.375
M4_XGBoost,188591,2022,425000.0,530372.8125,-105372.8125
M4_XGBoost,179491,2022,1695000.0,1181168.5,513831.5
M4_XGBoost,174545,2022,1897500.0,1697701.875,199798.125
M4_XGBoost,205059,2022,1075000.0,1337829.375,-262829.375
M4_XGBoost,194906,2022,1595000.0,725315.8125,869684.1875
M4_XGBoost,219843,2022,1600000.0,1142359.625,457640.375
M4_XGBoost,155869,2022,6300000.0,4511841.0,1788159.0
M4_XGBoost,223062,2022,1695000.0,266239.9375,1428760.0625
M4_XGBoost,212196,2022,4275000.0,2398502.0,1876498.0
M4_XGBoost,216969,2022,2250000.0,1113284.125,1136715.875
M4_XGBoost,167380,2022,4050000.0,1953461.75,2096538.25
M4_XGBoost,206670,2022,1150000.0,1016565.75,133434.25
M4_XGBoost,197162,2022,1695000.0,1243694.75,451305.25
M4_XGBoost,162027,2022,1950000.0,2064709.625,-114709.625
M4_XGBoost,203605,2022,562500.0,427155.90625,135344.09375
M4_XGBoost,146402,2022,4395000.0,3816728.25,578271.75
M4_XGBoost,189712,2022,1800000.0,1325644.625,474355.375
M4_XGBoost,225733,2022,2195000.0,1752996.5,442003.5
M4_XGBoost,218209,2022,467500.0,571840.75,-104340.75
M4_XGBoost,193597,2022,325000.0,1769424.75,-1444424.75
M4_XGBoost,167765,2022,1050000.0,1133665.375,-83665.375
M4_XGBoost,218402,2022,1100000.0,1225926.125,-125926.125
M4_XGBoost,198022,2022,2610000.0,2281050.75,328949.25
M4_XGBoost,199281,2022,1020000.0,693962.3125,326037.6875
M4_XGBoost,185964,2022,1212500.0,1162392.75,50107.25
M4_XGBoost,178172,2022,2100000.0,1206352.625,893647.375
M4_XGBoost,148704,2022,5995000.0,4019667.0,1975333.0
M4_XGBoost,182232,2022,3000000.0,1172719.0,1827281.0
M4_XGBoost,205199,2022,2250000.0,1574670.125,675329.875
M4_XGBoost,195908,2022,475000.0,541476.5625,-66476.5625
M4_XGBoost,215129,2022,1510000.0,1079329.375,430670.625
M4_XGBoost,225846,2022,2925000.0,2807716.0,117284.0
M4_XGBoost,213650,2022,3095000.0,1931614.75,1163385.25
M4_XGBoost,157970,2022,350000.0,1033347.6875,-683347.6875
M4_XGBoost,221475,2022,1695000.0,1050299.5,644700.5
M4_XGBoost,153416,2022,465000.0,1512762.0,-1047762.0
M4_XGBoost,149578,2022,3250000.0,3008955.0,241045.0
M4_XGBoost,216570,2022,3550000.0,1873306.875,1676693.125
M4_XGBoost,203953,2022,1498000.0,1051531.25,446468.75
M4_XGBoost,225538,2022,6850000.0,2963854.0,3886146.0
M4_XGBoost,168588,2022,2850000.0,4478916.0,-1628916.0
M4_XGBoost,220918,2022,10200000.0,7985697.0,2214303.0
M4_XGBoost,222960,2022,5925000.0,3616950.0,2308050.0
M4_XGBoost,164460,2022,1600000.0,1503483.75,96516.25
M4_XGBoost,176421,2022,1600000.0,1079519.875,520480.125
M4_XGBoost,191287,2022,2100000.0,1804318.375,295681.625
M4_XGBoost,184389,2022,925000.0,1073397.25,-148397.25
M4_XGBoost,171337,2022,575000.0,688984.1875,-113984.1875
M4_XGBoost,202754,2022,1800000.0,1234231.625,565768.375
M4_XGBoost,216640,2022,1533000.0,1354136.375,178863.625
M4_XGBoost,225567,2022,3298000.0,3124241.5,173758.5
M4_XGBoost,153337,2022,1667500.0,1010518.8125,656981.1875
M4_XGBoost,167076,2022,1700000.0,1122941.75,577058.25
M4_XGBoost,212704,2022,1275000.0,2232336.5,-957336.5
M4_XGBoost,153584,2022,1525000.0,1313602.25,211397.75
M4_XGBoost,188571,2022,3570000.0,1195218.25,2374781.75
M4_XGBoost,222972,2022,3400000.0,1856533.625,1543466.375
M4_XGBoost,162735,2022,4250000.0,2687545.25,1562454.75
M4_XGBoost,146188,2022,1075000.0,2804397.75,-1729397.75
M4_XGBoost,173895,2022,480000.0,558358.625,-78358.625
M4_XGBoost,215149,2022,3450000.0,1598755.375,1851244.625
M4_XGBoost,182286,2022,2395000.0,1510232.125,884767.875
M4_XGBoost,177498,2022,2630000.0,1045990.25,1584009.75
M4_XGBoost,185196,2022,1045000.0,1095642.875,-50642.875
M4_XGBoost,206422,2022,714500.0,627577.25,86922.75
M4_XGBoost,200652,2022,1100000.0,1225137.25,-125137.25
M4_XGBoost,181406,2022,1595000.0,946102.3125,648897.6875
M4_XGBoost,182411,2022,1125000.0,1579416.75,-454416.75
M4_XGBoost,166200,2022,450000.0,812513.625,-362513.625
M4_XGBoost,223507,2022,1145000.0,872988.625,272011.375
M4_XGBoost,224570,2022,1775000.0,1151313.875,623686.125
M4_XGBoost,155928,2022,2050000.0,1883589.625,166410.375
M4_XGBoost,160037,2022,1950000.0,1375800.75,574199.25
M4_XGBoost,193884,2022,1300000.0,780135.0,519865.0
M4_XGBoost,203527,2022,2700000.0,2280444.0,419556.0
M4_XGBoost,221940,2022,2995000.0,1258903.625,1736096.375
M4_XGBoost,175035,2022,1850000.0,1835095.125,14904.875
M4_XGBoost,169817,2022,6995000.0,3789020.25,3205979.75
M4_XGBoost,184439,2022,4850000.0,2109834.25,2740165.75
M4_XGBoost,163635,2022,1495000.0,1049676.625,445323.375
M4_XGBoost,198094,2022,4125000.0,816190.9375,3308809.0625
M4_XGBoost,193316,2022,1600000.0,1331725.625,268274.375
M4_XGBoost,175071,2022,1225000.0,607961.375,617038.625
M4_XGBoost,218531,2022,1750000.0,1854321.875,-104321.875
M4_XGBoost,182180,2022,2095000.0,1691088.0,403912.0
M4_XGBoost,179532,2022,1600000.0,1829269.625,-229269.625
M4_XGBoost,156822,2022,1295000.0,1107690.25,187309.75
M4_XGBoost,147341,2022,1550000.0,489998.4375,1060001.5625
M4_XGBoost,175843,2022,1795000.0,2039022.875,-244022.875
M4_XGBoost,163266,2022,1400000.0,1224505.25,175494.75
M4_XGBoost,175734,2022,1900000.0,1738918.375,161081.625
M4_XGBoost,225668,2022,2300000.0,1757360.25,542639.75
M4_XGBoost,161813,2022,750000.0,901658.5,-151658.5
M4_XGBoost,221758,2022,2100000.0,1734413.5,365586.5
M4_XGBoost,169886,2022,310000.0,546215.4375,-236215.4375
M4_XGBoost,157738,2022,835000.0,1015830.1875,-180830.1875
M4_XGBoost,181784,2022,1380000.0,1233526.75,146473.25
M4_XGBoost,207484,2022,1700000.0,1139763.25,560236.75
M4_XGBoost,153344,2022,750000.0,847210.6875,-97210.6875
M4_XGBoost,145575,2022,612000.0,678692.625,-66692.625
M4_XGBoost,210728,2022,1715000.0,1284983.875,430016.125
M4_XGBoost,167064,2022,1585000.0,1144987.125,440012.875
M4_XGBoost,171209,2022,1425000.0,655866.4375,769133.5625
M4_XGBoost,202306,2022,1475000.0,821940.75,653059.25
M4_XGBoost,198864,2022,725000.0,1394008.375,-669008.375
M4_XGBoost,151555,2022,1800000.0,1021865.125,778134.875
M4_XGBoost,149826,2022,650000.0,657173.125,-7173.125
M4_XGBoost,177207,2022,750000.0,648497.375,101502.625
M4_XGBoost,157425,2022,1185000.0,1446334.375,-261334.375
M4_XGBoost,167959,2022,977500.0,799505.6875,177994.3125
M4_XGBoost,201061,2022,1425000.0,1458767.0,-33767.0
M4_XGBoost,180056,2022,750000.0,773666.875,-23666.875
M4_XGBoost,191926,2022,2475000.0,1536619.75,938380.25
M4_XGBoost,220779,2022,830000.0,625521.8125,204478.1875
M4_XGBoost,150214,2022,705500.0,854404.5,-148904.5
M4_XGBoost,180019,2022,845000.0,1075160.5,-230160.5
M4_XGBoost,152637,2022,1950000.0,1272161.375,677838.625
M4_XGBoost,209102,2022,1060000.0,1134426.75,-74426.75
M4_XGBoost,209292,2022,2500000.0,1643455.375,856544.625
M4_XGBoost,176446,2022,716000.0,921488.375,-205488.375
M4_XGBoost,153534,2022,2350000.0,1355874.5,994125.5
M4_XGBoost,224945,2022,2600000.0,818050.25,1781949.75
M4_XGBoost,222344,2022,3100000.0,2000143.375,1099856.625
M4_XGBoost,222858,2022,3550000.0,1793766.875,1756233.125
M4_XGBoost,217442,2022,455509.0,748608.9375,-293099.9375
M4_XGBoost,168200,2022,5050000.0,3659526.0,1390474.0
M4_XGBoost,158142,2022,1500000.0,583593.875,916406.125
M4_XGBoost,162964,2022,900000.0,1371449.0,-471449.0
M4_XGBoost,192153,2022,2295000.0,1438017.625,856982.375
M4_XGBoost,216597,2022,2380500.0,1352396.75,1028103.25
M4_XGBoost,181257,2022,688500.0,480938.1875,207561.8125
M4_XGBoost,177794,2022,3795000.0,2024104.625,1770895.375
M4_XGBoost,170792,2022,1750000.0,1054570.125,695429.875
M4_XGBoost,202016,2022,2301000.0,918871.5,1382128.5
M4_XGBoost,186381,2022,1000000.0,655061.3125,344938.6875
M4_XGBoost,224061,2022,2850000.0,2153623.0,696377.0
M4_XGBoost,163978,2022,975000.0,842059.5,132940.5
M4_XGBoost,183968,2022,5300000.0,1717094.75,3582905.25
M4_XGBoost,170163,2022,1700000.0,1224554.375,475445.625
M4_XGBoost,161184,2022,1095000.0,667801.625,427198.375
M4_XGBoost,218933,2022,1300000.0,981177.5625,318822.4375
M4_XGBoost,156282,2022,3500000.0,2573148.25,926851.75
M4_XGBoost,178465,2022,1197000.0,1475071.875,-278071.875
M4_XGBoost,211744,2022,1500000.0,882506.1875,617493.8125
M4_XGBoost,216574,2022,425000.0,1054418.25,-629418.25
M4_XGBoost,170761,2022,1650000.0,1000085.0,649915.0
M4_XGBoost,153125,2022,3700000.0,2918265.5,781734.5
M4_XGBoost,192895,2022,1290000.0,740526.9375,549473.0625
M4_XGBoost,226137,2022,1654321.0,913498.875,740822.125
M4_XGBoost,174256,2022,1450000.0,874019.875,575980.125
M4_XGBoost,199879,2022,1800000.0,924786.25,875213.75
M4_XGBoost,200690,2022,1195000.0,790626.8125,404373.1875
M4_XGBoost,219518,2022,4210000.0,2342757.5,1867242.5
M4_XGBoost,207509,2022,1300000.0,1348647.5,-48647.5
M4_XGBoost,217737,2022,1200000.0,1087069.75,112930.25
M4_XGBoost,186449,2022,1350000.0,1138423.75,211576.25
M4_XGBoost,214634,2022,7498000.0,4396451.5,3101548.5
M4_XGBoost,157507,2022,5000000.0,2393452.0,2606548.0
M4_XGBoost,222488,2022,499000.0,684314.5625,-185314.5625
M4_XGBoost,171740,2022,1200000.0,1219130.125,-19130.125
M4_XGBoost,147387,2022,1850000.0,736498.3125,1113501.6875
M4_XGBoost,174477,2022,3675000.0,2685073.0,989927.0
M4_XGBoost,204094,2022,2400000.0,1612918.125,787081.875
M4_XGBoost,148367,2022,650000.0,540155.6875,109844.3125
M4_XGBoost,210171,2022,1895000.0,1194384.25,700615.75
M4_XGBoost,179428,2022,586500.0,777058.0,-190558.0
M4_XGBoost,178272,2022,1275000.0,1401216.5,-126216.5
M4_XGBoost,180700,2022,3298000.0,1736396.125,1561603.875
M4_XGBoost,179150,2022,275000.0,664589.375,-389589.375
M4_XGBoost,213425,2022,2950000.0,1377204.125,1572795.875
M4_XGBoost,221936,2022,4375000.0,2666427.0,1708573.0
M4_XGBoost,211082,2022,2798000.0,1019006.9375,1778993.0625
M4_XGBoost,209099,2022,6407000.0,3266563.75,3140436.25
M4_XGBoost,184020,2022,1995000.0,1292011.375,702988.625
M4_XGBoost,210404,2022,1085000.0,1184895.0,-99895.0
M4_XGBoost,181231,2022,2755000.0,1401225.875,1353774.125
M4_XGBoost,154296,2022,2500000.0,1097378.75,1402621.25
M4_XGBoost,149011,2022,9400000.0,8100476.0,1299524.0
M4_XGBoost,185624,2022,1475000.0,1249184.125,225815.875
M4_XGBoost,202803,2022,2650000.0,1816776.25,833223.75
M4_XGBoost,167733,2022,1260000.0,908418.375,351581.625
M4_XGBoost,197770,2022,1545000.0,1144716.375,400283.625
M4_XGBoost,152878,2022,3600000.0,2056016.875,1543983.125
M4_XGBoost,215036,2022,6200000.0,2606702.0,3593298.0
M4_XGBoost,181410,2022,1800000.0,1478086.75,321913.25
M4_XGBoost,148750,2022,1275000.0,1329326.125,-54326.125
M4_XGBoost,174266,2022,3250000.0,3022204.25,227795.75
M4_XGBoost,196547,2022,3250000.0,1554402.25,1695597.75
M4_XGBoost,210375,2022,1162500.0,1044982.1875,117517.8125
M4_XGBoost,211403,2022,1600000.0,1102975.25,497024.75
M4_XGBoost,185322,2022,3550000.0,1154212.875,2395787.125
M4_XGBoost,185815,2022,2685000.0,2035160.75,649839.25
M4_XGBoost,196507,2022,1865000.0,1995519.25,-130519.25
M4_XGBoost,162708,2022,3745000.0,2742066.0,1002934.0
M4_XGBoost,204291,2022,2880000.0,1647566.875,1232433.125
M4_XGBoost,183949,2022,1920000.0,1166243.5,753756.5
M4_XGBoost,179335,2022,615719.0,871404.0625,-255685.0625
M4_XGBoost,210548,2022,1350000.0,1284065.125,65934.875
M4_XGBoost,194843,2022,695000.0,1576138.0,-881138.0
M4_XGBoost,197291,2022,2000000.0,2441857.75,-441857.75
M4_XGBoost,169127,2022,4525000.0,3843183.25,681816.75
M4_XGBoost,198190,2022,4500000.0,3240939.25,1259060.75
M4_XGBoost,219629,2022,3400000.0,1624881.75,1775118.25
M4_XGBoost,210163,2022,3780000.0,1930999.625,1849000.375
M4_XGBoost,164594,2022,355000.0,439801.28125,-84801.28125
M4_XGBoost,183098,2022,570000.0,912606.375,-342606.375
M4_XGBoost,212746,2022,1100000.0,904467.875,195532.125
M4_XGBoost,151963,2022,4300000.0,3865771.75,434228.25
M4_XGBoost,173047,2022,1000000.0,748925.25,251074.75
M4_XGBoost,169101,2022,1800000.0,927297.9375,872702.0625
M4_XGBoost,145597,2022,4060000.0,1931498.75,2128501.25
M4_XGBoost,203413,2022,1770000.0,1197005.75,572994.25
M4_XGBoost,203549,2022,1650000.0,1617482.25,32517.75
M4_XGBoost,178098,2022,3295000.0,2257358.75,1037641.25
M4_XGBoost,177270,2022,3125000.0,1459570.0,1665430.0
M4_XGBoost,175898,2022,1625000.0,1443217.75,181782.25
M4_XGBoost,181219,2022,900000.0,1021860.25,-121860.25
M4_XGBoost,179045,2022,1700000.0,1012539.8125,687460.1875
M4_XGBoost,220086,2022,988705.0,664646.4375,324058.5625
M4_XGBoost,178134,2022,2490000.0,536255.3125,1953744.6875
M4_XGBoost,187073,2022,4000000.0,1823377.375,2176622.625
M4_XGBoost,198561,2022,6487805.0,1187756.25,5300048.75
M4_XGBoost,189530,2022,1430000.0,1922574.625,-492574.625
M4_XGBoost,204348,2022,1035000.0,1159253.125,-124253.125
M4_XGBoost,174166,2022,890000.0,823503.6875,66496.3125
M4_XGBoost,215914,2022,1625000.0,1317933.875,307066.125
M4_XGBoost,208084,2022,6105000.0,2772029.5,3332970.5
M4_XGBoost,202047,2022,950000.0,602036.4375,347963.5625
M4_XGBoost,203254,2022,2300000.0,792244.3125,1507755.6875
M4_XGBoost,205747,2022,1890000.0,1817370.625,72629.375
M4_XGBoost,165433,2022,6800000.0,1258769.125,5541230.875
M4_XGBoost,182433,2022,2150000.0,1445855.875,704144.125
M4_XGBoost,210343,2022,3550000.0,1398243.75,2151756.25
M4_XGBoost,213216,2022,1000000.0,1152616.75,-152616.75
M4_XGBoost,180883,2022,1606000.0,1004361.25,601638.75
M4_XGBoost,204256,2022,6200000.0,4382503.5,1817496.5
M4_XGBoost,173596,2022,1325000.0,877198.0625,447801.9375
M4_XGBoost,185487,2022,3015000.0,2226487.5,788512.5
M4_XGBoost,157487,2022,3225000.0,2254688.5,970311.5
M4_XGBoost,154429,2022,525000.0,398010.28125,126989.71875
M4_XGBoost,220019,2022,2150000.0,1376971.625,773028.375
M4_XGBoost,175953,2022,3320000.0,1375433.5,1944566.5
M4_XGBoost,183279,2022,525000.0,911044.5625,-386044.5625
M4_XGBoost,163365,2022,2225000.0,1774206.75,450793.25
M4_XGBoost,222875,2022,2400000.0,2141702.75,258297.25
M4_XGBoost,221028,2022,1015000.0,1171062.625,-156062.625
M4_XGBoost,190225,2022,2320000.0,1452473.0,867527.0
M4_XGBoost,148464,2022,595000.0,745308.5625,-150308.5625
M4_XGBoost,175975,2022,1350000.0,547473.875,802526.125
M4_XGBoost,207337,2022,1650000.0,770129.75,879870.25
M4_XGBoost,225705,2022,430000.0,581367.4375,-151367.4375
M4_XGBoost,154213,2022,3400000.0,2006583.875,1393416.125
M4_XGBoost,225101,2022,1600000.0,861200.125,738799.875
M4_XGBoost,176696,2022,5240000.0,3374452.75,1865547.25
M4_XGBoost,172564,2022,1530000.0,1360001.75,169998.25
M4_XGBoost,207570,2022,3795000.0,1559147.25,2235852.75
M4_XGBoost,173562,2022,3095000.0,2406406.5,688593.5
M4_XGBoost,149666,2022,2800000.0,2043015.125,756984.875
M4_XGBoost,150868,2022,1105000.0,1182055.375,-77055.375
M4_XGBoost,161152,2022,3125000.0,919907.875,2205092.125
M4_XGBoost,189827,2022,2050000.0,2053878.75,-3878.75
M4_XGBoost,150047,2022,1100000.0,620547.375,479452.625
M4_XGBoost,187202,2022,745000.0,1150672.75,-405672.75
M4_XGBoost,186526,2022,4350000.0,2567520.25,1782479.75
M4_XGBoost,222857,2022,450000.0,553722.9375,-103722.9375
M4_XGBoost,152044,2022,2206000.0,4441362.0,-2235362.0
M4_XGBoost,221324,2022,3025000.0,1773004.125,1251995.875
M4_XGBoost,148049,2022,256000.0,768780.25,-512780.25
M4_XGBoost,179100,2022,1800000.0,868116.0,931884.0
M4_XGBoost,224965,2022,2445000.0,783750.25,1661249.75
M4_XGBoost,214983,2022,8400000.0,3633517.25,4766482.75
M4_XGBoost,154562,2022,3550000.0,2070858.25,1479141.75
M4_XGBoost,194964,2022,3700000.0,2561552.5,1138447.5
M4_XGBoost,183908,2022,1495000.0,1153781.375,341218.625
M4_XGBoost,183944,2022,4700000.0,3915643.5,784356.5
M4_XGBoost,197182,2022,3648000.0,1895958.25,1752041.75
M4_XGBoost,168409,2022,4000000.0,3255303.0,744697.0
M4_XGBoost,179819,2022,470000.0,740363.0625,-270363.0625
M4_XGBoost,152077,2022,1150000.0,1057875.0,92125.0
M4_XGBoost,177235,2022,715000.0,692387.625,22612.375
M4_XGBoost,215081,2022,9200000.0,3390885.75,5809114.25
M4_XGBoost,177290,2022,3500000.0,1509685.0,1990315.0
M4_XGBoost,182463,2022,3100000.0,1759968.25,1340031.75
M4_XGBoost,166246,2022,1440000.0,725830.625,714169.375
M4_XGBoost,188392,2022,6450000.0,5182653.0,1267347.0
M4_XGBoost,181456,2022,3600000.0,2862689.25,737310.75
M4_XGBoost,226234,2022,5128098.0,1625563.75,3502534.25
M4_XGBoost,172025,2022,2950000.0,1815988.125,1134011.875
M4_XGBoost,217141,2022,1200000.0,1394963.25,-194963.25
M4_XGBoost,224925,2022,3125000.0,756186.125,2368813.875
M4_XGBoost,158654,2022,2600000.0,803747.8125,1796252.1875
M4_XGBoost,225865,2022,1070000.0,1561881.125,-491881.125
M4_XGBoost,191919,2022,2125000.0,1603253.5,521746.5
M4_XGBoost,218727,2022,3296004.0,1305927.875,1990076.125
M4_XGBoost,146794,2022,545000.0,672846.0625,-127846.0625
M4_XGBoost,201723,2022,2670000.0,1642346.125,1027653.875
M4_XGBoost,166373,2022,1395000.0,1379983.375,15016.625
M4_XGBoost,217359,2022,2575000.0,2130646.75,444353.25
M4_XGBoost,151486,2022,3350000.0,2497682.0,852318.0
M4_XGBoost,194090,2022,1360000.0,1009875.25,350124.75
M4_XGBoost,152422,2022,8100000.0,5090303.5,3009696.5
M4_XGBoost,168735,2022,2000000.0,1143449.625,856550.375
M4_XGBoost,151504,2022,8750000.0,5546104.0,3203896.0
M4_XGBoost,205966,2022,800000.0,418663.09375,381336.90625
M4_XGBoost,196451,2022,1200000.0,1884162.75,-684162.75
M4_XGBoost,196524,2022,4063500.0,1069329.75,2994170.25
M4_XGBoost,218463,2022,1510000.0,1244290.25,265709.75
M4_XGBoost,183468,2022,6495000.0,3743794.75,2751205.25
M4_XGBoost,182373,2022,2100000.0,2191722.5,-91722.5
M4_XGBoost,218185,2022,2350000.0,1770069.5,579930.5
M4_XGBoost,201947,2022,2310000.0,1403164.875,906835.125
M4_XGBoost,224380,2022,1450000.0,818898.75,631101.25
M4_XGBoost,207641,2022,600000.0,805702.5,-205702.5
M4_XGBoost,217583,2022,7225000.0,5367896.5,1857103.5
M4_XGBoost,217137,2022,4295000.0,1873544.5,2421455.5
M4_XGBoost,212066,2022,367000.0,934690.25,-567690.25
M4_XGBoost,218247,2022,3100000.0,2021457.875,1078542.125
M4_XGBoost,171706,2022,3375000.0,2232990.25,1142009.75
M4_XGBoost,205544,2022,2325000.0,1531080.125,793919.875
M4_XGBoost,202617,2022,4500000.0,3018609.5,1481390.5
M4_XGBoost,187978,2022,3325000.0,2238438.0,1086562.0
M4_XGBoost,177322,2022,1000000.0,1502769.875,-502769.875
M4_XGBoost,192262,2022,4750000.0,2841950.5,1908049.5
M4_XGBoost,215569,2022,831300.0,1265655.75,-434355.75
M4_XGBoost,194402,2022,2600000.0,2714129.0,-114129.0
M4_XGBoost,222576,2022,3030000.0,1993710.25,1036289.75
M4_XGBoost,204406,2022,1400000.0,532505.0,867495.0
M4_XGBoost,164974,2022,2100000.0,1545362.375,554637.625
M4_XGBoost,179167,2022,2056600.0,1091203.75,965396.25
M4_XGBoost,211840,2022,460000.0,737767.1875,-277767.1875
M4_XGBoost,178088,2022,780000.0,767961.75,12038.25
M4_XGBoost,189155,2022,2100000.0,2123682.5,-23682.5
M4_XGBoost,225976,2022,1250000.0,1038878.125,211121.875
M4_XGBoost,151342,2022,3970000.0,2453002.75,1516997.25
M4_XGBoost,163117,2022,820000.0,673381.4375,146618.5625
M4_XGBoost,190484,2022,1975000.0,1184965.125,790034.875
M4_XGBoost,208133,2022,3498000.0,2761233.0,736767.0
M4_XGBoost,158277,2022,4600000.0,2877272.0,1722728.0
M4_XGBoost,190901,2022,6499000.0,3619838.25,2879161.75
M4_XGBoost,213354,2022,2750000.0,2274484.0,475516.0
M4_XGBoost,212615,2022,5700000.0,2532905.0,3167095.0
M4_XGBoost,218168,2022,2415000.0,1399800.75,1015199.25
M4_XGBoost,214667,2022,1450000.0,1331194.875,118805.125
M4_XGBoost,193172,2022,850000.0,1245651.0,-395651.0
M4_XGBoost,149244,2022,310000.0,767416.3125,-457416.3125
M4_XGBoost,175656,2022,1895000.0,1561413.5,333586.5
M4_XGBoost,203989,2022,2498000.0,1291954.75,1206045.25
M4_XGBoost,157916,2022,800000.0,1149209.875,-349209.875
M4_XGBoost,192869,2022,1645000.0,933371.0,711629.0
M4_XGBoost,176534,2022,550000.0,873897.375,-323897.375
M4_XGBoost,148977,2022,550000.0,610469.5,-60469.5
M4_XGBoost,154405,2022,1572500.0,1335917.0,236583.0
M4_XGBoost,212542,2022,2600000.0,1738152.375,861847.625
M4_XGBoost,187204,2022,1550000.0,1496020.625,53979.375
M4_XGBoost,160195,2022,3550000.0,3706418.75,-156418.75
M4_XGBoost,224354,2022,1600000.0,608819.5,991180.5
M4_XGBoost,205963,2022,375000.0,1032944.6875,-657944.6875
M4_XGBoost,199007,2022,3180225.0,1523804.0,1656421.0
M4_XGBoost,211515,2022,500000.0,1275114.125,-775114.125
M4_XGBoost,148101,2022,3800000.0,2590040.0,1209960.0
M4_XGBoost,223619,2022,4450000.0,1634347.875,2815652.125
M4_XGBoost,161432,2022,1475000.0,1590268.75,-115268.75
M4_XGBoost,215102,2022,2450000.0,1004680.25,1445319.75
M4_XGBoost,146310,2022,1537116.0,1513505.125,23610.875
M4_XGBoost,157612,2022,998000.0,1085091.5,-87091.5
M4_XGBoost,196756,2022,3287500.0,2480514.75,806985.25
M4_XGBoost,225641,2022,2800000.0,1004750.1875,1795249.8125
M4_XGBoost,161025,2022,1295000.0,668062.8125,626937.1875
M4_XGBoost,178091,2022,1865000.0,1203271.0,661729.0
M4_XGBoost,203934,2022,3200000.0,1064188.125,2135811.875
M4_XGBoost,193934,2022,2060000.0,1052230.375,1007769.625
M4_XGBoost,149725,2022,875000.0,920855.875,-45855.875
M4_XGBoost,199858,2022,740000.0,578225.625,161774.375
M4_XGBoost,222598,2022,4395000.0,3252075.75,1142924.25
M4_XGBoost,202948,2022,2895000.0,1986083.375,908916.625
M4_XGBoost,162418,2022,2900000.0,1758530.5,1141469.5
M4_XGBoost,162111,2022,4600000.0,2088366.5,2511633.5
M4_XGBoost,223468,2022,2600000.0,977911.6875,1622088.3125
M4_XGBoost,169916,2022,1250000.0,1342906.75,-92906.75
M4_XGBoost,188296,2022,1450000.0,1709171.0,-259171.0
M4_XGBoost,179324,2022,5525000.0,2221018.25,3303981.75
M4_XGBoost,167430,2022,1275000.0,727266.25,547733.75
M4_XGBoost,202696,2022,3200000.0,2410244.25,789755.75
M4_XGBoost,210416,2022,4200000.0,1904067.0,2295933.0
M4_XGBoost,155580,2022,2450000.0,1711745.0,738255.0
M4_XGBoost,196058,2022,2350000.0,1324936.875,1025063.125
M4_XGBoost,208004,2022,4450000.0,2294549.75,2155450.25
M4_XGBoost,209727,2022,4995000.0,2855782.25,2139217.75
M4_XGBoost,222483,2022,2445000.0,1465763.375,979236.625
M4_XGBoost,207419,2022,745000.0,1199259.0,-454259.0
M4_XGBoost,215806,2022,3495000.0,1589719.75,1905280.25
M4_XGBoost,185770,2022,5000000.0,3756767.0,1243233.0
M4_XGBoost,195726,2022,3550000.0,1568221.5,1981778.5
M4_XGBoost,166770,2022,3150000.0,2418505.75,731494.25
M4_XGBoost,215530,2022,3695000.0,2391001.75,1303998.25
M4_XGBoost,169482,2022,3500000.0,1942289.875,1557710.125
M4_XGBoost,156577,2022,4100000.0,1472864.875,2627135.125
M4_XGBoost,209019,2022,1890000.0,1239746.625,650253.375
M4_XGBoost,181285,2022,2000000.0,1094948.25,905051.75
M4_XGBoost,167065,2022,1200000.0,1159602.5,40397.5
M4_XGBoost,211814,2022,990000.0,644587.0,345413.0
M4_XGBoost,167190,2022,1750000.0,871193.8125,878806.1875
M4_XGBoost,159466,2022,3100000.0,2191883.5,908116.5
M4_XGBoost,207437,2022,2085000.0,1518759.5,566240.5
M4_XGBoost,217941,2022,728750.0,883295.9375,-154545.9375
M4_XGBoost,189362,2022,3150000.0,1630131.0,1519869.0
M4_XGBoost,157220,2022,2295000.0,1110089.875,1184910.125
M4_XGBoost,171196,2022,1825000.0,1019041.9375,805958.0625
M4_XGBoost,187711,2022,2900000.0,1999746.625,900253.375
M4_XGBoost,206680,2022,848000.0,643715.3125,204284.6875
M4_XGBoost,169698,2022,730000.0,1500510.125,-770510.125
M4_XGBoost,205139,2022,2030000.0,1685870.75,344129.25
M4_XGBoost,146522,2022,1263333.0,1110607.625,152725.375
M4_XGBoost,188636,2022,825000.0,1275910.875,-450910.875
M4_XGBoost,202435,2022,7478345.0,2217925.75,5260419.25
M4_XGBoost,155751,2022,5100000.0,2706979.0,2393021.0
M4_XGBoost,188768,2022,1100000.0,1032040.8125,67959.1875
M4_XGBoost,160822,2022,1360000.0,1204200.875,155799.125
M4_XGBoost,192807,2022,5350000.0,2620870.5,2729129.5
M4_XGBoost,196811,2022,1495000.0,1474679.375,20320.625
M4_XGBoost,220296,2022,1385000.0,1028471.25,356528.75
M4_XGBoost,150551,2022,995000.0,1367898.625,-372898.625
M4_XGBoost,159156,2022,5125000.0,2598838.5,2526161.5
M4_XGBoost,216213,2022,1000000.0,771999.0,228001.0
M4_XGBoost,157141,2022,4800000.0,3697740.75,1102259.25
M4_XGBoost,148281,2022,799000.0,974220.0,-175220.0
M4_XGBoost,171507,2022,4145000.0,2420954.0,1724046.0
M4_XGBoost,150290,2022,2600000.0,2042724.75,557275.25
M4_XGBoost,203761,2022,500000.0,630460.3125,-130460.3125
M4_XGBoost,190770,2022,950000.0,792631.25,157368.75
M4_XGBoost,192685,2022,1895000.0,935406.3125,959593.6875
M4_XGBoost,222564,2022,650000.0,1145523.375,-495523.375
M4_XGBoost,220864,2022,5500000.0,2495127.5,3004872.5
M4_XGBoost,165785,2022,275000.0,1053316.75,-778316.75
M4_XGBoost,188078,2022,615516.0,1317428.75,-701912.75
M4_XGBoost,173177,2022,3050000.0,1079477.625,1970522.375
M4_XGBoost,171314,2022,1700000.0,671397.4375,1028602.5625
M4_XGBoost,168959,2022,2540000.0,3051158.25,-511158.25
M4_XGBoost,177247,2022,6950000.0,3385990.0,3564010.0
M4_XGBoost,215254,2022,1250000.0,986178.625,263821.375
M4_XGBoost,226861,2022,2075000.0,961789.75,1113210.25
M4_XGBoost,211404,2022,1360000.0,1213090.0,146910.0
M4_XGBoost,222228,2022,3225000.0,2608788.5,616211.5
M4_XGBoost,197543,2022,1200000.0,1146515.75,53484.25
M4_XGBoost,197117,2022,477375.0,644489.875,-167114.875
M4_XGBoost,170859,2022,1776500.0,1123943.5,652556.5
M4_XGBoost,192541,2022,1060000.0,942507.25,117492.75
M4_XGBoost,166718,2022,1425000.0,1058751.125,366248.875
M4_XGBoost,198908,2022,1150000.0,1103647.5,46352.5
M4_XGBoost,168490,2022,1800000.0,1612143.0,187857.0
M4_XGBoost,159326,2022,970000.0,1226250.0,-256250.0
M4_XGBoost,146887,2022,2895000.0,2438548.5,456451.5
M4_XGBoost,206281,2022,2301000.0,3057549.25,-756549.25
M4_XGBoost,191002,2022,2150000.0,1263225.875,886774.125
M4_XGBoost,145845,2022,2325000.0,2983111.5,-658111.5
M4_XGBoost,187718,2022,1150000.0,626385.5625,523614.4375
M4_XGBoost,194391,2022,975000.0,828873.3125,146126.6875
M4_XGBoost,166743,2022,1150000.0,766776.9375,383223.0625
M4_XGBoost,147517,2022,3075000.0,1412716.875,1662283.125
M4_XGBoost,174756,2022,2250000.0,2143180.0,106820.0
M4_XGBoost,184159,2022,1340000.0,831739.8125,508260.1875
M4_XGBoost,204420,2022,2475000.0,2168277.75,306722.25
M4_XGBoost,161043,2022,9350000.0,1464128.75,7885871.25
M4_XGBoost,182131,2022,4260000.0,3267803.75,992196.25
M4_XGBoost,171373,2022,495000.0,563405.375,-68405.375
M4_XGBoost,156306,2022,1000000.0,636084.125,363915.875
M4_XGBoost,222877,2022,2510000.0,1484331.75,1025668.25
M4_XGBoost,192999,2022,4899000.0,2924871.75,1974128.25
M4_XGBoost,222322,2022,5225000.0,2777896.5,2447103.5
M4_XGBoost,220362,2022,1398000.0,840156.0,557844.0
M4_XGBoost,219055,2022,2450000.0,1163925.75,1286074.25
M4_XGBoost,210873,2022,2175000.0,2353427.75,-178427.75
M4_XGBoost,149715,2022,2350000.0,1259331.125,1090668.875
M4_XGBoost,196446,2022,3100000.0,1196499.0,1903501.0
M4_XGBoost,197267,2022,3350000.0,1496267.5,1853732.5
M4_XGBoost,181834,2022,1975000.0,1728251.5,246748.5
M4_XGBoost,196050,2022,7360000.0,4327106.5,3032893.5
M4_XGBoost,220112,2022,5950116.0,1175140.5,4774975.5
M4_XGBoost,203653,2022,1535000.0,1231603.75,303396.25
M4_XGBoost,152913,2022,450000.0,864727.4375,-414727.4375
M4_XGBoost,166186,2022,1340000.0,1281112.375,58887.625
M4_XGBoost,164510,2022,3900000.0,2715967.25,1184032.75
M4_XGBoost,157818,2022,5275000.0,3035361.25,2239638.75
M4_XGBoost,207356,2022,1575000.0,1652815.375,-77815.375
M4_XGBoost,176766,2022,1160000.0,1000817.75,159182.25
M4_XGBoost,174609,2022,340000.0,719672.0,-379672.0
M4_XGBoost,171063,2022,2900000.0,1039305.25,1860694.75
M4_XGBoost,182748,2022,1820000.0,1060348.625,759651.375
M4_XGBoost,184338,2022,320000.0,565965.0,-245965.0
M4_XGBoost,207097,2022,4085000.0,1654575.375,2430424.625
M4_XGBoost,171927,2022,3815188.0,808897.625,3006290.375
M4_XGBoost,163985,2022,2500000.0,1173670.0,1326330.0
M4_XGBoost,158250,2022,3125000.0,2190389.25,934610.75
M4_XGBoost,215020,2022,1742500.0,1335471.125,407028.875
M4_XGBoost,179713,2022,3100000.0,1793991.0,1306009.0
M4_XGBoost,160266,2022,2300000.0,1642062.625,657937.375
M4_XGBoost,147779,2022,1475000.0,1507062.625,-32062.625
M4_XGBoost,179811,2022,725000.0,877829.9375,-152829.9375
M4_XGBoost,167195,2022,1295000.0,1057544.125,237455.875
M4_XGBoost,191355,2022,4795000.0,2706039.5,2088960.5
M4_XGBoost,156773,2022,578570.0,687395.25,-108825.25
M4_XGBoost,168775,2022,2685000.0,1926761.375,758238.625
M4_XGBoost,222925,2022,3051100.0,2283817.5,767282.5
M4_XGBoost,149172,2022,1100000.0,987729.75,112270.25
M4_XGBoost,182769,2022,1635000.0,1388156.5,246843.5
M4_XGBoost,165729,2022,650000.0,633700.9375,16299.0625
M4_XGBoost,217483,2022,1695000.0,995405.4375,699594.5625
M4_XGBoost,174047,2022,1595000.0,746082.3125,848917.6875
M4_XGBoost,169701,2022,2030000.0,1931653.5,98346.5
M4_XGBoost,168993,2022,3400000.0,2334710.25,1065289.75
M4_XGBoost,207129,2022,2540000.0,1898927.75,641072.25
M4_XGBoost,177446,2022,1730000.0,1038222.5,691777.5
M4_XGBoost,146481,2022,1100000.0,873743.1875,226256.8125
M4_XGBoost,214205,2022,2725000.0,1804129.125,920870.875
M4_XGBoost,213645,2022,2250000.0,918877.625,1331122.375
M4_XGBoost,220126,2022,1225000.0,1391807.25,-166807.25
M4_XGBoost,152888,2022,1135000.0,812467.875,322532.125
M4_XGBoost,210848,2022,1232500.0,676718.1875,555781.8125
M4_XGBoost,195621,2022,1800000.0,1627094.625,172905.375
M4_XGBoost,154982,2022,7075000.0,4335218.5,2739781.5
M4_XGBoost,204648,2022,3375000.0,1854995.75,1520004.25
M4_XGBoost,146355,2022,3600000.0,1651134.375,1948865.625
M4_XGBoost,215901,2022,5950000.0,2979719.5,2970280.5
M4_XGBoost,180360,2022,2395000.0,1314441.875,1080558.125
M4_XGBoost,164603,2022,2125000.0,1528839.0,596161.0
M4_XGBoost,182171,2022,15800000.0,8622147.0,7177853.0
M4_XGBoost,160479,2022,4250000.0,2329108.25,1920891.75
M4_XGBoost,214711,2022,925000.0,610148.1875,314851.8125
M4_XGBoost,145479,2022,8000000.0,5429183.0,2570817.0
M4_XGBoost,163177,2022,4350000.0,923726.75,3426273.25
M4_XGBoost,211028,2022,16000000.0,4709903.0,11290097.0
M4_XGBoost,223940,2022,5750000.0,3454218.5,2295781.5
M4_XGBoost,152356,2022,495000.0,649948.6875,-154948.6875
M4_XGBoost,180575,2022,3495000.0,1875561.0,1619439.0
M4_XGBoost,215313,2022,3365000.0,1577920.25,1787079.75
M4_XGBoost,189199,2022,1200000.0,784315.5,415684.5
M4_XGBoost,219550,2022,1835000.0,1517566.5,317433.5
M4_XGBoost,214339,2022,2770000.0,1080897.25,1689102.75
M4_XGBoost,202520,2022,3500000.0,1287338.875,2212661.125
M4_XGBoost,151110,2022,5370000.0,2384728.0,2985272.0
M4_XGBoost,149153,2022,1470000.0,1137377.625,332622.375
M4_XGBoost,161558,2022,2100000.0,2287438.0,-187438.0
M4_XGBoost,211526,2022,2525000.0,1502993.5,1022006.5
M4_XGBoost,158423,2022,500000.0,1722257.5,-1222257.5
M4_XGBoost,205736,2022,2950000.0,1542555.875,1407444.125
M4_XGBoost,220463,2022,6995000.0,2718017.0,4276983.0
M4_XGBoost,190313,2022,722500.0,655333.75,67166.25
M4_XGBoost,108508,2023,2050000.0,1630572.625,419427.375
M4_XGBoost,97274,2023,3000000.0,2277101.5,722898.5
M4_XGBoost,85828,2023,625000.0,1136172.125,-511172.125
M4_XGBoost,85081,2023,1750000.0,1493969.0,256031.0
M4_XGBoost,103363,2023,1925000.0,1746923.375,178076.625
M4_XGBoost,69850,2023,600000.0,1240722.375,-640722.375
M4_XGBoost,88104,2023,4725000.0,3291468.0,1433532.0
M4_XGBoost,130476,2023,1650000.0,1254141.5,395858.5
M4_XGBoost,127880,2023,2150000.0,2209850.0,-59850.0
M4_XGBoost,103690,2023,4100000.0,2026789.5,2073210.5
M4_XGBoost,109812,2023,2900000.0,2530958.75,369041.25
M4_XGBoost,140002,2023,1500000.0,1307607.75,192392.25
M4_XGBoost,120341,2023,1550000.0,1347245.0,202755.0
M4_XGBoost,102471,2023,2695000.0,2300274.75,394725.25
M4_XGBoost,96224,2023,2525000.0,2400804.0,124196.0
M4_XGBoost,117652,2023,2475000.0,1971473.375,503526.625
M4_XGBoost,115276,2023,850000.0,717693.3125,132306.6875
M4_XGBoost,145007,2023,1425000.0,1540992.875,-115992.875
M4_XGBoost,132824,2023,2400000.0,2003576.0,396424.0
M4_XGBoost,136865,2023,1225000.0,1524472.625,-299472.625
M4_XGBoost,141275,2023,700000.0,1024207.625,-324207.625
M4_XGBoost,91218,2023,2700000.0,2076064.75,623935.25
M4_XGBoost,127410,2023,2100000.0,2415744.25,-315744.25
M4_XGBoost,133634,2023,1600000.0,1115228.75,484771.25
M4_XGBoost,132088,2023,6250000.0,3076039.25,3173960.75
M4_XGBoost,131107,2023,2675000.0,2829823.5,-154823.5
M4_XGBoost,134938,2023,1445000.0,729029.375,715970.625
M4_XGBoost,90831,2023,1545000.0,1126319.125,418680.875
M4_XGBoost,92978,2023,599000.0,628316.25,-29316.25
M4_XGBoost,131611,2023,2600000.0,1884617.375,715382.625
M4_XGBoost,110629,2023,1100000.0,795336.6875,304663.3125
M4_XGBoost,127308,2023,2625000.0,1563103.0,1061897.0
M4_XGBoost,89544,2023,5350000.0,1813108.625,3536891.375
M4_XGBoost,107509,2023,2925000.0,1779271.375,1145728.625
M4_XGBoost,88740,2023,1900000.0,1288626.125,611373.875
M4_XGBoost,106085,2023,733000.0,806695.0625,-73695.0625
M4_XGBoost,91957,2023,2000000.0,1317156.125,682843.875
M4_XGBoost,122809,2023,4000000.0,2913743.75,1086256.25
M4_XGBoost,116257,2023,1800000.0,787759.3125,1012240.6875
M4_XGBoost,105449,2023,695000.0,1628187.375,-933187.375
M4_XGBoost,138214,2023,1560000.0,1507685.0,52315.0
M4_XGBoost,87222,2023,4595000.0,2703854.5,1891145.5
M4_XGBoost,78873,2023,2950000.0,1906361.75,1043638.25
M4_XGBoost,144899,2023,1765000.0,871458.0625,893541.9375
M4_XGBoost,130239,2023,556000.0,549393.875,6606.125
M4_XGBoost,63765,2023,2825000.0,2336458.75,488541.25
M4_XGBoost,142801,2023,5000000.0,1598779.75,3401220.25
M4_XGBoost,96660,2023,325000.0,708182.125,-383182.125
M4_XGBoost,113107,2023,1720000.0,2397761.0,-677761.0
M4_XGBoost,118346,2023,1850000.0,1181427.625,668572.375
M4_XGBoost,73542,2023,1150000.0,921140.4375,228859.5625
M4_XGBoost,114282,2023,3700000.0,3275263.75,424736.25
M4_XGBoost,66269,2023,3950000.0,1629728.375,2320271.625
M4_XGBoost,125243,2023,399000.0,648123.375,-249123.375
M4_XGBoost,123006,2023,2048000.0,1299118.25,748881.75
M4_XGBoost,129654,2023,1840000.0,1188552.875,651447.125
M4_XGBoost,75738,2023,2900000.0,1175779.5,1724220.5
M4_XGBoost,119840,2023,1950000.0,1010539.0625,939460.9375
M4_XGBoost,65648,2023,1050000.0,659357.75,390642.25
M4_XGBoost,124926,2023,4600000.0,2368653.5,2231346.5
M4_XGBoost,114420,2023,3750000.0,2095276.875,1654723.125
M4_XGBoost,130814,2023,977513.0,1158766.75,-181253.75
M4_XGBoost,135469,2023,1525000.0,1076377.25,448622.75
M4_XGBoost,76901,2023,1147500.0,1270329.5,-122829.5
M4_XGBoost,109753,2023,1695000.0,1636773.375,58226.625
M4_XGBoost,94778,2023,6700000.0,3716130.75,2983869.25
M4_XGBoost,141838,2023,4100000.0,2532484.75,1567515.25
M4_XGBoost,73685,2023,3650000.0,2255923.25,1394076.75
M4_XGBoost,112484,2023,1500000.0,697271.9375,802728.0625
M4_XGBoost,103643,2023,1750000.0,1280634.75,469365.25
M4_XGBoost,117457,2023,2606800.0,937715.1875,1669084.8125
M4_XGBoost,93194,2023,835000.0,842627.4375,-7627.4375
M4_XGBoost,141294,2023,3100000.0,2957616.75,142383.25
M4_XGBoost,137367,2023,2750000.0,2103541.75,646458.25
M4_XGBoost,136870,2023,2100000.0,1522495.25,577504.75
M4_XGBoost,94624,2023,3995000.0,2778124.5,1216875.5
M4_XGBoost,98738,2023,1650000.0,1100483.0,549517.0
M4_XGBoost,125274,2023,2125000.0,1145197.875,979802.125
M4_XGBoost,110578,2023,345000.0,374035.78125,-29035.78125
M4_XGBoost,65528,2023,6700000.0,2954763.75,3745236.25
M4_XGBoost,142863,2023,2695704.0,2361890.75,333813.25
M4_XGBoost,90692,2023,2425000.0,3303436.75,-878436.75
M4_XGBoost,72556,2023,1932000.0,1097404.875,834595.125
M4_XGBoost,128050,2023,775000.0,856404.75,-81404.75
M4_XGBoost,124534,2023,5232199.0,3478360.25,1753838.75
M4_XGBoost,107004,2023,825000.0,1144423.875,-319423.875
M4_XGBoost,112868,2023,4770000.0,3088037.25,1681962.75
M4_XGBoost,103285,2023,1055000.0,656501.0,398499.0
M4_XGBoost,109090,2023,2230000.0,2362001.25,-132001.25
M4_XGBoost,98276,2023,2495000.0,1475648.75,1019351.25
M4_XGBoost,87038,2023,2850000.0,1560248.0,1289752.0
M4_XGBoost,98232,2023,2400000.0,1626129.75,773870.25
M4_XGBoost,103530,2023,1100000.0,705768.4375,394231.5625
M4_XGBoost,70788,2023,1725000.0,1224567.125,500432.875
M4_XGBoost,84555,2023,1395000.0,1085565.5,309434.5
M4_XGBoost,127456,2023,1535000.0,1594463.0,-59463.0
M4_XGBoost,127760,2023,1575000.0,1806574.0,-231574.0
M4_XGBoost,73490,2023,1150000.0,1170335.875,-20335.875
M4_XGBoost,102209,2023,5650000.0,3753658.5,1896341.5
M4_XGBoost,97190,2023,7410000.0,3443069.25,3966930.75
M4_XGBoost,110400,2023,3650000.0,1319278.125,2330721.875
M4_XGBoost,104416,2023,605000.0,1252790.75,-647790.75
M4_XGBoost,115073,2023,6000000.0,4622198.5,1377801.5
M4_XGBoost,81175,2023,3000000.0,2417604.0,582396.0
M4_XGBoost,73279,2023,1250000.0,1177552.5,72447.5
M4_XGBoost,93129,2023,4150000.0,2694009.25,1455990.75
M4_XGBoost,95903,2023,1850000.0,1551831.0,298169.0
M4_XGBoost,99277,2023,6275000.0,2410317.75,3864682.25
M4_XGBoost,77696,2023,2000000.0,1071723.875,928276.125
M4_XGBoost,126856,2023,2800000.0,2740079.25,59920.75
M4_XGBoost,71828,2023,4025874.0,809100.5,3216773.5
M4_XGBoost,135024,2023,900000.0,5334368.5,-4434368.5
M4_XGBoost,61558,2023,5300000.0,3803385.75,1496614.25
M4_XGBoost,99769,2023,1900000.0,1956517.5,-56517.5
M4_XGBoost,72964,2023,414000.0,461014.21875,-47014.21875
M4_XGBoost,133039,2023,2125000.0,1081173.5,1043826.5
M4_XGBoost,80867,2023,3550000.0,2869741.5,680258.5
M4_XGBoost,92702,2023,2820000.0,2540823.5,279176.5
M4_XGBoost,117377,2023,2100000.0,1607860.75,492139.25
M4_XGBoost,124801,2023,1750000.0,1092673.125,657326.875
M4_XGBoost,64669,2023,1225000.0,761462.375,463537.625
M4_XGBoost,72500,2023,4650000.0,2636830.5,2013169.5
M4_XGBoost,67813,2023,7498000.0,5057057.5,2440942.5
M4_XGBoost,103741,2023,710000.0,587880.5625,122119.4375
M4_XGBoost,87758,2023,2850000.0,1675885.625,1174114.375
M4_XGBoost,131273,2023,6850000.0,3281257.0,3568743.0
M4_XGBoost,128306,2023,1750000.0,1119675.875,630324.125
M4_XGBoost,70161,2023,4700000.0,1750801.125,2949198.875
M4_XGBoost,74693,2023,3500000.0,1220451.625,2279548.375
M4_XGBoost,115731,2023,730000.0,1088473.375,-358473.375
M4_XGBoost,97620,2023,5875000.0,2687975.75,3187024.25
M4_XGBoost,122759,2023,3000000.0,1440668.25,1559331.75
M4_XGBoost,62560,2023,8755000.0,2412935.0,6342065.0
M4_XGBoost,133536,2023,1500000.0,1335994.75,164005.25
M4_XGBoost,77397,2023,1920000.0,1222413.25,697586.75
M4_XGBoost,117488,2023,3200000.0,2029062.0,1170938.0
M4_XGBoost,96264,2023,3750000.0,982689.9375,2767310.0625
M4_XGBoost,90855,2023,5400000.0,3238730.0,2161270.0
M4_XGBoost,113123,2023,3068000.0,1457320.875,1610679.125
M4_XGBoost,123975,2023,816000.0,736915.625,79084.375
M4_XGBoost,110039,2023,1650000.0,909302.5,740697.5
M4_XGBoost,107920,2023,2295000.0,926517.375,1368482.625
M4_XGBoost,127804,2023,4800000.0,2691228.25,2108771.75
M4_XGBoost,70336,2023,3075000.0,1697813.625,1377186.375
M4_XGBoost,77175,2023,5850000.0,3011202.75,2838797.25
M4_XGBoost,134236,2023,1800000.0,1595095.75,204904.25
M4_XGBoost,90926,2023,2695000.0,2454072.0,240928.0
M4_XGBoost,112687,2023,1627210.0,1502236.875,124973.125
M4_XGBoost,144260,2023,2300000.0,1453818.625,846181.375
M4_XGBoost,109038,2023,750000.0,816814.6875,-66814.6875
M4_XGBoost,85817,2023,14900000.0,9419318.0,5480682.0
M4_XGBoost,77990,2023,1400000.0,2734091.25,-1334091.25
M4_XGBoost,95925,2023,2815000.0,1428403.375,1386596.625
M4_XGBoost,64583,2023,2362000.0,1182023.75,1179976.25
M4_XGBoost,144500,2023,950000.0,1218476.875,-268476.875
M4_XGBoost,108870,2023,6620000.0,3902398.25,2717601.75
M4_XGBoost,84155,2023,900000.0,2369710.75,-1469710.75
M4_XGBoost,125446,2023,1886650.0,830353.625,1056296.375
M4_XGBoost,91282,2023,455000.0,672909.625,-217909.625
M4_XGBoost,117952,2023,2995000.0,1090200.0,1904800.0
M4_XGBoost,82597,2023,1150000.0,1142355.375,7644.625
M4_XGBoost,117149,2023,6400000.0,3891676.0,2508324.0
M4_XGBoost,92466,2023,1650000.0,742701.75,907298.25
M4_XGBoost,113230,2023,2210000.0,1800341.0,409659.0
M4_XGBoost,125467,2023,1230000.0,1045184.5625,184815.4375
M4_XGBoost,119488,2023,738165.0,1965824.125,-1227659.125
M4_XGBoost,125771,2023,1100000.0,1092311.625,7688.375
M4_XGBoost,124720,2023,780000.0,782221.75,-2221.75
M4_XGBoost,70021,2023,2100000.0,1475167.5,624832.5
M4_XGBoost,88358,2023,4030000.0,2293978.5,1736021.5
M4_XGBoost,75746,2023,1900000.0,1428490.625,471509.375
M4_XGBoost,142175,2023,850000.0,763226.125,86773.875
M4_XGBoost,74715,2023,4850000.0,2502049.5,2347950.5
M4_XGBoost,66381,2023,4950000.0,2959290.0,1990710.0
M4_XGBoost,71895,2023,6525000.0,3071264.25,3453735.75
M4_XGBoost,136326,2023,1600000.0,1509948.5,90051.5
M4_XGBoost,69739,2023,1460000.0,2033726.875,-573726.875
M4_XGBoost,117775,2023,1040000.0,787731.5,252268.5
M4_XGBoost,116378,2023,4000000.0,2502448.0,1497552.0
M4_XGBoost,66854,2023,3575000.0,2365479.5,1209520.5
M4_XGBoost,110922,2023,875000.0,960588.0,-85588.0
M4_XGBoost,79944,2023,1250000.0,1169075.25,80924.75
M4_XGBoost,70335,2023,970000.0,1014110.1875,-44110.1875
M4_XGBoost,95429,2023,3700000.0,2084383.125,1615616.875
M4_XGBoost,123554,2023,3100000.0,2053602.625,1046397.375
M4_XGBoost,86502,2023,1635000.0,1002473.1875,632526.8125
M4_XGBoost,133682,2023,1745000.0,1402705.875,342294.125
M4_XGBoost,122359,2023,4200000.0,1880757.125,2319242.875
M4_XGBoost,68887,2023,6750000.0,3474183.0,3275817.0
M4_XGBoost,109893,2023,1195000.0,2347478.5,-1152478.5
M4_XGBoost,145098,2023,5300000.0,1552172.875,3747827.125
M4_XGBoost,75849,2023,925000.0,900744.9375,24255.0625
M4_XGBoost,144674,2023,785000.0,1935265.625,-1150265.625
M4_XGBoost,126803,2023,725000.0,515158.1875,209841.8125
M4_XGBoost,126997,2023,2050000.0,1237181.25,812818.75
M4_XGBoost,103608,2023,2495000.0,1259199.0,1235801.0
M4_XGBoost,75987,2023,1850000.0,1659346.0,190654.0
M4_XGBoost,84149,2023,2850000.0,1942436.25,907563.75
M4_XGBoost,122461,2023,845000.0,537069.125,307930.875
M4_XGBoost,108114,2023,11750000.0,3603402.0,8146598.0
M4_XGBoost,103375,2023,2130000.0,1573098.625,556901.375
M4_XGBoost,132337,2023,900000.0,1104179.25,-204179.25
M4_XGBoost,70966,2023,1975000.0,1105398.25,869601.75
M4_XGBoost,81276,2023,810000.0,2446477.75,-1636477.75
M4_XGBoost,78583,2023,365000.0,636703.75,-271703.75
M4_XGBoost,101267,2023,1270000.0,937208.25,332791.75
M4_XGBoost,101019,2023,6450000.0,2517408.5,3932591.5
M4_XGBoost,140432,2023,3175000.0,1936598.625,1238401.375
M4_XGBoost,124398,2023,5025000.0,3138159.75,1886840.25
M4_XGBoost,81549,2023,5345000.0,3400464.75,1944535.25
M4_XGBoost,127848,2023,1800000.0,1460320.5,339679.5
M4_XGBoost,93745,2023,7750000.0,4746427.0,3003573.0
M4_XGBoost,70484,2023,2548000.0,834986.375,1713013.625
M4_XGBoost,83460,2023,2795000.0,1542729.5,1252270.5
M4_XGBoost,68672,2023,1600000.0,760998.5,839001.5
M4_XGBoost,117600,2023,8500000.0,4343710.5,4156289.5
M4_XGBoost,132851,2023,1450000.0,1453644.0,-3644.0
M4_XGBoost,140697,2023,2105000.0,1720289.25,384710.75
M4_XGBoost,114766,2023,1810000.0,1348047.0,461953.0
M4_XGBoost,110912,2023,3495000.0,2465310.5,1029689.5
M4_XGBoost,85333,2023,360000.0,1913959.875,-1553959.875
M4_XGBoost,89487,2023,4800000.0,1333705.875,3466294.125
M4_XGBoost,77431,2023,2242500.0,2211462.75,31037.25
M4_XGBoost,115678,2023,1255000.0,868236.0625,386763.9375
M4_XGBoost,134380,2023,4225000.0,2224416.25,2000583.75
M4_XGBoost,76634,2023,5050000.0,2983569.5,2066430.5
M4_XGBoost,87606,2023,2850000.0,1454954.625,1395045.375
M4_XGBoost,118932,2023,700000.0,591707.0625,108292.9375
M4_XGBoost,135672,2023,522284.0,719251.4375,-196967.4375
M4_XGBoost,65170,2023,2270000.0,1095469.375,1174530.625
M4_XGBoost,128399,2023,5300000.0,2752396.5,2547603.5
M4_XGBoost,91281,2023,2025000.0,1337071.75,687928.25
M4_XGBoost,113842,2023,1995000.0,856017.75,1138982.25
M4_XGBoost,135793,2023,29243422.0,5429820.0,23813602.0
M4_XGBoost,98091,2023,5200000.0,2865781.25,2334218.75
M4_XGBoost,74268,2023,6215000.0,3311704.25,2903295.75
M4_XGBoost,88420,2023,1015000.0,970885.625,44114.375
M4_XGBoost,129162,2023,2900000.0,2435401.75,464598.25
M4_XGBoost,106833,2023,2720000.0,1654685.875,1065314.125
M4_XGBoost,100859,2023,4895000.0,2691597.75,2203402.25
M4_XGBoost,79049,2023,3600000.0,1478392.625,2121607.375
M4_XGBoost,109785,2023,562473.0,676102.75,-113629.75
M4_XGBoost,141752,2023,1595000.0,860147.0,734853.0
M4_XGBoost,128385,2023,500000.0,1153323.75,-653323.75
M4_XGBoost,115359,2023,1872500.0,1654719.0,217781.0
M4_XGBoost,62267,2023,1317500.0,1394386.0,-76886.0
M4_XGBoost,76328,2023,2850000.0,2021727.75,828272.25
M4_XGBoost,141398,2023,2650000.0,1344312.375,1305687.625
M4_XGBoost,119353,2023,1825000.0,1743637.75,81362.25
M4_XGBoost,103667,2023,1150000.0,741579.9375,408420.0625
M4_XGBoost,113669,2023,2350000.0,1355144.125,994855.875
M4_XGBoost,92954,2023,1535000.0,1922750.625,-387750.625
M4_XGBoost,69925,2023,5095000.0,2602524.0,2492476.0
M4_XGBoost,134316,2023,530000.0,1087715.875,-557715.875
M4_XGBoost,136725,2023,2600000.0,1991798.375,608201.625
M4_XGBoost,104338,2023,2700000.0,1760483.625,939516.375
M4_XGBoost,135705,2023,1600000.0,1603135.75,-3135.75
M4_XGBoost,107890,2023,1646400.0,848799.8125,797600.1875
M4_XGBoost,98262,2023,3795000.0,2076197.5,1718802.5
M4_XGBoost,109366,2023,8100000.0,1908280.75,6191719.25
M4_XGBoost,115641,2023,3300000.0,1132341.75,2167658.25
M4_XGBoost,78886,2023,2725000.0,2167132.25,557867.75
M4_XGBoost,111092,2023,1275000.0,810806.0625,464193.9375
M4_XGBoost,120766,2023,2495000.0,1142337.875,1352662.125
M4_XGBoost,94638,2023,1850000.0,980404.9375,869595.0625
M4_XGBoost,68361,2023,4445000.0,1828711.5,2616288.5
M4_XGBoost,113276,2023,3525000.0,2828369.25,696630.75
M4_XGBoost,79008,2023,8615000.0,3633524.25,4981475.75
M4_XGBoost,143100,2023,1362500.0,920726.75,441773.25
M4_XGBoost,67703,2023,1415000.0,1319514.75,95485.25
M4_XGBoost,142757,2023,3500000.0,2217498.5,1282501.5
M4_XGBoost,66802,2023,7300000.0,3830117.25,3469882.75
M4_XGBoost,109260,2023,375000.0,1145644.75,-770644.75
M4_XGBoost,72435,2023,3550000.0,2326921.25,1223078.75
M4_XGBoost,113373,2023,2600000.0,1911530.125,688469.875
M4_XGBoost,130659,2023,2450000.0,787341.6875,1662658.3125
M4_XGBoost,99491,2023,2150000.0,1975832.625,174167.375
M4_XGBoost,72528,2023,1350000.0,1269897.0,80103.0
M4_XGBoost,91745,2023,2575000.0,1608564.75,966435.25
M4_XGBoost,123159,2023,1025000.0,1343931.625,-318931.625
M4_XGBoost,64189,2023,1800000.0,1305533.125,494466.875
M4_XGBoost,130676,2023,750000.0,886511.25,-136511.25
M4_XGBoost,100612,2023,3775000.0,1972938.625,1802061.375
M4_XGBoost,79827,2023,4250000.0,3680217.25,569782.75
M4_XGBoost,97267,2023,399500.0,594873.875,-195373.875
M4_XGBoost,127959,2023,1995000.0,1858117.25,136882.75
M4_XGBoost,124270,2023,3625000.0,3098338.25,526661.75
M4_XGBoost,119973,2023,1399000.0,1547341.375,-148341.375
M4_XGBoost,113091,2023,1195000.0,1188181.125,6818.875
M4_XGBoost,119125,2023,1800000.0,1451110.625,348889.375
M4_XGBoost,135660,2023,745000.0,790916.4375,-45916.4375
M4_XGBoost,108772,2023,425000.0,932025.25,-507025.25
M4_XGBoost,103688,2023,1600000.0,2301174.25,-701174.25
M4_XGBoost,90869,2023,3225000.0,1923326.5,1301673.5
M4_XGBoost,90713,2023,765000.0,1095290.75,-330290.75
M4_XGBoost,90945,2023,3270000.0,787477.625,2482522.375
M4_XGBoost,131641,2023,1300000.0,1520914.875,-220914.875
M4_XGBoost,136600,2023,1300000.0,879179.625,420820.375
M4_XGBoost,86311,2023,1775000.0,1788307.875,-13307.875
M4_XGBoost,126974,2023,1400000.0,1233142.125,166857.875
M4_XGBoost,63574,2023,995000.0,850273.5625,144726.4375
M4_XGBoost,108644,2023,6325000.0,3235408.25,3089591.75
M4_XGBoost,103434,2023,1850000.0,1808347.625,41652.375
M4_XGBoost,122034,2023,5795000.0,4228364.5,1566635.5
M4_XGBoost,73398,2023,1995000.0,1467681.125,527318.875
M4_XGBoost,141069,2023,1160000.0,1235406.875,-75406.875
M4_XGBoost,122581,2023,1151886.0,1558421.75,-406535.75
M4_XGBoost,70016,2023,5750000.0,2823370.25,2926629.75
M4_XGBoost,90389,2023,2000000.0,1659592.875,340407.125
M4_XGBoost,87749,2023,2100000.0,932703.6875,1167296.3125
M4_XGBoost,112242,2023,2695000.0,1881612.875,813387.125
M4_XGBoost,97216,2023,5550000.0,2328417.5,3221582.5
M4_XGBoost,115796,2023,1050000.0,861998.8125,188001.1875
M4_XGBoost,75511,2023,1600000.0,1328958.625,271041.375
M4_XGBoost,63858,2023,825000.0,1291177.5,-466177.5
M4_XGBoost,107884,2023,1660000.0,1145619.5,514380.5
M4_XGBoost,75710,2023,3695000.0,2187099.75,1507900.25
M4_XGBoost,133463,2023,665000.0,698009.8125,-33009.8125
M4_XGBoost,98791,2023,5595000.0,3432073.75,2162926.25
M4_XGBoost,102871,2023,4900000.0,1324242.125,3575757.875
M4_XGBoost,101378,2023,1949000.0,1268784.5,680215.5
M4_XGBoost,65637,2023,855000.0,818833.9375,36166.0625
M4_XGBoost,144062,2023,2400000.0,1182489.5,1217510.5
M4_XGBoost,135401,2023,4000000.0,2352308.0,1647692.0
M4_XGBoost,85639,2023,3710000.0,1355420.75,2354579.25
M4_XGBoost,90360,2023,1045000.0,801771.875,243228.125
M4_XGBoost,68046,2023,750000.0,1094593.25,-344593.25
M4_XGBoost,97522,2023,4150000.0,2584589.5,1565410.5
M4_XGBoost,67001,2023,1600000.0,963347.5625,636652.4375
M4_XGBoost,135934,2023,575000.0,1109076.125,-534076.125
M4_XGBoost,116181,2023,1700000.0,1363751.375,336248.625
M4_XGBoost,79353,2023,2530000.0,1232379.125,1297620.875
M4_XGBoost,113196,2023,5500000.0,2115935.75,3384064.25
M4_XGBoost,127519,2023,600000.0,823107.1875,-223107.1875
M4_XGBoost,135242,2023,1600000.0,1150835.25,449164.75
M4_XGBoost,118892,2023,4495000.0,2540084.5,1954915.5
M4_XGBoost,90156,2023,1780000.0,1342824.75,437175.25
M4_XGBoost,114489,2023,5000000.0,3276566.5,1723433.5
M4_XGBoost,118079,2023,1250000.0,1092884.625,157115.375
M4_XGBoost,96112,2023,4050000.0,2864576.25,1185423.75
M4_XGBoost,104503,2023,750000.0,1571699.5,-821699.5
M4_XGBoost,94477,2023,1450000.0,1331521.125,118478.875
M4_XGBoost,124484,2023,1895000.0,1482337.125,412662.875
M4_XGBoost,91675,2023,800000.0,720292.75,79707.25
M4_XGBoost,90019,2023,2700000.0,2188716.75,511283.25
M4_XGBoost,86737,2023,2995000.0,2225054.75,769945.25
M4_XGBoost,83164,2023,1195000.0,785102.8125,409897.1875
M4_XGBoost,96466,2023,1395000.0,1313322.875,81677.125
M4_XGBoost,101944,2023,4330000.0,1397286.625,2932713.375
M4_XGBoost,112416,2023,1530000.0,1694681.75,-164681.75
M4_XGBoost,127492,2023,2500000.0,3081720.75,-581720.75
M4_XGBoost,82891,2023,3400000.0,2843767.0,556233.0
M4_XGBoost,109895,2023,1695000.0,691334.5625,1003665.4375
M4_XGBoost,73839,2023,2000000.0,1940294.125,59705.875
M4_XGBoost,95150,2023,1300000.0,1091770.0,208230.0
M4_XGBoost,69349,2023,5250000.0,2935653.0,2314347.0
M4_XGBoost,128249,2023,1680000.0,825162.5,854837.5
M4_XGBoost,91181,2023,900000.0,2010520.25,-1110520.25
M4_XGBoost,128587,2023,4750000.0,2449641.0,2300359.0
M4_XGBoost,136781,2023,7500000.0,3549688.75,3950311.25
M4_XGBoost,135869,2023,2940000.0,1370584.75,1569415.25
M4_XGBoost,81753,2023,1445000.0,1372032.5,72967.5
M4_XGBoost,71451,2023,2700000.0,1738702.75,961297.25
M4_XGBoost,95077,2023,3150000.0,2006168.625,1143831.375
M4_XGBoost,88214,2023,2195000.0,3295667.5,-1100667.5
M4_XGBoost,105138,2023,4600000.0,1648412.375,2951587.625
M4_XGBoost,139299,2023,3745000.0,1026204.125,2718795.875
M4_XGBoost,144495,2023,1400000.0,981941.4375,418058.5625
M4_XGBoost,134366,2023,2925000.0,1104287.625,1820712.375
M4_XGBoost,82976,2023,6000000.0,6403544.0,-403544.0
M4_XGBoost,117538,2023,4125000.0,2451630.0,1673370.0
M4_XGBoost,69599,2023,2955000.0,1977878.125,977121.875
M4_XGBoost,77227,2023,1395000.0,948106.5625,446893.4375
M4_XGBoost,85501,2023,2127500.0,1949819.25,177680.75
M4_XGBoost,73782,2023,4650000.0,2798341.25,1851658.75
M4_XGBoost,126613,2023,4300000.0,2192870.25,2107129.75
M4_XGBoost,130302,2023,2898000.0,1445839.25,1452160.75
M4_XGBoost,141577,2023,425000.0,1263180.125,-838180.125
M4_XGBoost,90254,2023,1125000.0,1173257.0,-48257.0
M4_XGBoost,137023,2023,4150000.0,2793176.75,1356823.25
M4_XGBoost,104801,2023,1949000.0,2176967.5,-227967.5
M4_XGBoost,66066,2023,2668000.0,2072640.5,595359.5
M4_XGBoost,87555,2023,1362500.0,950174.0,412326.0
M4_XGBoost,96790,2023,3100000.0,2679402.0,420598.0
M4_XGBoost,66126,2023,5000000.0,2516364.25,2483635.75
M4_XGBoost,136652,2023,3625000.0,2437620.75,1187379.25
M4_XGBoost,122848,2023,3164108.0,1189377.125,1974730.875
M4_XGBoost,120714,2023,2445000.0,1913921.625,531078.375
M4_XGBoost,69902,2023,750000.0,956538.3125,-206538.3125
M4_XGBoost,70550,2023,23000000.0,8137820.5,14862179.5
M4_XGBoost,127890,2023,3175000.0,1700130.625,1474869.375
M4_XGBoost,78484,2023,2000000.0,822441.8125,1177558.1875
M4_XGBoost,71698,2023,800000.0,1770368.25,-970368.25
M4_XGBoost,144268,2023,5050000.0,3483426.0,1566574.0
M4_XGBoost,88126,2023,3875000.0,2267426.0,1607574.0
M4_XGBoost,114443,2023,4301000.0,2352032.25,1948967.75
M4_XGBoost,115251,2023,1100000.0,1537406.875,-437406.875
M4_XGBoost,68415,2023,2570000.0,2044923.375,525076.625
M4_XGBoost,129090,2023,3925000.0,2729256.25,1195743.75
M4_XGBoost,141007,2023,5310000.0,1561559.375,3748440.625
M4_XGBoost,116967,2023,2550000.0,1367615.625,1182384.375
M4_XGBoost,67297,2023,2535000.0,2003507.25,531492.75
M4_XGBoost,129301,2023,2350000.0,1787445.125,562554.875
M4_XGBoost,131459,2023,1355000.0,1091249.5,263750.5
M4_XGBoost,135628,2023,7800000.0,5092119.5,2707880.5
M4_XGBoost,67139,2023,1150000.0,1342774.75,-192774.75
M4_XGBoost,84703,2023,2625000.0,1887524.125,737475.875
M4_XGBoost,136812,2023,487000.0,1048390.0625,-561390.0625
M4_XGBoost,109649,2023,695000.0,1054415.25,-359415.25
M4_XGBoost,91096,2023,1550000.0,1182967.75,367032.25
M4_XGBoost,81113,2023,3411124.0,2403952.0,1007172.0
M4_XGBoost,84623,2023,3500000.0,2205113.25,1294886.75
M4_XGBoost,78761,2023,2275000.0,2878729.5,-603729.5
M4_XGBoost,108011,2023,695000.0,593091.1875,101908.8125
M4_XGBoost,133513,2023,460000.0,925284.6875,-465284.6875
M4_XGBoost,65507,2023,5300000.0,3683110.25,1616889.75
M4_XGBoost,129068,2023,3650000.0,2641141.5,1008858.5
M4_XGBoost,117835,2023,5645000.0,4065219.25,1579780.75
M4_XGBoost,66434,2023,1600000.0,1309715.75,290284.25
M4_XGBoost,136961,2023,2350000.0,2168226.0,181774.0
M4_XGBoost,143033,2023,750000.0,625076.3125,124923.6875
M4_XGBoost,74676,2023,2800000.0,1453792.25,1346207.75
M4_XGBoost,93885,2023,500000.0,579486.5,-79486.5
M4_XGBoost,109668,2023,3133000.0,2351785.5,781214.5
M4_XGBoost,119122,2023,1900000.0,1259494.375,640505.625
M4_XGBoost,127028,2023,1280000.0,746345.625,533654.375
M4_XGBoost,106653,2023,3085000.0,2052662.75,1032337.25
M4_XGBoost,141012,2023,3400000.0,2386687.0,1013313.0
M4_XGBoost,129182,2023,525000.0,567809.625,-42809.625
M4_XGBoost,113096,2023,2995000.0,2936106.5,58893.5
M4_XGBoost,115211,2023,3250000.0,1830868.25,1419131.75
M4_XGBoost,101654,2023,4125000.0,2776344.5,1348655.5
M4_XGBoost,139032,2023,5350000.0,3596494.5,1753505.5
M4_XGBoost,75253,2023,3124600.0,1501124.125,1623475.875
M4_XGBoost,77178,2023,5945000.0,4047015.5,1897984.5
M4_XGBoost,97195,2023,2950000.0,2346869.75,603130.25
M4_XGBoost,119521,2023,2538000.0,1512470.625,1025529.375
M4_XGBoost,102476,2023,3145000.0,2190581.5,954418.5
M4_XGBoost,96044,2023,1499000.0,1021790.0625,477209.9375
M4_XGBoost,61863,2023,2400000.0,923105.0,1476895.0
M4_XGBoost,80057,2023,671500.0,539180.875,132319.125
M4_XGBoost,110037,2023,3525000.0,2328550.75,1196449.25
M4_XGBoost,72937,2023,750000.0,1061377.625,-311377.625
M4_XGBoost,136524,2023,700000.0,1514290.5,-814290.5
M4_XGBoost,86183,2023,710000.0,670818.875,39181.125
M4_XGBoost,86373,2023,3800000.0,1166598.375,2633401.625
M4_XGBoost,67935,2023,3045000.0,2638913.5,406086.5
M4_XGBoost,138155,2023,265000.0,754652.3125,-489652.3125
M4_XGBoost,135791,2023,1495000.0,798729.0625,696270.9375
M4_XGBoost,67386,2023,1500000.0,1566659.375,-66659.375
M4_XGBoost,73786,2023,1175000.0,789158.625,385841.375
M4_XGBoost,125982,2023,795000.0,674731.4375,120268.5625
M4_XGBoost,124206,2023,1645000.0,1421505.5,223494.5
M4_XGBoost,65251,2023,1000000.0,583963.0,416037.0
M4_XGBoost,110811,2023,2575000.0,2201184.25,373815.75
M4_XGBoost,92919,2023,1775000.0,1145783.5,629216.5
M4_XGBoost,83191,2023,2595000.0,1704117.375,890882.625
M4_XGBoost,80272,2023,2995000.0,1470643.0,1524357.0
M4_XGBoost,105279,2023,399000.0,1007389.6875,-608389.6875
M4_XGBoost,61798,2023,3800000.0,932073.25,2867926.75
M4_XGBoost,124027,2023,4100000.0,2848074.25,1251925.75
M4_XGBoost,93732,2023,960000.0,1482598.75,-522598.75
M4_XGBoost,64330,2023,4200000.0,1850063.0,2349937.0
M4_XGBoost,112625,2023,2325000.0,3018284.25,-693284.25
M4_XGBoost,83170,2023,555000.0,839813.125,-284813.125
M4_XGBoost,109160,2023,880000.0,1093732.375,-213732.375
M4_XGBoost,69304,2023,391000.0,472180.09375,-81180.09375
M4_XGBoost,143431,2023,780000.0,936027.375,-156027.375
M4_XGBoost,107373,2023,3665000.0,2313013.75,1351986.25
M4_XGBoost,134820,2023,2175000.0,1778862.5,396137.5
M4_XGBoost,135397,2023,410000.0,523251.78125,-113251.78125
M4_XGBoost,126417,2023,5275000.0,2556737.25,2718262.75
M4_XGBoost,79808,2023,1800000.0,1808942.75,-8942.75
M4_XGBoost,124933,2023,775000.0,1552470.5,-777470.5
M4_XGBoost,82993,2023,970000.0,987264.5625,-17264.5625
M4_XGBoost,94845,2023,3595000.0,2177200.0,1417800.0
M4_XGBoost,105293,2023,5100000.0,1967649.125,3132350.875
M4_XGBoost,92126,2023,1600000.0,879527.625,720472.375
M4_XGBoost,86182,2023,2500000.0,967851.5,1532148.5
M4_XGBoost,63737,2023,2425000.0,1089687.5,1335312.5
M4_XGBoost,143205,2023,1295000.0,1440524.0,-145524.0
M4_XGBoost,98923,2023,1950000.0,1549736.75,400263.25
M4_XGBoost,133105,2023,1945000.0,1027144.0625,917855.9375
M4_XGBoost,83964,2023,500000.0,1131916.375,-631916.375
M4_XGBoost,121480,2023,1995000.0,1639365.0,355635.0
M4_XGBoost,69874,2023,2350000.0,2126988.25,223011.75
M4_XGBoost,135986,2023,2450000.0,1873699.875,576300.125
M4_XGBoost,101503,2023,750000.0,736006.125,13993.875
M4_XGBoost,128148,2023,3900000.0,1653177.875,2246822.125
M4_XGBoost,111368,2023,925000.0,1326056.875,-401056.875
M4_XGBoost,125852,2023,5625000.0,1496954.0,4128046.0
M4_XGBoost,76752,2023,2249000.0,1585625.625,663374.375
M4_XGBoost,116808,2023,2850000.0,1362681.375,1487318.625
M4_XGBoost,88916,2023,1495000.0,1039605.625,455394.375
M4_XGBoost,65808,2023,5500000.0,1631127.875,3868872.125
M4_XGBoost,70438,2023,1215000.0,1143027.75,71972.25
M4_XGBoost,97905,2023,1595000.0,1139936.125,455063.875
M4_XGBoost,120015,2023,6000000.0,3921017.0,2078983.0
M4_XGBoost,100949,2023,2595000.0,2110059.75,484940.25
M4_XGBoost,90201,2023,2550000.0,2311234.25,238765.75
M4_XGBoost,106197,2023,2135000.0,2779370.0,-644370.0
M4_XGBoost,109222,2023,714000.0,1071135.25,-357135.25
M4_XGBoost,109636,2023,1745000.0,1239661.5,505338.5
M4_XGBoost,79125,2023,5350000.0,2933984.75,2416015.25
M4_XGBoost,61865,2023,3475000.0,2317049.5,1157950.5
M4_XGBoost,130152,2023,2000000.0,1521305.0,478695.0
M4_XGBoost,113591,2023,4700000.0,2964659.75,1735340.25
M4_XGBoost,94718,2023,2700000.0,1707553.125,992446.875
M4_XGBoost,73273,2023,935000.0,1520552.25,-585552.25
M4_XGBoost,85118,2023,3015000.0,2626733.25,388266.75
M4_XGBoost,138333,2023,1775000.0,1302609.25,472390.75
M4_XGBoost,132904,2023,1700000.0,1183775.75,516224.25
M4_XGBoost,141980,2023,1900000.0,1028326.125,871673.875
M4_XGBoost,139441,2023,1900000.0,1342660.875,557339.125
M4_XGBoost,138951,2023,2300000.0,1288966.625,1011033.375
M4_XGBoost,139683,2023,3650000.0,2770549.5,879450.5
M4_XGBoost,64507,2023,1285000.0,850684.75,434315.25
M4_XGBoost,134182,2023,575000.0,966461.5625,-391461.5625
M4_XGBoost,96226,2023,2215000.0,1561486.375,653513.625
M4_XGBoost,81156,2023,1250000.0,749845.0625,500154.9375
M4_XGBoost,101720,2023,505000.0,1113214.125,-608214.125
M4_XGBoost,71124,2023,977500.0,851852.1875,125647.8125
M4_XGBoost,131287,2023,2395000.0,2067458.25,327541.75
M4_XGBoost,123326,2023,3950000.0,1546975.5,2403024.5
M4_XGBoost,130263,2023,980000.0,766960.5,213039.5
M4_XGBoost,78425,2023,350000.0,1002966.625,-652966.625
M4_XGBoost,69749,2023,670000.0,997059.5,-327059.5
M4_XGBoost,87295,2023,2000000.0,1610171.75,389828.25
M4_XGBoost,95179,2023,2000000.0,1041792.0625,958207.9375
M4_XGBoost,90675,2023,892500.0,899591.125,-7091.125
M4_XGBoost,125763,2023,1975000.0,1819646.0,155354.0
M4_XGBoost,74639,2023,9400000.0,5420419.0,3979581.0
M4_XGBoost,120121,2023,1395000.0,2057070.0,-662070.0
M4_XGBoost,97217,2023,1850000.0,2056924.875,-206924.875
M4_XGBoost,137233,2023,1025000.0,1224865.0,-199865.0
M4_XGBoost,108767,2023,4250000.0,2170189.25,2079810.75
M4_XGBoost,85392,2023,1995000.0,1809400.0,185600.0
M4_XGBoost,128448,2023,2000000.0,1428669.125,571330.875
M4_XGBoost,74049,2023,3750000.0,2959755.5,790244.5
M4_XGBoost,101094,2023,3695000.0,2756541.75,938458.25
M4_XGBoost,82591,2023,1180000.0,1091537.875,88462.125
M4_XGBoost,99928,2023,1198000.0,1257136.375,-59136.375
M4_XGBoost,113214,2023,5395000.0,2560158.0,2834842.0
M4_XGBoost,123964,2023,5600000.0,3151665.25,2448334.75
M4_XGBoost,67577,2023,408975.0,1148335.625,-739360.625
M4_XGBoost,118919,2023,680000.0,846239.25,-166239.25
M4_XGBoost,96232,2023,4400000.0,3388484.0,1011516.0
M4_XGBoost,123684,2023,1300000.0,1803926.125,-503926.125
M4_XGBoost,120746,2023,1750000.0,1235159.5,514840.5
M4_XGBoost,139599,2023,1352000.0,656416.4375,695583.5625
M4_XGBoost,135928,2023,750000.0,671581.25,78418.75
M4_XGBoost,133988,2023,2925000.0,2072434.875,852565.125
M4_XGBoost,110846,2023,3700000.0,2278246.25,1421753.75
M4_XGBoost,71575,2023,4500000.0,3186460.25,1313539.75
M4_XGBoost,70009,2023,2750000.0,1161364.375,1588635.625
M4_XGBoost,62526,2023,3130000.0,2008107.75,1121892.25
M4_XGBoost,64756,2023,4760000.0,6008945.0,-1248945.0
M4_XGBoost,116668,2023,1925000.0,1501078.25,423921.75
M4_XGBoost,137100,2023,3219000.0,3136349.75,82650.25
M4_XGBoost,88653,2023,760000.0,864045.6875,-104045.6875
M4_XGBoost,67569,2023,3550000.0,1458048.0,2091952.0
M4_XGBoost,102666,2023,2995000.0,1564097.625,1430902.375
M4_XGBoost,106590,2023,2250000.0,1447823.5,802176.5
M4_XGBoost,106153,2023,920000.0,1058020.375,-138020.375
M4_XGBoost,67886,2023,890000.0,1133368.125,-243368.125
M4_XGBoost,120635,2023,1465000.0,1008370.125,456629.875
M4_XGBoost,64855,2023,3440000.0,1303625.875,2136374.125
M4_XGBoost,106320,2023,3698000.0,1553409.375,2144590.625
M4_XGBoost,130928,2023,1800000.0,1306155.75,493844.25
M4_XGBoost,114177,2023,6995000.0,3650115.25,3344884.75
M4_XGBoost,103321,2023,720000.0,1206945.25,-486945.25
M4_XGBoost,115815,2023,550000.0,576406.0,-26406.0
M4_XGBoost,76952,2023,3017500.0,963760.1875,2053739.8125
M4_XGBoost,124180,2023,2610000.0,1741621.875,868378.125
M4_XGBoost,115181,2023,1595000.0,1077206.0,517794.0
M4_XGBoost,84229,2023,1600000.0,901775.5,698224.5
M4_XGBoost,121708,2023,3750000.0,3069870.25,680129.75
M4_XGBoost,66275,2023,3900000.0,2717534.75,1182465.25
M4_XGBoost,100750,2023,1075000.0,1586180.625,-511180.625
M4_XGBoost,141617,2023,1200000.0,605721.0625,594278.9375
M4_XGBoost,133992,2023,2575000.0,2086266.375,488733.625
M4_XGBoost,99538,2023,1774000.0,1352514.125,421485.875
M4_XGBoost,129385,2023,3450000.0,1910507.75,1539492.25
M4_XGBoost,74911,2023,475000.0,1655874.5,-1180874.5
M4_XGBoost,90341,2023,790000.0,1047849.3125,-257849.3125
M4_XGBoost,112562,2023,1700000.0,1234621.25,465378.75
M4_XGBoost,96647,2023,1650000.0,920104.4375,729895.5625
M4_XGBoost,120880,2023,925000.0,1603888.125,-678888.125
M4_XGBoost,114976,2023,6599000.0,3404556.75,3194443.25
M4_XGBoost,116135,2023,3525000.0,2266256.25,1258743.75
M4_XGBoost,109338,2023,1795000.0,1478719.75,316280.25
M4_XGBoost,95880,2023,270000.0,633939.125,-363939.125
M4_XGBoost,119147,2023,700000.0,1123132.375,-423132.375
M4_XGBoost,124745,2023,5100000.0,3203614.75,1896385.25
M4_XGBoost,131923,2023,4300000.0,2949988.5,1350011.5
M4_XGBoost,81591,2023,2028000.0,1446534.375,581465.625
M4_XGBoost,77640,2023,1250000.0,1054262.375,195737.625
M4_XGBoost,98782,2023,2175000.0,1442426.5,732573.5
M4_XGBoost,90430,2023,1105000.0,1238641.625,-133641.625
M4_XGBoost,130016,2023,1555000.0,1195542.0,359458.0
M4_XGBoost,140585,2023,1750000.0,1635578.125,114421.875
M4_XGBoost,126186,2023,1800000.0,1124986.875,675013.125
M4_XGBoost,93288,2023,6850000.0,3391594.0,3458406.0
M4_XGBoost,94385,2023,3050000.0,1079408.625,1970591.375
M4_XGBoost,82904,2023,2406100.0,1282537.75,1123562.25
M4_XGBoost,129285,2023,5600000.0,4751164.0,848836.0
M4_XGBoost,79855,2023,350000.0,603112.8125,-253112.8125
M4_XGBoost,124743,2023,6520000.0,3970238.25,2549761.75
M4_XGBoost,102097,2023,1650000.0,2168186.75,-518186.75
M4_XGBoost,101165,2023,1785000.0,1148915.0,636085.0
M4_XGBoost,105897,2023,950000.0,1000553.4375,-50553.4375
M4_XGBoost,127976,2023,1750000.0,1537182.5,212817.5
M4_XGBoost,120624,2023,3000000.0,1321097.5,1678902.5
M4_XGBoost,137588,2023,380000.0,1184847.625,-804847.625
M4_XGBoost,112391,2023,1500000.0,2380470.0,-880470.0
M4_XGBoost,76978,2023,5883900.0,2948492.25,2935407.75
M4_XGBoost,95489,2023,5175000.0,1805864.25,3369135.75
M4_XGBoost,113309,2023,1101099.0,1533014.5,-431915.5
M4_XGBoost,110482,2023,3900000.0,1184205.875,2715794.125
M4_XGBoost,94427,2023,2325000.0,1727175.5,597824.5
M4_XGBoost,82867,2023,350000.0,1319504.625,-969504.625
M4_XGBoost,122604,2023,6550000.0,2983293.5,3566706.5
M4_XGBoost,109437,2023,3100000.0,1593888.375,1506111.625
M4_XGBoost,126207,2023,2550000.0,1193866.0,1356134.0
M4_XGBoost,138847,2023,2825000.0,3457102.25,-632102.25
M4_XGBoost,90272,2023,3000000.0,2023205.25,976794.75
M4_XGBoost,141500,2023,1100000.0,1159108.25,-59108.25
M4_XGBoost,70234,2023,2690000.0,2013361.875,676638.125
M4_XGBoost,104518,2023,4100000.0,3145902.75,954097.25
M4_XGBoost,63840,2023,3775000.0,2211448.0,1563552.0
M4_XGBoost,82059,2023,2875000.0,2335957.25,539042.75
M4_XGBoost,89722,2023,1415000.0,1424401.375,-9401.375
M4_XGBoost,94824,2023,3100000.0,1743461.5,1356538.5
M4_XGBoost,75205,2023,6200000.0,4057794.0,2142206.0
M4_XGBoost,104055,2023,3000000.0,1153023.5,1846976.5
M4_XGBoost,143900,2023,1200000.0,854987.25,345012.75
M4_XGBoost,129896,2023,3700000.0,2614292.75,1085707.25
M4_XGBoost,90878,2023,3900000.0,2592533.5,1307466.5
M4_XGBoost,66287,2023,1225000.0,895431.3125,329568.6875
M4_XGBoost,124823,2023,450000.0,1390517.625,-940517.625
M4_XGBoost,100193,2023,1600000.0,646555.25,953444.75
M4_XGBoost,106612,2023,605000.0,718410.9375,-113410.9375
M4_XGBoost,90495,2023,645000.0,610080.125,34919.875
M4_XGBoost,95525,2023,4570000.0,2973950.75,1596049.25
M4_XGBoost,72671,2023,935000.0,768240.125,166759.875
M4_XGBoost,125318,2023,1900001.0,1129200.5,770800.5
M4_XGBoost,103845,2023,2150000.0,861868.0625,1288131.9375
M4_XGBoost,119371,2023,2400000.0,1948048.0,451952.0
M4_XGBoost,63684,2023,945000.0,723440.1875,221559.8125
M4_XGBoost,113246,2023,6600000.0,3385034.5,3214965.5
M4_XGBoost,64126,2023,350000.0,603479.3125,-253479.3125
M4_XGBoost,86446,2023,1285000.0,784676.875,500323.125
M4_XGBoost,136647,2023,4566188.0,967722.3125,3598465.6875
M4_XGBoost,73464,2023,3100000.0,2372191.25,727808.75
M4_XGBoost,75208,2023,8000000.0,3242577.75,4757422.25
M4_XGBoost,68039,2023,1360000.0,929667.4375,430332.5625
M4_XGBoost,140831,2023,1300000.0,911243.5625,388756.4375
M4_XGBoost,135335,2023,1147200.0,1181158.375,-33958.375
M4_XGBoost,111204,2023,2400000.0,1939448.625,460551.375
M4_XGBoost,99678,2023,7150000.0,3741043.0,3408957.0
M4_XGBoost,67617,2023,1275000.0,3816662.5,-2541662.5
M4_XGBoost,92257,2023,2370000.0,799110.0625,1570889.9375
M4_XGBoost,86423,2023,4861000.0,1580158.0,3280842.0
M4_XGBoost,114908,2023,2695000.0,1575536.875,1119463.125
M4_XGBoost,65740,2023,3500000.0,2432087.25,1067912.75
M4_XGBoost,134433,2023,630000.0,1363584.875,-733584.875
M4_XGBoost,128543,2023,2500000.0,2363292.25,136707.75
M4_XGBoost,140398,2023,3375000.0,2174239.0,1200761.0
M4_XGBoost,87753,2023,4050000.0,2457564.0,1592436.0
M4_XGBoost,126223,2023,735000.0,872584.0625,-137584.0625
M4_XGBoost,106379,2023,1400000.0,721720.1875,678279.8125
M4_XGBoost,116235,2023,1420000.0,1073568.25,346431.75
M4_XGBoost,83410,2023,675000.0,738952.3125,-63952.3125
M4_XGBoost,126412,2023,1635000.0,2352705.25,-717705.25
M4_XGBoost,99066,2023,2300000.0,2205399.25,94600.75
M4_XGBoost,98402,2023,2610000.0,1662195.25,947804.75
M4_XGBoost,91439,2023,4195000.0,2734148.75,1460851.25
M4_XGBoost,110114,2023,820000.0,722791.9375,97208.0625
M4_XGBoost,140948,2023,3400000.0,2162920.25,1237079.75
M4_XGBoost,83506,2023,650000.0,1537016.875,-887016.875
M4_XGBoost,64271,2023,270000.0,977288.9375,-707288.9375
M4_XGBoost,126737,2023,600000.0,723074.625,-123074.625
M4_XGBoost,141814,2023,1300000.0,883363.375,416636.625
M4_XGBoost,68272,2023,4750000.0,1097030.25,3652969.75
M4_XGBoost,63342,2023,8000000.0,3103729.5,4896270.5
M4_XGBoost,125316,2023,950000.0,1121842.5,-171842.5
M4_XGBoost,128852,2023,2695000.0,1793684.75,901315.25
M4_XGBoost,83710,2023,2295000.0,1996193.125,298806.875
M4_XGBoost,95725,2023,2350000.0,1811648.125,538351.875
M4_XGBoost,95007,2023,1380000.0,1449091.5,-69091.5
M4_XGBoost,97715,2023,2800000.0,2452726.75,347273.25
M4_XGBoost,116566,2023,1710000.0,1146732.375,563267.625
M4_XGBoost,119676,2023,1425000.0,1241030.125,183969.875
M4_XGBoost,141907,2023,2307000.0,1439229.0,867771.0
M4_XGBoost,80053,2023,3395000.0,1503232.875,1891767.125
M4_XGBoost,108927,2023,6650000.0,1988875.25,4661124.75
M4_XGBoost,86925,2023,650000.0,756455.125,-106455.125
M4_XGBoost,131636,2023,2300000.0,1602385.25,697614.75
M4_XGBoost,134753,2023,395000.0,488489.96875,-93489.96875
M4_XGBoost,141655,2023,600000.0,728497.75,-128497.75
M4_XGBoost,6497,2024,895000.0,1058462.375,-163462.375
M4_XGBoost,45764,2024,1350000.0,926061.5625,423938.4375
M4_XGBoost,17354,2024,1400000.0,1333010.25,66989.75
M4_XGBoost,5070,2024,325000.0,836598.0625,-511598.0625
M4_XGBoost,13909,2024,2400000.0,2080169.25,319830.75
M4_XGBoost,34573,2024,1280000.0,884499.6875,395500.3125
M4_XGBoost,8530,2024,895000.0,1524757.625,-629757.625
M4_XGBoost,11524,2024,2610000.0,2669197.75,-59197.75
M4_XGBoost,43156,2024,485000.0,843564.125,-358564.125
M4_XGBoost,33184,2024,3600000.0,1986466.0,1613534.0
M4_XGBoost,47619,2024,1125000.0,1167476.5,-42476.5
M4_XGBoost,55277,2024,2200000.0,2178138.75,21861.25
M4_XGBoost,54174,2024,3825000.0,2219468.25,1605531.75
M4_XGBoost,273,2024,2400000.0,1540199.5,859800.5
M4_XGBoost,52809,2024,2250000.0,1784896.75,465103.25
M4_XGBoost,19027,2024,2660000.0,2305110.25,354889.75
M4_XGBoost,39090,2024,9800000.0,5975634.0,3824366.0
M4_XGBoost,11032,2024,3420000.0,1575903.5,1844096.5
M4_XGBoost,19258,2024,1550000.0,1142914.375,407085.625
M4_XGBoost,50094,2024,4450000.0,2941170.75,1508829.25
M4_XGBoost,32032,2024,1200000.0,1713719.75,-513719.75
M4_XGBoost,9235,2024,5425000.0,635386.25,4789613.75
M4_XGBoost,35000,2024,2050000.0,767191.6875,1282808.3125
M4_XGBoost,48951,2024,1595000.0,2156409.75,-561409.75
M4_XGBoost,32164,2024,1020000.0,784180.875,235819.125
M4_XGBoost,61189,2024,600000.0,887838.75,-287838.75
M4_XGBoost,18203,2024,1500000.0,1641583.5,-141583.5
M4_XGBoost,54209,2024,4100000.0,3753823.0,346177.0
M4_XGBoost,31083,2024,2850000.0,1314237.5,1535762.5
M4_XGBoost,39157,2024,750000.0,1374164.25,-624164.25
M4_XGBoost,55669,2024,1495000.0,1278818.75,216181.25
M4_XGBoost,3452,2024,382500.0,493567.03125,-111067.03125
M4_XGBoost,30915,2024,8000000.0,3631082.0,4368918.0
M4_XGBoost,60881,2024,665000.0,934022.8125,-269022.8125
M4_XGBoost,42760,2024,1535000.0,1385769.125,149230.875
M4_XGBoost,18527,2024,1625000.0,1127660.5,497339.5
M4_XGBoost,5026,2024,1000000.0,582927.5,417072.5
M4_XGBoost,253,2024,1100000.0,1151830.0,-51830.0
M4_XGBoost,56161,2024,1600000.0,1220451.625,379548.375
M4_XGBoost,34134,2024,395000.0,808457.25,-413457.25
M4_XGBoost,53131,2024,2675000.0,2175707.75,499292.25
M4_XGBoost,34970,2024,2175000.0,1801692.75,373307.25
M4_XGBoost,40184,2024,1695000.0,1168362.0,526638.0
M4_XGBoost,24228,2024,1265000.0,1219651.125,45348.875
M4_XGBoost,5874,2024,4550000.0,2375662.0,2174338.0
M4_XGBoost,30323,2024,1325000.0,1187806.125,137193.875
M4_XGBoost,22037,2024,1875000.0,946716.0625,928283.9375
M4_XGBoost,42260,2024,1650000.0,594140.75,1055859.25
M4_XGBoost,28126,2024,1455000.0,1523891.125,-68891.125
M4_XGBoost,11903,2024,1500000.0,1270172.0,229828.0
M4_XGBoost,16339,2024,2600000.0,1611660.375,988339.625
M4_XGBoost,30277,2024,719000.0,496394.625,222605.375
M4_XGBoost,33036,2024,1950000.0,2424357.5,-474357.5
M4_XGBoost,52516,2024,2850000.0,1286885.875,1563114.125
M4_XGBoost,22976,2024,3650000.0,2522284.25,1127715.75
M4_XGBoost,4672,2024,1195000.0,535015.5625,659984.4375
M4_XGBoost,36120,2024,1650000.0,1053763.875,596236.125
M4_XGBoost,8440,2024,2700000.0,708143.0,1991857.0
M4_XGBoost,40743,2024,2730000.0,2110192.5,619807.5
M4_XGBoost,20315,2024,3100000.0,1646283.625,1453716.375
M4_XGBoost,52863,2024,3750000.0,1772419.125,1977580.875
M4_XGBoost,25430,2024,2000000.0,2197111.25,-197111.25
M4_XGBoost,29029,2024,380000.0,503499.125,-123499.125
M4_XGBoost,13433,2024,2995000.0,1832471.875,1162528.125
M4_XGBoost,2867,2024,1135000.0,1548005.625,-413005.625
M4_XGBoost,21421,2024,1750000.0,1995820.0,-245820.0
M4_XGBoost,10240,2024,1245000.0,1291463.125,-46463.125
M4_XGBoost,26434,2024,4000000.0,3493443.0,506557.0
M4_XGBoost,4032,2024,1795000.0,1769627.25,25372.75
M4_XGBoost,54551,2024,1375000.0,1877665.625,-502665.625
M4_XGBoost,22008,2024,3100000.0,1553006.5,1546993.5
M4_XGBoost,53833,2024,5875000.0,5917133.0,-42133.0
M4_XGBoost,56881,2024,1800000.0,1515829.375,284170.625
M4_XGBoost,261,2024,8700000.0,4583617.5,4116382.5
M4_XGBoost,21356,2024,1230000.0,582214.6875,647785.3125
M4_XGBoost,4519,2024,9800000.0,5507086.0,4292914.0
M4_XGBoost,59153,2024,3100000.0,2427656.5,672343.5
M4_XGBoost,45493,2024,650000.0,691397.875,-41397.875
M4_XGBoost,22060,2024,2570000.0,988504.375,1581495.625
M4_XGBoost,57171,2024,2450000.0,2035502.375,414497.625
M4_XGBoost,47267,2024,3520000.0,2475545.0,1044455.0
M4_XGBoost,56283,2024,4230000.0,2007539.0,2222461.0
M4_XGBoost,14938,2024,1400000.0,1172374.5,227625.5
M4_XGBoost,56844,2024,1180000.0,1182090.25,-2090.25
M4_XGBoost,55406,2024,2940000.0,2246830.25,693169.75
M4_XGBoost,40413,2024,1000000.0,602939.6875,397060.3125
M4_XGBoost,13579,2024,1600000.0,944150.875,655849.125
M4_XGBoost,49782,2024,4200000.0,2633279.5,1566720.5
M4_XGBoost,52391,2024,2800000.0,1809341.25,990658.75
M4_XGBoost,34428,2024,1225000.0,1790285.625,-565285.625
M4_XGBoost,3803,2024,300000.0,1151656.5,-851656.5
M4_XGBoost,2060,2024,2012500.0,1487621.0,524879.0
M4_XGBoost,24024,2024,1550000.0,1207555.375,342444.625
M4_XGBoost,56869,2024,775000.0,1395604.625,-620604.625
M4_XGBoost,57544,2024,6400000.0,1982026.625,4417973.375
M4_XGBoost,9877,2024,1095000.0,1207309.0,-112309.0
M4_XGBoost,61182,2024,2600000.0,1984534.625,615465.375
M4_XGBoost,46227,2024,1550000.0,709540.9375,840459.0625
M4_XGBoost,59741,2024,500000.0,778361.125,-278361.125
M4_XGBoost,26094,2024,995000.0,903822.0,91178.0
M4_XGBoost,9199,2024,2195000.0,1877500.875,317499.125
M4_XGBoost,58134,2024,1450000.0,961948.4375,488051.5625
M4_XGBoost,29880,2024,3275000.0,2461673.75,813326.25
M4_XGBoost,39723,2024,3995000.0,2440407.25,1554592.75
M4_XGBoost,6919,2024,1130000.0,688855.4375,441144.5625
M4_XGBoost,13524,2024,6499000.0,2795063.25,3703936.75
M4_XGBoost,59292,2024,775000.0,863115.875,-88115.875
M4_XGBoost,34427,2024,4500000.0,2177754.5,2322245.5
M4_XGBoost,40558,2024,1075000.0,588861.9375,486138.0625
M4_XGBoost,55858,2024,4000000.0,2199950.25,1800049.75
M4_XGBoost,22085,2024,2650000.0,2012058.625,637941.375
M4_XGBoost,18500,2024,3075000.0,1899876.875,1175123.125
M4_XGBoost,50262,2024,435000.0,746050.3125,-311050.3125
M4_XGBoost,14111,2024,1400000.0,1627355.25,-227355.25
M4_XGBoost,4800,2024,6305000.0,1930931.5,4374068.5
M4_XGBoost,15982,2024,3263660.0,2310943.25,952716.75
M4_XGBoost,27019,2024,1400000.0,1197893.125,202106.875
M4_XGBoost,36265,2024,1300000.0,1418167.625,-118167.625
M4_XGBoost,41547,2024,2275000.0,1009072.375,1265927.625
M4_XGBoost,27878,2024,2995000.0,1720123.625,1274876.375
M4_XGBoost,37985,2024,1422000.0,1031582.25,390417.75
M4_XGBoost,7876,2024,1050000.0,1486055.5,-436055.5
M4_XGBoost,8858,2024,4305000.0,1698033.875,2606966.125
M4_XGBoost,50841,2024,5100000.0,3098010.25,2001989.75
M4_XGBoost,20345,2024,4995000.0,2796604.5,2198395.5
M4_XGBoost,1736,2024,13500000.0,4159072.0,9340928.0
M4_XGBoost,57482,2024,1050000.0,533920.1875,516079.8125
M4_XGBoost,58938,2024,1495000.0,1168641.625,326358.375
M4_XGBoost,48983,2024,485000.0,847327.875,-362327.875
M4_XGBoost,53181,2024,3445000.0,1726935.0,1718065.0
M4_XGBoost,7844,2024,2195000.0,1699777.125,495222.875
M4_XGBoost,38508,2024,675000.0,542343.75,132656.25
M4_XGBoost,431,2024,2700000.0,1366858.0,1333142.0
M4_XGBoost,15914,2024,1395000.0,1655650.25,-260650.25
M4_XGBoost,53528,2024,2995000.0,1365880.75,1629119.25
M4_XGBoost,11647,2024,2175000.0,1909904.75,265095.25
M4_XGBoost,14402,2024,450000.0,545975.875,-95975.875
M4_XGBoost,21955,2024,8250000.0,1643859.75,6606140.25
M4_XGBoost,13556,2024,1675000.0,1384354.375,290645.625
M4_XGBoost,28187,2024,3750000.0,3707988.5,42011.5
M4_XGBoost,29083,2024,8075000.0,3814257.5,4260742.5
M4_XGBoost,43398,2024,1475000.0,2229128.5,-754128.5
M4_XGBoost,38280,2024,3200000.0,1719190.5,1480809.5
M4_XGBoost,10639,2024,3405000.0,2448683.5,956316.5
M4_XGBoost,3077,2024,1525000.0,1295648.875,229351.125
M4_XGBoost,39822,2024,3250000.0,3373986.0,-123986.0
M4_XGBoost,39297,2024,3600000.0,3881605.25,-281605.25
M4_XGBoost,56935,2024,2000000.0,949052.8125,1050947.1875
M4_XGBoost,47568,2024,1380000.0,1402368.875,-22368.875
M4_XGBoost,55908,2024,2900000.0,1698592.625,1201407.375
M4_XGBoost,32949,2024,2850000.0,1571626.125,1278373.875
M4_XGBoost,31682,2024,2585000.0,1530414.375,1054585.625
M4_XGBoost,24915,2024,611915.0,634118.6875,-22203.6875
M4_XGBoost,23715,2024,1300000.0,828688.375,471311.625
M4_XGBoost,32010,2024,3545000.0,2013114.25,1531885.75
M4_XGBoost,27427,2024,4500000.0,2867900.25,1632099.75
M4_XGBoost,46393,2024,1500000.0,1015956.1875,484043.8125
M4_XGBoost,11547,2024,5200000.0,2670414.75,2529585.25
M4_XGBoost,25770,2024,2600000.0,1290505.375,1309494.625
M4_XGBoost,39668,2024,8270000.0,5684534.0,2585466.0
M4_XGBoost,59485,2024,2025000.0,1209961.25,815038.75
M4_XGBoost,22472,2024,2650000.0,1317272.875,1332727.125
M4_XGBoost,12653,2024,1200000.0,829089.1875,370910.8125
M4_XGBoost,39324,2024,1300000.0,1460982.125,-160982.125
M4_XGBoost,16355,2024,4995000.0,2747238.25,2247761.75
M4_XGBoost,43684,2024,6750000.0,926577.4375,5823422.5625
M4_XGBoost,48013,2024,1975000.0,1198941.125,776058.875
M4_XGBoost,23520,2024,4375000.0,2002378.25,2372621.75
M4_XGBoost,848,2024,2314400.0,1044172.3125,1270227.6875
M4_XGBoost,29745,2024,1995000.0,1752184.125,242815.875
M4_XGBoost,54472,2024,2315000.0,2152982.25,162017.75
M4_XGBoost,34960,2024,1070000.0,934217.0625,135782.9375
M4_XGBoost,5522,2024,400000.0,893546.9375,-493546.9375
M4_XGBoost,33694,2024,840000.0,1055546.125,-215546.125
M4_XGBoost,6942,2024,2200000.0,2526584.0,-326584.0
M4_XGBoost,35632,2024,3950000.0,2135720.5,1814279.5
M4_XGBoost,14144,2024,4265000.0,3463071.5,801928.5
M4_XGBoost,44184,2024,1438000.0,945296.0,492704.0
M4_XGBoost,9683,2024,1550000.0,1011911.375,538088.625
M4_XGBoost,59290,2024,500000.0,701040.5,-201040.5
M4_XGBoost,17854,2024,4600000.0,3032340.75,1567659.25
M4_XGBoost,26159,2024,5600000.0,2980086.0,2619914.0
M4_XGBoost,38979,2024,1825000.0,2302976.75,-477976.75
M4_XGBoost,52629,2024,9553000.0,4329942.0,5223058.0
M4_XGBoost,33430,2024,1095000.0,1511501.625,-416501.625
M4_XGBoost,13205,2024,5000000.0,3138734.5,1861265.5
M4_XGBoost,9118,2024,4750000.0,1165556.375,3584443.625
M4_XGBoost,12668,2024,1150000.0,765244.3125,384755.6875
M4_XGBoost,59965,2024,8500000.0,2819439.0,5680561.0
M4_XGBoost,33850,2024,1000000.0,1579821.875,-579821.875
M4_XGBoost,58324,2024,1850000.0,1420850.875,429149.125
M4_XGBoost,58200,2024,4595000.0,3534336.0,1060664.0
M4_XGBoost,52467,2024,9300000.0,2361388.5,6938611.5
M4_XGBoost,45601,2024,2125000.0,1562763.125,562236.875
M4_XGBoost,12758,2024,825000.0,604822.3125,220177.6875
M4_XGBoost,30680,2024,2500000.0,1901178.25,598821.75
M4_XGBoost,51186,2024,4500000.0,1775904.625,2724095.375
M4_XGBoost,58936,2024,1698000.0,1137411.25,560588.75
M4_XGBoost,34327,2024,3875000.0,2587995.5,1287004.5
M4_XGBoost,43042,2024,665000.0,943527.125,-278527.125
M4_XGBoost,42433,2024,7025000.0,3988054.75,3036945.25
M4_XGBoost,59895,2024,475000.0,666257.125,-191257.125
M4_XGBoost,58016,2024,1225000.0,1284085.875,-59085.875
M4_XGBoost,4107,2024,4720000.0,3352084.0,1367916.0
M4_XGBoost,20248,2024,3100000.0,2220851.0,879149.0
M4_XGBoost,39524,2024,2900000.0,1654057.875,1245942.125
M4_XGBoost,6913,2024,970000.0,1481167.125,-511167.125
M4_XGBoost,4788,2024,4447119.0,1756939.625,2690179.375
M4_XGBoost,30504,2024,4300000.0,1789391.125,2510608.875
M4_XGBoost,30191,2024,2010000.0,1446342.625,563657.375
M4_XGBoost,47312,2024,9175000.0,2912857.5,6262142.5
M4_XGBoost,5488,2024,950000.0,962063.125,-12063.125
M4_XGBoost,49367,2024,3605000.0,2316618.5,1288381.5
M4_XGBoost,15679,2024,2550000.0,2653333.0,-103333.0
M4_XGBoost,38064,2024,2900000.0,1075724.625,1824275.375
M4_XGBoost,39428,2024,735000.0,594843.25,140156.75
M4_XGBoost,9932,2024,1045000.0,626889.375,418110.625
M4_XGBoost,32029,2024,1135000.0,710786.4375,424213.5625
M4_XGBoost,7729,2024,1150000.0,1377629.75,-227629.75
M4_XGBoost,59825,2024,2125000.0,2601928.5,-476928.5
M4_XGBoost,23637,2024,1695000.0,1449380.375,245619.625
M4_XGBoost,7328,2024,2595000.0,946399.1875,1648600.8125
M4_XGBoost,48898,2024,1975000.0,1645327.875,329672.125
M4_XGBoost,5610,2024,2200000.0,1476040.0,723960.0
M4_XGBoost,56462,2024,5725000.0,2233789.0,3491211.0
M4_XGBoost,689,2024,1172600.0,774416.125,398183.875
M4_XGBoost,53281,2024,1620000.0,1718972.375,-98972.375
M4_XGBoost,32219,2024,1780000.0,1081791.25,698208.75
M4_XGBoost,8236,2024,2595000.0,815013.3125,1779986.6875
M4_XGBoost,36616,2024,3875000.0,2971161.25,903838.75
M4_XGBoost,8773,2024,725000.0,678538.625,46461.375
M4_XGBoost,5981,2024,2600000.0,2182726.0,417274.0
M4_XGBoost,1608,2024,1095000.0,821936.0625,273063.9375
M4_XGBoost,31427,2024,2150000.0,1358847.875,791152.125
M4_XGBoost,7133,2024,3100000.0,1539634.125,1560365.875
M4_XGBoost,31630,2024,3500000.0,1482113.875,2017886.125
M4_XGBoost,33565,2024,1600000.0,763871.3125,836128.6875
M4_XGBoost,1334,2024,1572500.0,1291650.375,280849.625
M4_XGBoost,12347,2024,967500.0,1390955.375,-423455.375
M4_XGBoost,19489,2024,4100000.0,2044385.25,2055614.75
M4_XGBoost,41865,2024,1800000.0,1668643.625,131356.375
M4_XGBoost,40754,2024,1415000.0,875332.0,539668.0
M4_XGBoost,51556,2024,575000.0,1380789.125,-805789.125
M4_XGBoost,52468,2024,1756000.0,972973.0,783027.0
M4_XGBoost,5927,2024,2750000.0,1913281.0,836719.0
M4_XGBoost,30495,2024,1360000.0,1125456.875,234543.125
M4_XGBoost,52872,2024,6200000.0,2822236.75,3377763.25
M4_XGBoost,56872,2024,3075000.0,1358770.125,1716229.875
M4_XGBoost,7679,2024,1125000.0,651383.9375,473616.0625
M4_XGBoost,5102,2024,1650000.0,959371.3125,690628.6875
M4_XGBoost,47000,2024,3995000.0,2227796.0,1767204.0
M4_XGBoost,51905,2024,3350000.0,1945960.875,1404039.125
M4_XGBoost,34014,2024,3850000.0,2136032.0,1713968.0
M4_XGBoost,25427,2024,1600000.0,948460.1875,651539.8125
M4_XGBoost,28447,2024,825000.0,646612.625,178387.375
M4_XGBoost,52411,2024,2545000.0,2267884.5,277115.5
M4_XGBoost,7892,2024,1920000.0,2314331.0,-394331.0
M4_XGBoost,32415,2024,1100000.0,1521492.25,-421492.25
M4_XGBoost,31418,2024,4200000.0,2172767.5,2027232.5
M4_XGBoost,2990,2024,2600000.0,2023027.75,576972.25
M4_XGBoost,41824,2024,8575000.0,4756822.0,3818178.0
M4_XGBoost,6839,2024,1095000.0,2226680.75,-1131680.75
M4_XGBoost,57203,2024,9300000.0,4123759.25,5176240.75
M4_XGBoost,51486,2024,925000.0,1331208.875,-406208.875
M4_XGBoost,60606,2024,3165000.0,1058278.625,2106721.375
M4_XGBoost,19303,2024,2925000.0,1284927.5,1640072.5
M4_XGBoost,5803,2024,1470000.0,1054171.875,415828.125
M4_XGBoost,44696,2024,4365000.0,2753893.0,1611107.0
M4_XGBoost,10552,2024,3095000.0,1578623.125,1516376.875
M4_XGBoost,59771,2024,800000.0,732343.5625,67656.4375
M4_XGBoost,19246,2024,9500000.0,1811546.125,7688453.875
M4_XGBoost,11306,2024,4400000.0,2786326.0,1613674.0
M4_XGBoost,41915,2024,5250000.0,2784939.25,2465060.75
M4_XGBoost,35520,2024,663000.0,589460.3125,73539.6875
M4_XGBoost,47024,2024,2825000.0,904218.625,1920781.375
M4_XGBoost,50734,2024,2725000.0,2287420.5,437579.5
M4_XGBoost,16171,2024,475000.0,648401.5625,-173401.5625
M4_XGBoost,56712,2024,3585000.0,3108848.5,476151.5
M4_XGBoost,6340,2024,1620000.0,1860601.5,-240601.5
M4_XGBoost,52456,2024,6900000.0,5373776.5,1526223.5
M4_XGBoost,51103,2024,5275000.0,3584127.0,1690873.0
M4_XGBoost,42584,2024,1625000.0,1745649.375,-120649.375
M4_XGBoost,59789,2024,620500.0,1700617.0,-1080117.0
M4_XGBoost,59786,2024,3780000.0,2617775.5,1162224.5
M4_XGBoost,43340,2024,1125000.0,1412416.5,-287416.5
M4_XGBoost,11047,2024,2100000.0,1504932.625,595067.375
M4_XGBoost,1246,2024,1224000.0,1815581.125,-591581.125
M4_XGBoost,9931,2024,2150000.0,1102550.375,1047449.625
M4_XGBoost,48103,2024,2095000.0,1525906.75,569093.25
M4_XGBoost,29599,2024,2650000.0,1095781.75,1554218.25
M4_XGBoost,35957,2024,2243750.0,1446735.875,797014.125
M4_XGBoost,45910,2024,416500.0,784916.375,-368416.375
M4_XGBoost,5692,2024,4645000.0,2704834.5,1940165.5
M4_XGBoost,44701,2024,400000.0,571759.5,-171759.5
M4_XGBoost,26949,2024,1350000.0,606574.3125,743425.6875
M4_XGBoost,20867,2024,1200000.0,1041405.6875,158594.3125
M4_XGBoost,33460,2024,2500000.0,1419936.5,1080063.5
M4_XGBoost,39363,2024,6250000.0,3049357.75,3200642.25
M4_XGBoost,28336,2024,4395000.0,2137756.25,2257243.75
M4_XGBoost,37386,2024,4400000.0,1051439.0,3348561.0
M4_XGBoost,40993,2024,4825000.0,2703547.5,2121452.5
M4_XGBoost,32722,2024,2500000.0,3357109.75,-857109.75
M4_XGBoost,7478,2024,2150000.0,1061851.375,1088148.625
M4_XGBoost,18619,2024,3750000.0,3079021.0,670979.0
M4_XGBoost,13540,2024,1800000.0,1259118.5,540881.5
M4_XGBoost,58074,2024,2250000.0,1834984.875,415015.125
M4_XGBoost,21474,2024,688500.0,1289907.375,-601407.375
M4_XGBoost,8665,2024,1595000.0,2280824.5,-685824.5
M4_XGBoost,9538,2024,440000.0,449892.65625,-9892.65625
M4_XGBoost,58079,2024,1700000.0,1116952.0,583048.0
M4_XGBoost,60094,2024,4600000.0,2407122.5,2192877.5
M4_XGBoost,44793,2024,1025000.0,904637.8125,120362.1875
M4_XGBoost,58800,2024,2995000.0,2886374.5,108625.5
M4_XGBoost,52321,2024,1670000.0,1113573.0,556427.0
M4_XGBoost,54145,2024,1575000.0,1530131.25,44868.75
M4_XGBoost,50830,2024,3100000.0,1747966.625,1352033.375
M4_XGBoost,13431,2024,2075000.0,1571092.625,503907.375
M4_XGBoost,37106,2024,3900000.0,3225678.75,674321.25
M4_XGBoost,6329,2024,1540000.0,1469785.0,70215.0
M4_XGBoost,40338,2024,6400000.0,2557922.5,3842077.5
M4_XGBoost,16695,2024,5000000.0,2931951.25,2068048.75
M4_XGBoost,2549,2024,2845000.0,1517042.625,1327957.375
M4_XGBoost,54143,2024,1395000.0,2255669.25,-860669.25
M4_XGBoost,53577,2024,1300000.0,671617.75,628382.25
M4_XGBoost,7417,2024,825000.0,694039.0625,130960.9375
M4_XGBoost,30295,2024,1900000.0,1536385.25,363614.75
M4_XGBoost,1219,2024,3600000.0,2890572.5,709427.5
M4_XGBoost,33334,2024,6600000.0,4138726.75,2461273.25
M4_XGBoost,21082,2024,2145100.0,1446693.125,698406.875
M4_XGBoost,26005,2024,1175000.0,778790.25,396209.75
M4_XGBoost,29971,2024,2225000.0,2402267.5,-177267.5
M4_XGBoost,1295,2024,2410505.0,1538418.875,872086.125
M4_XGBoost,33878,2024,1700000.0,855202.5625,844797.4375
M4_XGBoost,22078,2024,2660000.0,1540831.25,1119168.75
M4_XGBoost,16248,2024,1300000.0,998606.875,301393.125
M4_XGBoost,14653,2024,4145000.0,1453319.625,2691680.375
M4_XGBoost,26537,2024,415000.0,651906.0,-236906.0
M4_XGBoost,7390,2024,260000.0,851726.3125,-591726.3125
M4_XGBoost,36231,2024,1100000.0,945736.0625,154263.9375
M4_XGBoost,40517,2024,3945000.0,2473772.5,1471227.5
M4_XGBoost,40561,2024,1660000.0,1080387.0,579613.0
M4_XGBoost,10021,2024,2100000.0,1620174.75,479825.25
M4_XGBoost,9125,2024,1212500.0,1186121.75,26378.25
M4_XGBoost,52889,2024,2895000.0,1259355.125,1635644.875
M4_XGBoost,31595,2024,1250000.0,891608.6875,358391.3125
M4_XGBoost,47332,2024,2350000.0,1791178.75,558821.25
M4_XGBoost,2992,2024,1196353.0,913493.6875,282859.3125
M4_XGBoost,22041,2024,3150000.0,2038746.75,1111253.25
M4_XGBoost,38602,2024,3050000.0,1090975.875,1959024.125
M4_XGBoost,56876,2024,2960000.0,1743792.5,1216207.5
M4_XGBoost,27227,2024,3350000.0,1663119.75,1686880.25
M4_XGBoost,25193,2024,625000.0,1031347.125,-406347.125
M4_XGBoost,29788,2024,1360000.0,1806131.25,-446131.25
M4_XGBoost,16323,2024,1495000.0,731517.8125,763482.1875
M4_XGBoost,14832,2024,850000.0,471237.1875,378762.8125
M4_XGBoost,10476,2024,3900000.0,1823455.625,2076544.375
M4_XGBoost,47527,2024,2125000.0,1434243.0,690757.0
M4_XGBoost,16271,2024,3495000.0,3010143.25,484856.75
M4_XGBoost,35870,2024,4800000.0,2143844.25,2656155.75
M4_XGBoost,12506,2024,1300000.0,932550.6875,367449.3125
M4_XGBoost,59132,2024,1375000.0,1022747.4375,352252.5625
M4_XGBoost,8780,2024,1420000.0,976935.75,443064.25
M4_XGBoost,10199,2024,490000.0,1149136.375,-659136.375
M4_XGBoost,42336,2024,1100000.0,985168.125,114831.875
M4_XGBoost,26227,2024,2495000.0,2055269.875,439730.125
M4_XGBoost,39674,2024,1034500.0,873984.0625,160515.9375
M4_XGBoost,47217,2024,1695000.0,1029192.4375,665807.5625
M4_XGBoost,28459,2024,1245000.0,1056559.25,188440.75
M4_XGBoost,15986,2024,1875000.0,1600932.625,274067.375
M4_XGBoost,48250,2024,1185000.0,650033.0,534967.0
M4_XGBoost,13203,2024,2157000.0,2094563.625,62436.375
M4_XGBoost,5068,2024,3550000.0,1777573.625,1772426.375
M4_XGBoost,2152,2024,1155000.0,1492880.875,-337880.875
M4_XGBoost,18178,2024,1950000.0,1875557.375,74442.625
M4_XGBoost,40717,2024,2375000.0,1317377.25,1057622.75
M4_XGBoost,54451,2024,1450000.0,1702777.125,-252777.125
M4_XGBoost,56057,2024,2740000.0,1490746.75,1249253.25
M4_XGBoost,20465,2024,2375000.0,1316181.75,1058818.25
M4_XGBoost,57610,2024,745000.0,1416548.375,-671548.375
M4_XGBoost,42466,2024,2500000.0,1428831.25,1071168.75
M4_XGBoost,16386,2024,750000.0,899433.3125,-149433.3125
M4_XGBoost,52810,2024,1475000.0,1075132.75,399867.25
M4_XGBoost,277,2024,700000.0,1422064.125,-722064.125
M4_XGBoost,28822,2024,1600000.0,1145256.875,454743.125
M4_XGBoost,42509,2024,5000000.0,1293270.0,3706730.0
M4_XGBoost,25325,2024,650000.0,564636.0625,85363.9375
M4_XGBoost,25623,2024,975000.0,1031619.625,-56619.625
M4_XGBoost,30824,2024,3098000.0,1673458.0,1424542.0
M4_XGBoost,32662,2024,1545000.0,1231312.5,313687.5
M4_XGBoost,1410,2024,1840000.0,1463643.0,376357.0
M4_XGBoost,31590,2024,2200000.0,1631351.875,568648.125
M4_XGBoost,37267,2024,1500000.0,1770359.875,-270359.875
M4_XGBoost,31967,2024,1360000.0,1016655.9375,343344.0625
M4_XGBoost,1618,2024,2400000.0,927092.75,1472907.25
M4_XGBoost,40822,2024,4995000.0,2943258.25,2051741.75
M4_XGBoost,49579,2024,1400000.0,1268017.625,131982.375
M4_XGBoost,2854,2024,2375000.0,1567891.0,807109.0
M4_XGBoost,31224,2024,1695000.0,1519710.0,175290.0
M4_XGBoost,33667,2024,2945000.0,1499029.75,1445970.25
M4_XGBoost,27556,2024,2545000.0,2515368.5,29631.5
M4_XGBoost,60257,2024,1550000.0,1375832.25,174167.75
M4_XGBoost,52940,2024,2660000.0,1562378.75,1097621.25
M4_XGBoost,47067,2024,1210000.0,1208777.875,1222.125
M4_XGBoost,29056,2024,3000001.0,2307543.0,692458.0
M4_XGBoost,25980,2024,4400000.0,1585469.875,2814530.125
M4_XGBoost,27171,2024,1935000.0,1540249.5,394750.5
M4_XGBoost,52963,2024,625000.0,674468.9375,-49468.9375
M4_XGBoost,24445,2024,1200000.0,1159284.125,40715.875
M4_XGBoost,41597,2024,5995000.0,3405131.25,2589868.75
M4_XGBoost,46873,2024,1850000.0,2242589.5,-392589.5
M4_XGBoost,35962,2024,643000.0,700028.375,-57028.375
M4_XGBoost,60061,2024,1500000.0,918846.125,581153.875
M4_XGBoost,32181,2024,3250000.0,2335358.25,914641.75
M4_XGBoost,29284,2024,4500000.0,2914563.75,1585436.25
M4_XGBoost,14946,2024,1300000.0,711369.625,588630.375
M4_XGBoost,45228,2024,3525000.0,1785596.5,1739403.5
M4_XGBoost,60195,2024,1050000.0,849869.0,200131.0
M4_XGBoost,6145,2024,2050000.0,1573131.625,476868.375
M4_XGBoost,38571,2024,3500000.0,1058852.125,2441147.875
M4_XGBoost,41904,2024,1800000.0,1727575.875,72424.125
M4_XGBoost,25736,2024,1434500.0,1023770.125,410729.875
M4_XGBoost,49193,2024,400000.0,658971.75,-258971.75
M4_XGBoost,36858,2024,520000.0,1037424.75,-517424.75
M4_XGBoost,52216,2024,2900000.0,1627797.625,1272202.375
M4_XGBoost,6527,2024,1000000.0,1844098.625,-844098.625
M4_XGBoost,5835,2024,1700000.0,2147714.0,-447714.0
M4_XGBoost,36888,2024,2800000.0,1698233.0,1101767.0
M4_XGBoost,27148,2024,1800000.0,1231156.25,568843.75
M4_XGBoost,50724,2024,1405000.0,977038.25,427961.75
M4_XGBoost,12223,2024,1695000.0,840215.3125,854784.6875
M4_XGBoost,41595,2024,443104.0,504896.90625,-61792.90625
M4_XGBoost,41354,2024,1698000.0,979618.0,718382.0
M4_XGBoost,58021,2024,2630000.0,1932467.875,697532.125
M4_XGBoost,40884,2024,1356503.0,1381521.5,-25018.5
M4_XGBoost,46887,2024,2245000.0,2064528.5,180471.5
M4_XGBoost,49774,2024,2295000.0,1196427.125,1098572.875
M4_XGBoost,42882,2024,3400000.0,1974214.75,1425785.25
M4_XGBoost,53364,2024,4800000.0,2659263.25,2140736.75
M4_XGBoost,32497,2024,1950000.0,1522139.5,427860.5
M4_XGBoost,22810,2024,2270000.0,1752490.0,517510.0
M4_XGBoost,39209,2024,550000.0,1078363.375,-528363.375
M4_XGBoost,22165,2024,1100000.0,972753.125,127246.875
M4_XGBoost,23281,2024,2600000.0,1743115.75,856884.25
M4_XGBoost,41418,2024,530000.0,821872.5625,-291872.5625
M4_XGBoost,5847,2024,600000.0,987835.25,-387835.25
M4_XGBoost,44588,2024,472500.0,850307.625,-377807.625
M4_XGBoost,4245,2024,2100000.0,1522983.125,577016.875
M4_XGBoost,14366,2024,975000.0,948558.75,26441.25
M4_XGBoost,24629,2024,2700000.0,1543699.375,1156300.625
M4_XGBoost,12896,2024,560000.0,1038272.0,-478272.0
M4_XGBoost,41958,2024,3995000.0,3015180.0,979820.0
M4_XGBoost,40213,2024,4350000.0,1252611.5,3097388.5
M4_XGBoost,23219,2024,1775000.0,2088852.5,-313852.5
M4_XGBoost,59139,2024,3885000.0,2364284.25,1520715.75
M4_XGBoost,26402,2024,1700000.0,1258495.5,441504.5
M4_XGBoost,3222,2024,1625000.0,962779.0625,662220.9375
M4_XGBoost,2761,2024,2550000.0,926403.375,1623596.625
M4_XGBoost,41890,2024,2975000.0,1805967.625,1169032.375
M4_XGBoost,19817,2024,960000.0,994985.0,-34985.0
M4_XGBoost,19277,2024,1350000.0,956773.6875,393226.3125
M4_XGBoost,7646,2024,605000.0,845105.375,-240105.375
M4_XGBoost,25974,2024,1000000.0,489246.1875,510753.8125
M4_XGBoost,56118,2024,2965000.0,2279598.0,685402.0
M4_XGBoost,32318,2024,7550000.0,3997780.25,3552219.75
M4_XGBoost,28240,2024,1700000.0,1639219.625,60780.375
M4_XGBoost,48405,2024,820000.0,608926.875,211073.125
M4_XGBoost,3799,2024,5350000.0,2053287.25,3296712.75
M4_XGBoost,13082,2024,550000.0,570594.875,-20594.875
M4_XGBoost,37246,2024,2995000.0,2007983.25,987016.75
M4_XGBoost,17919,2024,5300000.0,3065397.25,2234602.75
M4_XGBoost,15142,2024,1201000.0,642360.625,558639.375
M4_XGBoost,54203,2024,1250000.0,1069352.25,180647.75
M4_XGBoost,4364,2024,1750000.0,1705575.75,44424.25
M4_XGBoost,6926,2024,3700000.0,2424214.0,1275786.0
M4_XGBoost,14558,2024,2500000.0,2021806.875,478193.125
M4_XGBoost,54705,2024,1975000.0,2327591.5,-352591.5
M4_XGBoost,36287,2024,3200000.0,1747106.625,1452893.375
M4_XGBoost,47250,2024,815000.0,878658.25,-63658.25
M4_XGBoost,2101,2024,500000.0,823008.3125,-323008.3125
M4_XGBoost,8633,2024,2075000.0,2357725.25,-282725.25
M4_XGBoost,9480,2024,1598000.0,1275618.875,322381.125
M4_XGBoost,4657,2024,850000.0,1183732.875,-333732.875
M4_XGBoost,7686,2024,1150000.0,848479.375,301520.625
M4_XGBoost,41543,2024,1403000.0,570733.625,832266.375
M4_XGBoost,9807,2024,1950000.0,1052833.625,897166.375
M4_XGBoost,25447,2024,1200000.0,2003765.125,-803765.125
M4_XGBoost,212,2024,750000.0,941476.875,-191476.875
M4_XGBoost,12727,2024,550000.0,426328.53125,123671.46875
M4_XGBoost,19366,2024,8195000.0,4385346.5,3809653.5
M4_XGBoost,8870,2024,4305000.0,1698033.875,2606966.125
M4_XGBoost,18875,2024,3660000.0,2585161.25,1074838.75
M4_XGBoost,5125,2024,1300000.0,1048013.1875,251986.8125
M4_XGBoost,19497,2024,840000.0,1031050.125,-191050.125
M4_XGBoost,16927,2024,2650000.0,1768412.625,881587.375
M4_XGBoost,3131,2024,5355000.0,2558691.0,2796309.0
M4_XGBoost,32418,2024,670000.0,1264951.0,-594951.0
M4_XGBoost,3242,2024,5371250.0,1543502.125,3827747.875
M4_XGBoost,54953,2024,1330000.0,1277711.75,52288.25
M4_XGBoost,54167,2024,7825000.0,4820836.5,3004163.5
M4_XGBoost,484,2024,525000.0,834924.25,-309924.25
M4_XGBoost,59392,2024,1100000.0,1206936.0,-106936.0
M4_XGBoost,46768,2024,1650000.0,1275075.25,374924.75
M4_XGBoost,29616,2024,850000.0,704534.4375,145465.5625
M4_XGBoost,54201,2024,4520000.0,3226688.0,1293312.0
M4_XGBoost,54834,2024,4695000.0,2998319.25,1696680.75
M4_XGBoost,11948,2024,700000.0,924214.0625,-224214.0625
M4_XGBoost,33177,2024,2550000.0,1185335.875,1364664.125
M4_XGBoost,4044,2024,1335000.0,1493922.0,-158922.0
M4_XGBoost,25636,2024,700000.0,949564.3125,-249564.3125
M4_XGBoost,55738,2024,5200000.0,2682915.25,2517084.75
M4_XGBoost,57862,2024,2890000.0,2711645.25,178354.75
M4_XGBoost,34683,2024,2226210.0,1234279.875,991930.125
M4_XGBoost,7072,2024,805000.0,773510.5,31489.5
M4_XGBoost,34115,2024,680000.0,791340.4375,-111340.4375
M4_XGBoost,13529,2024,1315000.0,980136.625,334863.375
M4_XGBoost,50947,2024,1720000.0,1279730.0,440270.0
M4_XGBoost,476,2024,3883715.0,1144040.875,2739674.125
M4_XGBoost,1175,2024,810000.0,599697.9375,210302.0625
M4_XGBoost,32946,2024,3335000.0,2151036.75,1183963.25
M4_XGBoost,29772,2024,9300000.0,3225325.0,6074675.0
M4_XGBoost,10941,2024,1695000.0,1248538.625,446461.375
M4_XGBoost,34253,2024,1420000.0,1043276.5,376723.5
M4_XGBoost,8383,2024,1995000.0,1744842.125,250157.875
M4_XGBoost,13378,2024,569500.0,1121932.25,-552432.25
M4_XGBoost,13920,2024,1095000.0,2553684.0,-1458684.0
M4_XGBoost,60234,2024,875000.0,1180118.0,-305118.0
M4_XGBoost,47388,2024,1875000.0,1048081.1875,826918.8125
M4_XGBoost,3388,2024,2675000.0,1621247.375,1053752.625
M4_XGBoost,9008,2024,1190000.0,600867.5,589132.5
M4_XGBoost,52154,2024,5000000.0,2475155.5,2524844.5
M4_XGBoost,32291,2024,2700000.0,2325836.5,374163.5
M4_XGBoost,14473,2024,6400000.0,3722260.0,2677740.0
M4_XGBoost,60346,2024,1645000.0,1131494.375,513505.625
M4_XGBoost,39140,2024,4550000.0,3740857.5,809142.5
M4_XGBoost,46741,2024,705000.0,960313.25,-255313.25
M4_XGBoost,36274,2024,340000.0,762465.1875,-422465.1875
M4_XGBoost,52328,2024,1875000.0,1379542.625,495457.375
M4_XGBoost,20999,2024,3425000.0,2636669.5,788330.5
M4_XGBoost,25819,2024,2650000.0,1103511.75,1546488.25
M4_XGBoost,44453,2024,1615000.0,1305703.75,309296.25
M4_XGBoost,4162,2024,1095000.0,715388.375,379611.625
M4_XGBoost,17963,2024,3750000.0,2777994.5,972005.5
M4_XGBoost,6990,2024,255000.0,1193992.375,-938992.375
M4_XGBoost,28316,2024,2495000.0,1296442.375,1198557.625
M4_XGBoost,10904,2024,6675000.0,3930035.5,2744964.5
M4_XGBoost,5031,2024,930000.0,822232.4375,107767.5625
M4_XGBoost,25962,2024,1000000.0,597840.375,402159.625
M4_XGBoost,33346,2024,3175000.0,1635501.75,1539498.25
M4_XGBoost,19293,2024,9200000.0,3366349.5,5833650.5
M4_XGBoost,33019,2024,1075000.0,1050538.875,24461.125
M4_XGBoost,15101,2024,2300000.0,2050893.875,249106.125
M4_XGBoost,29453,2024,11925000.0,5577073.5,6347926.5
M4_XGBoost,29864,2024,1100000.0,821660.1875,278339.8125
M4_XGBoost,56058,2024,3125000.0,2544948.5,580051.5
M4_XGBoost,20267,2024,1125000.0,1155040.875,-30040.875
M4_XGBoost,2349,2024,2050000.0,1391513.875,658486.125
M4_XGBoost,56284,2024,2330000.0,1361059.25,968940.75
M4_XGBoost,16497,2024,500000.0,580176.625,-80176.625
M4_XGBoost,37002,2024,423938.0,952205.9375,-528267.9375
M4_XGBoost,50536,2024,2200000.0,1340739.0,859261.0
M4_XGBoost,37330,2024,4400000.0,1131807.375,3268192.625
M4_XGBoost,36300,2024,3100000.0,2886151.5,213848.5
M4_XGBoost,16787,2024,495000.0,864311.875,-369311.875
M4_XGBoost,6491,2024,3150000.0,1491260.125,1658739.875
M4_XGBoost,55593,2024,972000.0,1216649.25,-244649.25
M4_XGBoost,17089,2024,5920000.0,4010205.75,1909794.25
M4_XGBoost,39578,2024,3795000.0,1862387.375,1932612.625
M4_XGBoost,19538,2024,3870000.0,2126116.25,1743883.75
M4_XGBoost,40730,2024,1525000.0,999291.8125,525708.1875
M4_XGBoost,42410,2024,6100000.0,3261959.5,2838040.5
M4_XGBoost,31651,2024,2195000.0,1417044.25,777955.75
M4_XGBoost,48098,2024,395000.0,1610666.25,-1215666.25
M4_XGBoost,47497,2024,2935000.0,1814405.875,1120594.125
M4_XGBoost,31919,2024,400000.0,2600544.25,-2200544.25
M4_XGBoost,22819,2024,3400000.0,665909.625,2734090.375
M4_XGBoost,6166,2024,3100000.0,2380140.75,719859.25
M4_XGBoost,10894,2024,5195000.0,3322029.0,1872971.0
M4_XGBoost,27080,2024,2900000.0,1461361.125,1438638.875
M4_XGBoost,3050,2024,310000.0,493948.9375,-183948.9375
M4_XGBoost,4070,2024,1520000.0,2543034.25,-1023034.25
M4_XGBoost,17306,2024,5950000.0,1586794.875,4363205.125
M4_XGBoost,42740,2024,7950000.0,5453292.0,2496708.0
M4_XGBoost,29634,2024,1465000.0,1108516.75,356483.25
M4_XGBoost,35129,2024,6000000.0,3847415.25,2152584.75
M4_XGBoost,60419,2024,2845000.0,2124278.0,720722.0
M4_XGBoost,50130,2024,2772000.0,2385328.5,386671.5
M4_XGBoost,24032,2024,3295000.0,1550335.5,1744664.5
M4_XGBoost,54236,2024,2100000.0,909455.125,1190544.875
M4_XGBoost,11550,2024,2615000.0,750070.3125,1864929.6875
M4_XGBoost,35226,2024,700000.0,969508.8125,-269508.8125
M4_XGBoost,22636,2024,1470000.0,855316.75,614683.25
M4_XGBoost,56750,2024,5880000.0,3032589.25,2847410.75
M4_XGBoost,48206,2024,6445000.0,2670661.75,3774338.25
M4_XGBoost,54631,2024,765000.0,881072.375,-116072.375
M4_XGBoost,37385,2024,1820000.0,1509309.25,310690.75
M4_XGBoost,35855,2024,775000.0,453555.3125,321444.6875
M4_XGBoost,54544,2024,680000.0,703436.0625,-23436.0625
M4_XGBoost,1641,2024,3450000.0,1798275.0,1651725.0
M4_XGBoost,60389,2024,846999.0,635669.3125,211329.6875
M4_XGBoost,23627,2024,1150000.0,1280030.25,-130030.25
M4_XGBoost,60729,2024,6295000.0,3053062.0,3241938.0
M4_XGBoost,25501,2024,3150000.0,1782158.375,1367841.625
M4_XGBoost,38136,2024,5400000.0,3113177.25,2286822.75
M4_XGBoost,49058,2024,595000.0,1078031.25,-483031.25
M4_XGBoost,36350,2024,4250000.0,2984218.5,1265781.5
M4_XGBoost,16203,2024,930000.0,1409969.75,-479969.75
M4_XGBoost,20036,2024,3350000.0,1866754.625,1483245.375
M4_XGBoost,57309,2024,1875000.0,1054769.25,820230.75
M4_XGBoost,2784,2024,3275000.0,1738243.5,1536756.5
M4_XGBoost,41084,2024,465000.0,883809.125,-418809.125
M4_XGBoost,20003,2024,1420000.0,891576.375,528423.625
M4_XGBoost,40054,2024,1630000.0,1049566.5,580433.5
M4_XGBoost,6930,2024,3570000.0,2891849.25,678150.75
M4_XGBoost,13847,2024,2100000.0,1303658.125,796341.875
M4_XGBoost,16162,2024,740000.0,1005215.0625,-265215.0625
M4_XGBoost,40470,2024,2010000.0,1823880.0,186120.0
M4_XGBoost,34734,2024,1190000.0,1481709.625,-291709.625
M4_XGBoost,49766,2024,2330000.0,2053440.0,276560.0
M4_XGBoost,25441,2024,2200000.0,1544734.625,655265.375
M4_XGBoost,7177,2024,2925000.0,2015805.75,909194.25
M4_XGBoost,22029,2024,2395000.0,3113857.25,-718857.25
M4_XGBoost,30648,2024,2525000.0,1689459.875,835540.125
M4_XGBoost,57260,2024,450000.0,937920.875,-487920.875
M4_XGBoost,6293,2024,1900000.0,989750.5,910249.5
M4_XGBoost,36134,2024,1650000.0,1285521.875,364478.125
M4_XGBoost,53226,2024,900000.0,1507682.125,-607682.125
M4_XGBoost,58165,2024,2900000.0,1079155.5,1820844.5
M4_XGBoost,51932,2024,3795000.0,1383716.875,2411283.125
M4_XGBoost,41010,2024,3145000.0,2691510.5,453489.5
M4_XGBoost,53730,2024,2462500.0,1363907.375,1098592.625
M4_XGBoost,59877,2024,920000.0,2601558.75,-1681558.75
M4_XGBoost,1477,2024,7000000.0,3112105.75,3887894.25
M4_XGBoost,57265,2024,2300000.0,1330638.875,969361.125
M4_XGBoost,33855,2024,3450000.0,2602846.75,847153.25
M4_XGBoost,19802,2024,2000000.0,1177549.125,822450.875
M4_XGBoost,50233,2024,5495000.0,3053661.75,2441338.25
M4_XGBoost,16317,2024,6850000.0,6867327.5,-17327.5
M4_XGBoost,26658,2024,2130000.0,2141169.75,-11169.75
M4_XGBoost,8880,2024,1135000.0,830570.625,304429.375
M4_XGBoost,43233,2024,1300000.0,6885263.0,-5585263.0
M4_XGBoost,26302,2024,3231231.0,6142626.0,-2911395.0
M4_XGBoost,27373,2024,1895000.0,1962838.125,-67838.125
M4_XGBoost,18275,2024,4500000.0,1373501.375,3126498.625
M4_XGBoost,32820,2024,1395000.0,1033998.3125,361001.6875
M4_XGBoost,31895,2024,827100.0,4431094.0,-3603994.0
M4_XGBoost,23213,2024,3075000.0,1603190.75,1471809.25
M4_XGBoost,3737,2024,1875000.0,1358947.75,516052.25
M4_XGBoost,35012,2024,10950000.0,5898332.5,5051667.5
M4_XGBoost,22704,2024,5350000.0,3499058.0,1850942.0
M4_XGBoost,31723,2024,5300000.0,2899750.25,2400249.75
M4_XGBoost,57486,2024,8963000.0,2692285.75,6270714.25
M4_XGBoost,53852,2024,2437500.0,902204.75,1535295.25
M4_XGBoost,2726,2024,1200000.0,1397530.5,-197530.5
M4_XGBoost,58183,2024,2975000.0,2355826.0,619174.0
M4_XGBoost,27925,2024,4795000.0,2812532.0,1982468.0
M4_XGBoost,55659,2024,1500000.0,747802.625,752197.375
M4_XGBoost,20314,2024,9450000.0,5977931.0,3472069.0
M4_XGBoost,16269,2024,1835000.0,1384705.625,450294.375
M4_XGBoost,58101,2024,5000000.0,3559377.0,1440623.0
M4_XGBoost,5012,2024,4295000.0,2593062.75,1701937.25
M4_XGBoost,19308,2024,1006000.0,558133.4375,447866.5625
M4_XGBoost,2528,2024,7200000.0,2647496.5,4552503.5
M4_XGBoost,19175,2024,1160000.0,1000047.8125,159952.1875
M4_XGBoost,28271,2024,1065000.0,1804635.0,-739635.0
M4_XGBoost,43976,2024,4398000.0,3084431.75,1313568.25
M4_XGBoost,5718,2024,1320000.0,1741479.125,-421479.125
M4_XGBoost,8042,2024,2575000.0,1416536.25,1158463.75
M4_XGBoost,1879,2024,670000.0,693877.5625,-23877.5625
M4_XGBoost,3698,2024,2560000.0,1578949.875,981050.125
M4_XGBoost,37625,2024,695000.0,910754.4375,-215754.4375
M4_XGBoost,12456,2024,1935000.0,1316544.5,618455.5
M4_XGBoost,38249,2024,3850000.0,2776914.0,1073086.0
M4_XGBoost,28496,2024,5500000.0,1974214.75,3525785.25
M4_XGBoost,45050,2024,2175000.0,1972253.875,202746.125
M4_XGBoost,29551,2024,7495000.0,3818297.25,3676702.75
M4_XGBoost,7487,2024,4350000.0,2951018.25,1398981.75
M4_XGBoost,6779,2024,5200000.0,3335568.5,1864431.5
M4_XGBoost,3660,2024,375000.0,1273451.625,-898451.625
M4_XGBoost,50819,2024,4495000.0,2602387.5,1892612.5
M4_XGBoost,23829,2024,1560000.0,1051961.5,508038.5
M4_XGBoost,27217,2024,4025000.0,2713616.5,1311383.5
M4_XGBoost,57557,2024,3195000.0,1846264.75,1348735.25
M4_XGBoost,10305,2024,1750000.0,1725288.875,24711.125
M4_XGBoost,1180,2024,2000000.0,1615667.625,384332.375
M4_XGBoost,33605,2024,1200000.0,1122756.5,77243.5
M4_XGBoost,14361,2024,2995000.0,1885489.25,1109510.75
M4_XGBoost,9792,2024,595000.0,621123.5,-26123.5
M4_XGBoost,56207,2024,665000.0,659385.4375,5614.5625
M4_XGBoost,47689,2024,4250000.0,2603559.25,1646440.75
M4_XGBoost,28839,2024,1870000.0,739402.75,1130597.25
M4_XGBoost,18954,2024,1095000.0,1164793.0,-69793.0
M4_XGBoost,4057,2024,2200000.0,1728988.375,471011.625
M4_XGBoost,31763,2024,2375000.0,1608443.625,766556.375
M4_XGBoost,9936,2024,2300000.0,1840509.125,459490.875
M4_XGBoost,4609,2024,855250.0,555067.9375,300182.0625
M4_XGBoost,60709,2024,3165000.0,1707988.0,1457012.0
M4_XGBoost,55693,2024,2850000.0,1613805.875,1236194.125
M4_XGBoost,30744,2024,1195000.0,889278.5,305721.5
M4_XGBoost,45806,2024,2105000.0,1232898.75,872101.25
M4_XGBoost,49883,2024,870000.0,610914.4375,259085.5625
