{"type":"Topology","arcs":[[[76684,37247],[-2,9]],[[76682,37256],[14,3]],[[76696,37259],[21,9]],[[76717,37268],[15,-11]],[[76732,37257],[3,-12]],[[76735,37245],[1,-4]],[[76736,37241],[7,-12],[-9,-18]],[[76734,37211],[-7,0]],[[76727,37211],[-7,-14]],[[76720,37197],[-21,-8]],[[76699,37189],[-19,2]],[[76680,37191],[10,16],[-9,8]],[[76681,37215],[-1,12]],[[76680,37227],[4,20]],[[76736,37241],[28,0]],[[76764,37241],[7,-14],[24,8]],[[76795,37235],[-3,-18],[24,0]],[[76816,37217],[4,-25]],[[76820,37192],[-13,-11]],[[76807,37181],[-10,4]],[[76797,37185],[-2,19],[-16,-12]],[[76779,37192],[-22,10]],[[76757,37202],[-23,9]],[[76807,37181],[2,-19],[-15,3]],[[76794,37165],[-8,8]],[[76786,37173],[11,12]],[[76779,37192],[4,-12],[-22,-1]],[[76761,37179],[-13,13]],[[76748,37192],[9,10]],[[76794,37165],[-2,-22],[-16,15]],[[76776,37158],[10,15]],[[76765,37154],[6,-17],[-15,-10]],[[76756,37127],[-8,23]],[[76748,37150],[17,4]],[[76761,37179],[-20,-11]],[[76741,37168],[-5,18]],[[76736,37186],[12,6]],[[76756,37127],[-24,-12]],[[76732,37115],[-2,22]],[[76730,37137],[-2,12],[20,1]],[[76727,37211],[9,-25]],[[76741,37168],[-17,-5]],[[76724,37163],[-4,34]],[[76776,37158],[-11,-4]],[[76730,37137],[-13,-4],[-3,15]],[[76714,37148],[10,15]],[[76820,37192],[3,-1],[4,-2],[20,-20]],[[76847,37169],[-36,-34],[-49,-33]],[[76762,37102],[-24,-24]],[[76738,37078],[-7,2]],[[76731,37080],[-20,11]],[[76711,37091],[-22,5]],[[76689,37096],[-8,36],[23,15]],[[76704,37147],[4,-31],[12,-11],[12,10]],[[76704,37147],[10,1]],[[76689,37096],[-28,8]],[[76661,37104],[-1,0]],[[76660,37104],[-9,14]],[[76651,37118],[3,14]],[[76654,37132],[9,3]],[[76663,37135],[13,12]],[[76676,37147],[9,4]],[[76685,37151],[23,13],[-15,10]],[[76693,37174],[6,15]],[[76651,37118],[-42,28]],[[76609,37146],[2,5]],[[76611,37151],[13,9]],[[76624,37160],[10,-8]],[[76634,37152],[5,-8]],[[76639,37144],[7,-10]],[[76646,37134],[8,-2]],[[76639,37144],[8,0]],[[76647,37144],[2,-1]],[[76649,37143],[-3,-9]],[[76685,37151],[-9,-4]],[[76676,37147],[-13,-2]],[[76663,37145],[-14,-2]],[[76647,37144],[3,6]],[[76650,37150],[2,0],[4,5],[-1,1]],[[76655,37156],[3,2]],[[76658,37158],[5,2]],[[76663,37160],[4,3]],[[76667,37163],[2,-3],[5,0],[2,1]],[[76676,37161],[9,10]],[[76685,37171],[8,3]],[[76676,37161],[-5,10]],[[76671,37171],[14,0]],[[76624,37160],[3,2]],[[76627,37162],[9,1]],[[76636,37163],[-2,-11]],[[76663,37145],[0,-10]],[[76636,37163],[12,-2]],[[76648,37161],[2,-2]],[[76650,37159],[0,-9]],[[76627,37162],[-1,5]],[[76626,37167],[-5,10]],[[76621,37177],[-3,7]],[[76618,37184],[10,10]],[[76628,37194],[18,4]],[[76646,37198],[3,-12]],[[76649,37186],[5,-6]],[[76654,37180],[-6,-10]],[[76648,37170],[0,-9]],[[76655,37156],[-5,3]],[[76648,37170],[8,-3]],[[76656,37167],[2,-4]],[[76658,37163],[0,-5]],[[76663,37160],[-5,3]],[[76656,37167],[15,3]],[[76671,37170],[-4,-7]],[[76649,37186],[8,3]],[[76657,37189],[-3,-9]],[[76651,37205],[7,1]],[[76658,37206],[-10,-8]],[[76648,37198],[3,7]],[[76671,37171],[0,-1]],[[76657,37189],[23,2]],[[76626,37167],[-5,10]],[[76621,37177],[-8,4]],[[76613,37181],[5,3]],[[76646,37198],[2,0]],[[76658,37206],[9,10]],[[76667,37216],[14,-1]],[[76628,37194],[13,18]],[[76641,37212],[9,24]],[[76650,37236],[2,2]],[[76652,37238],[1,-1]],[[76653,37237],[1,-3],[2,-5],[11,-13]],[[76613,37181],[-8,0]],[[76605,37181],[1,6]],[[76606,37187],[7,15]],[[76613,37202],[1,2]],[[76614,37204],[14,-10]],[[76667,37216],[6,15]],[[76673,37231],[7,-4]],[[76653,37237],[3,5]],[[76656,37242],[-8,12]],[[76648,37254],[-15,11]],[[76633,37265],[-1,17]],[[76632,37282],[12,-8]],[[76644,37274],[13,-11]],[[76657,37263],[8,-14]],[[76665,37249],[1,-5]],[[76666,37244],[7,-13]],[[76652,37238],[4,4]],[[76666,37244],[18,3]],[[76665,37249],[7,11]],[[76672,37260],[10,-4]],[[76641,37212],[-2,15]],[[76639,37227],[3,5]],[[76642,37232],[-1,8]],[[76641,37240],[9,-4]],[[76639,37227],[-13,10]],[[76626,37237],[16,-5]],[[76641,37240],[3,12]],[[76644,37252],[4,2]],[[76657,37263],[3,6]],[[76660,37269],[12,-9]],[[76644,37252],[-11,8]],[[76633,37260],[0,5]],[[76644,37274],[16,-5]],[[76633,37260],[-16,15]],[[76617,37275],[4,10]],[[76621,37285],[11,-3]],[[76614,37204],[12,8],[-19,21]],[[76607,37233],[6,9],[-21,5]],[[76592,37247],[1,7]],[[76593,37254],[13,11]],[[76606,37265],[12,-11]],[[76618,37254],[7,-14]],[[76625,37240],[1,-3]],[[76554,37261],[21,23]],[[76575,37284],[17,-13]],[[76592,37271],[0,-16]],[[76592,37255],[-16,4]],[[76576,37259],[-22,2]],[[76613,37202],[-14,6],[6,19]],[[76605,37227],[2,6]],[[76605,37227],[-22,10]],[[76583,37237],[9,10]],[[76583,37237],[-7,22]],[[76592,37255],[1,-1]],[[76617,37275],[-10,-1]],[[76607,37274],[-2,8]],[[76605,37282],[7,9]],[[76612,37291],[9,-6]],[[76592,37271],[13,2]],[[76605,37273],[1,-8]],[[76625,37240],[4,12],[-11,2]],[[76605,37273],[2,1]],[[76554,37261],[-21,5],[9,10]],[[76542,37276],[11,-2],[6,20]],[[76559,37294],[11,0]],[[76570,37294],[5,-10]],[[76575,37299],[0,9]],[[76575,37308],[12,-8]],[[76587,37300],[-12,-1]],[[76570,37294],[5,5]],[[76587,37300],[3,-1]],[[76590,37299],[9,-6]],[[76599,37293],[2,-1]],[[76601,37292],[4,-10]],[[76590,37299],[4,5],[5,-11]],[[76601,37292],[11,-1]],[[76575,37308],[-37,17],[-13,-1]],[[76525,37324],[-9,15]],[[76516,37339],[0,6]],[[76516,37345],[33,12],[5,21],[19,-10]],[[76573,37368],[29,-11]],[[76602,37357],[8,-39],[15,-23],[14,3]],[[76639,37298],[3,-12],[20,-1]],[[76662,37285],[35,4]],[[76697,37289],[-1,-30]],[[76442,37369],[-11,16],[-11,-4]],[[76420,37381],[-16,7]],[[76404,37388],[-16,7]],[[76388,37395],[-35,18]],[[76353,37413],[12,21]],[[76365,37434],[33,-20]],[[76398,37414],[17,-15],[15,-3],[1,0]],[[76431,37396],[42,-20],[11,18],[24,10]],[[76508,37404],[25,-26],[-24,-30]],[[76509,37348],[-26,0]],[[76483,37348],[-5,14],[-15,-3]],[[76463,37359],[-21,10]],[[76559,37294],[-5,4]],[[76554,37298],[-2,11],[-27,3]],[[76525,37312],[-2,6]],[[76523,37318],[2,6]],[[76542,37276],[-1,1]],[[76541,37277],[-1,2]],[[76540,37279],[14,19]],[[76541,37277],[-16,5]],[[76525,37282],[6,5]],[[76531,37287],[9,-8]],[[76531,37287],[-2,4]],[[76529,37291],[-2,14]],[[76527,37305],[-2,7]],[[76529,37291],[-9,7]],[[76520,37298],[7,7]],[[76520,37298],[-4,2]],[[76516,37300],[-1,2]],[[76515,37302],[8,16]],[[76515,37302],[-16,12]],[[76499,37314],[10,11]],[[76509,37325],[11,-1],[-8,12]],[[76512,37336],[4,3]],[[76509,37325],[3,11]],[[76606,37187],[-25,24]],[[76581,37211],[-8,16]],[[76573,37227],[-17,7]],[[76556,37234],[-13,16]],[[76543,37250],[-5,8]],[[76538,37258],[-14,-2]],[[76524,37256],[-8,17]],[[76516,37273],[9,9]],[[76558,37177],[-6,6]],[[76552,37183],[-10,10]],[[76542,37193],[12,13]],[[76554,37206],[9,-3],[-5,-26]],[[76581,37211],[-5,-7]],[[76576,37204],[-8,12]],[[76568,37216],[5,11]],[[76568,37216],[-12,2]],[[76556,37218],[-3,7]],[[76553,37225],[0,6]],[[76553,37231],[3,3]],[[76554,37206],[2,12]],[[76576,37204],[6,-19],[-24,-8]],[[76553,37225],[-11,-6]],[[76542,37219],[-2,3]],[[76540,37222],[13,9]],[[76542,37193],[-6,4]],[[76536,37197],[2,5],[-4,5],[-2,-6]],[[76532,37201],[-3,4]],[[76529,37205],[3,8]],[[76532,37213],[10,6]],[[76532,37213],[8,9]],[[76536,37197],[-4,4]],[[76552,37183],[-5,-5]],[[76547,37178],[-21,15]],[[76526,37193],[3,12]],[[76512,37173],[-9,-1]],[[76503,37172],[7,8]],[[76510,37180],[2,-7]],[[76526,37193],[-6,-4]],[[76520,37189],[-7,-4]],[[76513,37185],[-3,-5]],[[76503,37172],[-5,-3]],[[76498,37169],[-13,4]],[[76485,37173],[5,10]],[[76490,37183],[22,9]],[[76512,37192],[3,18]],[[76515,37210],[5,3]],[[76520,37213],[9,12]],[[76529,37225],[14,25]],[[76605,37181],[-7,-6]],[[76598,37175],[-36,-17]],[[76562,37158],[-11,13]],[[76551,37171],[-4,7]],[[76551,37171],[0,-14]],[[76551,37157],[-1,0]],[[76550,37157],[-26,19],[-2,-8]],[[76522,37168],[-9,0]],[[76513,37168],[-1,5]],[[76513,37185],[4,3],[3,-9],[4,1],[-4,9]],[[76513,37168],[-3,-9]],[[76510,37159],[-15,0]],[[76495,37159],[3,10]],[[76485,37173],[-20,0]],[[76465,37173],[-1,4]],[[76464,37177],[4,7]],[[76468,37184],[10,8],[-8,1]],[[76470,37193],[-1,2]],[[76469,37195],[-1,31],[-29,0]],[[76439,37226],[4,16]],[[76443,37242],[12,10],[-1,33],[9,9],[14,-17]],[[76477,37277],[8,-23],[-8,-9]],[[76477,37245],[0,-28]],[[76477,37217],[5,-14],[16,6]],[[76498,37209],[9,-12]],[[76507,37197],[-17,-14]],[[76507,37197],[5,-5]],[[76468,37184],[2,9]],[[76477,37217],[14,7]],[[76491,37224],[7,-15]],[[76529,37225],[-13,-4],[4,-8]],[[76515,37210],[-7,25]],[[76508,37235],[20,7],[10,16]],[[76491,37224],[5,15],[-19,6]],[[76477,37277],[-3,17],[12,0]],[[76486,37294],[-8,-6],[20,-17]],[[76498,37271],[3,-12]],[[76501,37259],[7,-24]],[[76501,37259],[23,-3]],[[76498,37271],[9,8]],[[76507,37279],[9,-6]],[[76486,37294],[5,1]],[[76491,37295],[5,-5]],[[76496,37290],[11,-11]],[[76496,37290],[20,10]],[[76611,37151],[-15,10]],[[76596,37161],[2,14]],[[76596,37161],[-29,-14]],[[76567,37147],[-6,5]],[[76561,37152],[-1,2]],[[76560,37154],[2,4]],[[76609,37146],[-15,-4]],[[76594,37142],[-16,-7]],[[76578,37135],[-6,2]],[[76572,37137],[-6,2]],[[76566,37139],[1,8]],[[76578,37135],[-2,-4]],[[76576,37131],[-11,-19]],[[76565,37112],[-22,-18]],[[76543,37094],[-3,0]],[[76540,37094],[-8,8]],[[76532,37102],[17,13]],[[76549,37115],[5,7]],[[76554,37122],[18,15]],[[76532,37102],[-3,4]],[[76529,37106],[1,14]],[[76530,37120],[7,2]],[[76537,37122],[12,-7]],[[76554,37122],[-7,8]],[[76547,37130],[11,11]],[[76558,37141],[8,-2]],[[76558,37141],[3,11]],[[76560,37154],[-9,3]],[[76547,37130],[-10,-8]],[[76530,37120],[-8,13]],[[76522,37133],[8,3]],[[76530,37136],[7,6]],[[76537,37142],[13,15]],[[76518,37111],[-8,-4]],[[76510,37107],[-6,-2]],[[76504,37105],[-2,2]],[[76502,37107],[3,14]],[[76505,37121],[3,-1]],[[76508,37120],[10,-9]],[[76537,37142],[-3,4],[-6,14],[-6,8]],[[76530,37136],[-15,16]],[[76515,37152],[-5,7]],[[76522,37133],[-11,3]],[[76511,37136],[4,16]],[[76594,37142],[8,-21],[-12,-3]],[[76590,37118],[-14,13]],[[76590,37118],[-8,-11],[-17,5]],[[76574,37044],[-4,3]],[[76570,37047],[-5,7]],[[76565,37054],[27,7],[26,15],[5,-22]],[[76623,37054],[-14,-9]],[[76609,37045],[-30,8],[-5,-9]],[[76711,37091],[7,-15]],[[76718,37076],[-1,-7]],[[76717,37069],[-56,24],[0,11]],[[76660,37104],[-17,1]],[[76643,37105],[8,13]],[[76717,37069],[3,-3]],[[76720,37066],[-5,-13]],[[76715,37053],[-7,-7]],[[76708,37046],[-2,-2]],[[76706,37044],[-21,2],[-9,15],[-22,1]],[[76654,37062],[-12,18],[1,25]],[[76654,37062],[7,-12],[-28,-16],[-10,20]],[[76565,37054],[-19,28]],[[76546,37082],[-3,5]],[[76543,37087],[0,7]],[[76706,37044],[-42,-37]],[[76664,37007],[-20,21],[-20,-18]],[[76624,37010],[-15,35]],[[76610,36997],[16,-23]],[[76626,36974],[-17,-22]],[[76609,36952],[-19,-1],[-10,-15]],[[76580,36936],[-13,17]],[[76567,36953],[0,2]],[[76567,36955],[17,17]],[[76584,36972],[9,12]],[[76593,36984],[17,13]],[[76718,37076],[3,-3]],[[76721,37073],[-1,-7]],[[76624,37010],[-14,-13]],[[76610,36997],[-14,15],[-8,-12],[-16,1]],[[76572,37001],[-3,20],[-15,-1]],[[76554,37020],[20,24]],[[76570,37047],[-21,-5]],[[76549,37042],[7,16],[-17,0]],[[76539,37058],[7,24]],[[76540,37094],[-18,-7]],[[76522,37087],[-5,5]],[[76517,37092],[10,13]],[[76527,37105],[2,1]],[[76664,37007],[-2,-2]],[[76662,37005],[-36,-31]],[[76731,37080],[-10,-7]],[[76780,37291],[35,-23]],[[76815,37268],[21,-13],[11,4]],[[76847,37259],[-2,-23],[37,-9]],[[76882,37227],[-6,-14]],[[76876,37213],[-37,22],[-18,-4]],[[76821,37231],[-5,21],[-20,-7]],[[76796,37245],[-18,18],[-6,-8]],[[76772,37255],[-21,8]],[[76751,37263],[-1,15],[15,15],[15,-2]],[[76816,37217],[5,14]],[[76876,37213],[-14,-28]],[[76862,37185],[-15,-16]],[[76847,37259],[13,23],[34,14]],[[76894,37296],[4,-34],[-7,-21]],[[76891,37241],[-9,-14]],[[76815,37268],[-4,8],[23,30]],[[76834,37306],[12,34]],[[76846,37340],[22,76],[22,-10],[53,-27]],[[76943,37379],[-20,-27],[-29,-56]],[[76795,37235],[1,10]],[[76764,37241],[8,14]],[[76735,37245],[16,18]],[[76846,37340],[-9,18]],[[76837,37358],[-26,22]],[[76811,37380],[8,0],[22,36]],[[76841,37416],[38,27],[29,-29]],[[76908,37414],[51,-24]],[[76959,37390],[-16,-11]],[[76780,37291],[10,29]],[[76790,37320],[18,-3],[17,15],[-11,-24],[20,-2]],[[76790,37320],[5,10]],[[76795,37330],[12,27]],[[76807,37357],[5,13],[25,-12]],[[77046,37829],[-2,20],[12,70],[14,21],[5,62]],[[77075,38002],[63,48],[171,80],[130,38],[76,14]],[[77515,38182],[-147,-209],[-54,-68],[-33,-34],[-39,-33],[-45,-28],[-29,-9],[-46,-1],[-43,10],[-33,19]],[[76908,37414],[-7,38],[7,20],[-13,22]],[[76895,37494],[22,34],[8,-12],[10,22],[-16,7],[43,17],[29,4]],[[76991,37566],[-1,-44]],[[76990,37522],[-23,-41],[-5,-27],[6,-31],[-6,-31]],[[76962,37392],[-3,-2]],[[76732,37257],[5,6],[-14,27]],[[76723,37290],[7,6]],[[76730,37296],[27,7],[2,32]],[[76759,37335],[4,9]],[[76763,37344],[16,2],[16,-16]],[[76811,37380],[-10,-20]],[[76801,37360],[-25,-4],[7,18]],[[76783,37374],[4,27]],[[76787,37401],[5,11]],[[76792,37412],[22,27]],[[76814,37439],[1,1]],[[76815,37440],[26,-24]],[[76717,37268],[6,22]],[[76815,37440],[11,26]],[[76826,37466],[36,29],[33,-1]],[[76792,37412],[-16,21]],[[76776,37433],[7,4]],[[76783,37437],[17,7]],[[76800,37444],[14,-5]],[[76697,37289],[1,9]],[[76698,37298],[16,18]],[[76714,37316],[9,15],[-12,6]],[[76711,37337],[25,47]],[[76736,37384],[20,1],[-4,10]],[[76752,37395],[7,7]],[[76759,37402],[1,10]],[[76760,37412],[-5,16]],[[76755,37428],[2,4]],[[76757,37432],[17,-3],[2,4]],[[76787,37401],[-27,-9],[9,-11]],[[76769,37381],[-12,-7],[-10,-23],[16,-7]],[[76759,37335],[-11,5],[-19,-18],[1,-26]],[[76764,37469],[-4,7]],[[76760,37476],[-4,13]],[[76756,37489],[-4,7]],[[76752,37496],[-17,46]],[[76735,37542],[15,-8],[21,-45]],[[76771,37489],[1,-9]],[[76772,37480],[-5,-11]],[[76767,37469],[-3,0]],[[76776,37433],[-8,7]],[[76768,37440],[4,8]],[[76772,37448],[8,1]],[[76780,37449],[3,-12]],[[76770,37457],[-2,9]],[[76768,37466],[9,-2]],[[76777,37464],[-7,-7]],[[76769,37381],[14,-7]],[[76801,37360],[6,-3]],[[76780,37449],[13,7]],[[76793,37456],[7,-12]],[[76772,37448],[-1,3]],[[76771,37451],[-1,6]],[[76777,37464],[8,5]],[[76785,37469],[8,-13]],[[76772,37480],[3,2]],[[76775,37482],[10,-13]],[[76768,37466],[-1,3]],[[76775,37482],[-4,7]],[[76735,37542],[9,11],[30,-9],[26,-23],[16,-52],[10,-3]],[[76662,37285],[17,37]],[[76679,37322],[20,23],[-4,14]],[[76695,37359],[3,4]],[[76698,37363],[12,9]],[[76710,37372],[11,19]],[[76721,37391],[2,9]],[[76723,37400],[10,13]],[[76733,37413],[5,9]],[[76738,37422],[3,10]],[[76741,37432],[5,8]],[[76746,37440],[-11,15]],[[76735,37455],[21,-4]],[[76756,37451],[-2,-4]],[[76754,37447],[3,-15]],[[76755,37428],[-8,-10]],[[76747,37418],[-5,-9]],[[76742,37409],[-5,-9]],[[76737,37400],[-1,-16]],[[76711,37337],[-6,-14]],[[76705,37323],[-20,-17],[13,-8]],[[76705,37323],[9,-7]],[[76679,37322],[-23,12]],[[76656,37334],[-1,17],[18,18]],[[76673,37369],[22,-10]],[[76737,37400],[15,-5]],[[76639,37298],[17,36]],[[76673,37369],[3,6]],[[76676,37375],[14,3],[-4,18]],[[76686,37396],[9,6],[26,-11]],[[76710,37372],[-16,8],[4,-17]],[[76699,37412],[1,3]],[[76700,37415],[12,-9]],[[76712,37406],[-13,6]],[[76602,37357],[36,30],[26,8],[12,-20]],[[76699,37412],[-21,-1]],[[76678,37411],[1,17]],[[76679,37428],[5,9]],[[76684,37437],[10,-6]],[[76694,37431],[10,-9]],[[76704,37422],[-4,-7]],[[76706,37443],[-7,-2]],[[76699,37441],[-3,8]],[[76696,37449],[-2,6]],[[76694,37455],[4,7]],[[76698,37462],[-21,15]],[[76677,37477],[2,6]],[[76679,37483],[18,-5]],[[76697,37478],[12,11]],[[76709,37489],[7,3]],[[76716,37492],[-2,-5]],[[76714,37487],[-4,-9]],[[76710,37478],[0,-10]],[[76710,37468],[-1,-18]],[[76709,37450],[-3,-7]],[[76718,37495],[0,2]],[[76718,37497],[-1,10]],[[76717,37507],[4,7]],[[76721,37514],[8,-7]],[[76729,37507],[-2,-4]],[[76727,37503],[-5,-9]],[[76722,37494],[-4,1]],[[76573,37368],[14,16],[-12,6],[6,55],[-41,8]],[[76540,37453],[-14,-2],[-15,35]],[[76511,37486],[-37,32]],[[76474,37518],[3,7],[-23,20]],[[76454,37545],[1,2]],[[76455,37547],[70,-50],[18,-27],[21,24],[26,2]],[[76590,37496],[3,-36],[9,-14],[14,3],[25,-20]],[[76641,37429],[11,-17]],[[76652,37412],[16,-3],[13,-8],[5,-5]],[[76652,37412],[0,12]],[[76652,37424],[26,-13]],[[76712,37406],[11,-6]],[[76652,37424],[8,19]],[[76660,37443],[19,-15]],[[76704,37422],[5,3]],[[76709,37425],[24,-12]],[[76660,37443],[3,6]],[[76663,37449],[21,-12]],[[76742,37409],[17,-7]],[[76694,37431],[6,-2]],[[76700,37429],[4,-7]],[[76709,37425],[-9,4]],[[76663,37449],[6,12]],[[76669,37461],[27,-12]],[[76699,37441],[9,-10]],[[76708,37431],[19,-3]],[[76727,37428],[11,-6]],[[76747,37418],[13,-6]],[[76706,37443],[5,-2]],[[76711,37441],[-3,-10]],[[76727,37428],[-5,5]],[[76722,37433],[5,4]],[[76727,37437],[6,-1]],[[76733,37436],[8,-4]],[[76709,37450],[4,1],[3,-10],[-1,-1]],[[76715,37440],[-4,1]],[[76669,37461],[7,2]],[[76676,37463],[18,-8]],[[76715,37440],[7,-7]],[[76727,37437],[2,4]],[[76729,37441],[4,-5]],[[76729,37441],[1,2],[9,0],[7,-3]],[[76641,37429],[8,34]],[[76649,37463],[1,13],[23,-7]],[[76673,37469],[3,-6]],[[76677,37477],[-1,0]],[[76676,37477],[-10,5]],[[76666,37482],[17,11]],[[76683,37493],[6,-11]],[[76689,37482],[-10,1]],[[76673,37469],[3,7]],[[76676,37476],[3,-4]],[[76679,37472],[-6,-3]],[[76649,37463],[-25,24]],[[76624,37487],[7,6]],[[76631,37493],[17,-12],[18,1]],[[76676,37477],[0,-1]],[[76679,37472],[19,-10]],[[76710,37468],[25,-13]],[[76754,37447],[14,-7]],[[76710,37478],[48,-22]],[[76758,37456],[-2,-5]],[[76758,37456],[13,-5]],[[76714,37487],[48,-22],[2,4]],[[76697,37478],[-8,4]],[[76683,37493],[7,5]],[[76690,37498],[19,-9]],[[76690,37498],[12,5]],[[76702,37503],[16,-6]],[[76718,37495],[-2,-3]],[[76722,37494],[38,-18]],[[76727,37503],[29,-14]],[[76702,37503],[7,12]],[[76709,37515],[8,-8]],[[76729,37507],[12,-6]],[[76741,37501],[11,-5]],[[76709,37515],[9,3]],[[76718,37518],[3,-4]],[[76718,37518],[12,14]],[[76730,37532],[11,-31]],[[76730,37532],[3,8]],[[76733,37540],[2,2]],[[76516,37345],[-7,3]],[[76508,37404],[32,49]],[[76590,37496],[16,3],[18,-12]],[[76631,37493],[12,-6],[29,24],[10,0],[34,37],[17,-8]],[[76511,37486],[-8,-8]],[[76503,37478],[-36,30]],[[76467,37508],[-24,25]],[[76443,37533],[2,2]],[[76445,37535],[29,-17]],[[76431,37396],[7,40]],[[76438,37436],[17,19]],[[76455,37455],[10,-3],[30,16]],[[76495,37468],[8,10]],[[76495,37468],[-37,29]],[[76458,37497],[-25,27]],[[76433,37524],[5,4]],[[76438,37528],[29,-20]],[[76455,37455],[-18,9],[8,10],[-30,27]],[[76415,37501],[15,21]],[[76430,37522],[28,-25]],[[76398,37414],[-27,27]],[[76371,37441],[15,19]],[[76386,37460],[22,-18],[21,3],[9,-9]],[[76386,37460],[29,41]],[[76365,37434],[6,7]],[[76430,37522],[3,2]],[[76438,37528],[5,5]],[[76445,37535],[9,10]],[[76443,37242],[-9,-1],[-5,-28]],[[76429,37213],[-1,0]],[[76428,37213],[-17,-3],[3,-14]],[[76414,37196],[-20,-14]],[[76394,37182],[-15,2]],[[76379,37184],[4,14],[-11,53],[57,11],[11,6]],[[76440,37268],[-4,16],[12,16]],[[76448,37300],[18,-1],[-9,13]],[[76457,37312],[5,8]],[[76462,37320],[9,5],[20,-30]],[[76499,37314],[-8,-3],[-15,24]],[[76476,37335],[7,13]],[[76382,37319],[18,-12]],[[76400,37307],[2,-11]],[[76402,37296],[-27,8]],[[76375,37304],[-19,7]],[[76356,37311],[-13,7]],[[76343,37318],[11,15]],[[76354,37333],[14,-16],[14,2]],[[76404,37388],[13,-13]],[[76417,37375],[18,-12]],[[76435,37363],[21,-13]],[[76456,37350],[4,-16],[16,1]],[[76462,37320],[-19,9]],[[76443,37329],[-5,19],[-13,-3]],[[76425,37345],[-4,15],[-14,-2]],[[76407,37358],[-15,6]],[[76392,37364],[-14,15]],[[76378,37379],[0,11],[-28,17]],[[76350,37407],[2,4]],[[76352,37411],[36,-16]],[[76440,37268],[-37,27]],[[76403,37295],[21,30]],[[76424,37325],[0,1]],[[76424,37326],[5,-4],[12,6],[2,1]],[[76457,37312],[-9,-12]],[[76456,37350],[7,9]],[[76400,37307],[12,18]],[[76412,37325],[12,0]],[[76403,37295],[-1,1]],[[76424,37326],[-3,13]],[[76421,37339],[4,6]],[[76435,37363],[7,6]],[[76392,37364],[13,-9]],[[76405,37355],[1,-16],[-14,6]],[[76392,37345],[-19,11]],[[76373,37356],[-9,12]],[[76364,37368],[14,11]],[[76412,37325],[9,14]],[[76379,37184],[-18,24]],[[76361,37208],[-13,5]],[[76348,37213],[-8,16],[7,15]],[[76347,37244],[8,22]],[[76355,37266],[16,5],[-7,15]],[[76364,37286],[11,18]],[[76417,37375],[3,6]],[[76382,37319],[10,26]],[[76405,37355],[2,3]],[[76355,37266],[-3,2]],[[76352,37268],[0,17],[12,1]],[[76352,37268],[-14,-18]],[[76338,37250],[-20,-18]],[[76318,37232],[-5,1]],[[76313,37233],[-13,9]],[[76300,37242],[7,15]],[[76307,37257],[10,2]],[[76317,37259],[15,5],[-7,14]],[[76325,37278],[10,23]],[[76335,37301],[11,-6],[10,16]],[[76354,37333],[19,23]],[[76335,37301],[-2,12],[-28,15]],[[76305,37328],[2,3]],[[76307,37331],[36,-13]],[[76347,37244],[-9,6]],[[76317,37259],[-6,15],[14,4]],[[76348,37213],[-5,-3]],[[76343,37210],[-19,16]],[[76324,37226],[-6,6]],[[76300,37242],[-7,1]],[[76293,37243],[-37,33]],[[76256,37276],[-1,0]],[[76255,37276],[12,17],[26,11]],[[76293,37304],[0,-39],[14,-8]],[[76293,37304],[12,24]],[[76307,37331],[28,53]],[[76335,37384],[29,-16]],[[76335,37384],[15,23]],[[76352,37411],[1,2]],[[76835,36958],[6,6]],[[76841,36964],[19,-4],[20,11]],[[76880,36971],[14,7],[5,15],[2,5]],[[76901,36998],[22,-3],[18,-32]],[[76941,36963],[-26,-14],[-1,-34]],[[76914,36915],[-31,-12],[-19,6]],[[76864,36909],[-7,19],[-22,30]],[[76806,36970],[-8,11]],[[76798,36981],[-12,12]],[[76786,36993],[-1,2]],[[76785,36995],[-13,7]],[[76772,37002],[15,17]],[[76787,37019],[7,-13]],[[76794,37006],[10,-7]],[[76804,36999],[2,-1]],[[76806,36998],[14,-11]],[[76820,36987],[3,-18]],[[76823,36969],[12,-11]],[[76835,36958],[-8,-2]],[[76827,36956],[-13,1]],[[76814,36957],[-8,13]],[[76738,37078],[-4,-25],[8,-5],[16,-15]],[[76758,37033],[15,-6]],[[76773,37027],[-13,-14]],[[76760,37013],[1,10],[-34,28]],[[76727,37051],[-12,2]],[[76862,37185],[22,-10],[33,-24]],[[76917,37151],[-18,-27]],[[76899,37124],[-39,-45]],[[76860,37079],[-28,27],[-17,-15]],[[76815,37091],[-1,-16]],[[76814,37075],[0,-7]],[[76814,37068],[3,-2]],[[76817,37066],[-2,-3]],[[76815,37063],[-19,-13]],[[76796,37050],[-13,-6]],[[76783,37044],[-10,-17]],[[76758,37033],[7,10],[8,44],[-11,15]],[[76760,37013],[-26,-37]],[[76734,36976],[-17,15],[15,25]],[[76732,37016],[17,13],[-22,22]],[[76708,37046],[24,-30]],[[76734,36976],[-20,-18]],[[76714,36958],[-52,47]],[[76731,36938],[-13,14]],[[76718,36952],[-1,2]],[[76717,36954],[16,3]],[[76733,36957],[5,-14]],[[76738,36943],[-7,-5]],[[76860,37079],[-20,-22]],[[76840,37057],[-4,7]],[[76836,37064],[-9,11]],[[76827,37075],[-5,7]],[[76822,37082],[-7,9]],[[76836,37064],[-7,-4]],[[76829,37060],[-4,9]],[[76825,37069],[2,6]],[[76822,37082],[-6,-5]],[[76816,37077],[-2,-2]],[[76870,37032],[1,-6]],[[76871,37026],[-1,-2]],[[76870,37024],[-15,-1]],[[76855,37023],[1,12]],[[76856,37035],[14,-3]],[[76887,37010],[-16,-17]],[[76871,36993],[9,22]],[[76880,37015],[7,-5]],[[76817,37066],[8,3]],[[76829,37060],[-11,-2]],[[76818,37058],[-3,5]],[[76816,37077],[-2,-9]],[[76772,37002],[-39,-45]],[[76717,36954],[-3,4]],[[76783,37044],[16,-13]],[[76799,37031],[5,-14]],[[76804,37017],[-1,-1]],[[76803,37016],[-16,3]],[[76818,37058],[2,-24]],[[76820,37034],[-3,-3]],[[76817,37031],[-11,9]],[[76806,37040],[-10,10]],[[76798,36981],[-11,-5]],[[76787,36976],[-1,17]],[[76718,36952],[-8,-4]],[[76710,36948],[-8,-11],[10,3]],[[76712,36940],[15,-7]],[[76727,36933],[-1,-1]],[[76726,36932],[-3,-11],[33,-4],[8,-52]],[[76764,36865],[-53,6],[-42,13],[-18,16],[-41,17],[-12,10]],[[76598,36927],[11,25]],[[76710,36948],[2,-8]],[[76731,36938],[-4,-5]],[[76785,36995],[-47,-52]],[[76803,37016],[-2,-3]],[[76801,37013],[-7,-7]],[[76799,37031],[7,9]],[[76817,37031],[-6,-7]],[[76811,37024],[-3,-3]],[[76808,37021],[-4,-4]],[[76840,37057],[-20,-23]],[[76899,37124],[6,-12]],[[76905,37112],[-22,-27]],[[76883,37085],[-13,-8],[21,-12]],[[76891,37065],[-27,-12],[17,-17]],[[76881,37036],[-7,-8]],[[76874,37028],[-4,4]],[[76856,37035],[-1,0],[-12,4],[-14,-17]],[[76829,37022],[-18,2]],[[76787,36976],[-6,-5]],[[76781,36971],[-11,-15]],[[76770,36956],[-11,-11]],[[76759,36945],[-14,-4]],[[76745,36941],[-5,-10]],[[76740,36931],[-14,1]],[[76801,37013],[3,-14]],[[76808,37021],[6,-10]],[[76814,37011],[-10,6]],[[76829,37022],[-1,-14],[18,20],[7,-6]],[[76853,37022],[2,-13],[-13,-15]],[[76842,36994],[-3,-3]],[[76839,36991],[-7,4]],[[76832,36995],[-16,13]],[[76816,37008],[-2,3]],[[76868,36990],[3,-3]],[[76871,36987],[-8,-13]],[[76863,36974],[-19,18]],[[76844,36992],[24,-2]],[[76816,37008],[-10,-10]],[[76781,36971],[17,-9]],[[76798,36962],[7,-18]],[[76805,36944],[0,-9]],[[76805,36935],[-9,0]],[[76796,36935],[-9,9]],[[76787,36944],[-17,12]],[[76759,36945],[-12,-6]],[[76747,36939],[-2,2]],[[76787,36944],[-8,-7]],[[76779,36937],[-18,-13],[-12,6]],[[76749,36930],[-2,9]],[[76806,36970],[-8,-8]],[[76832,36995],[-12,-8]],[[76855,37023],[-2,-1]],[[76749,36930],[-9,1]],[[76900,37057],[25,35]],[[76925,37092],[12,7],[-15,50]],[[76922,37149],[25,-15],[15,-48]],[[76962,37086],[-19,-12]],[[76943,37074],[-11,8],[-15,-20],[-17,-5]],[[76870,37024],[10,-9]],[[76871,36993],[-3,-3]],[[76844,36992],[-2,2]],[[76891,37065],[2,-2]],[[76893,37063],[7,-6]],[[76900,37057],[-19,-21]],[[76814,36957],[-9,-13]],[[76796,36935],[-17,2]],[[76839,36991],[-16,-22]],[[76874,37028],[-3,-2]],[[76827,36956],[-12,-22],[-10,1]],[[76864,36909],[-25,-25],[-75,-19]],[[76841,36964],[22,10]],[[76871,36987],[9,-16]],[[76887,37010],[14,-12]],[[76883,37085],[14,-8]],[[76897,37077],[-4,-14]],[[76905,37112],[12,-7]],[[76917,37105],[-20,-28]],[[76917,37105],[8,-13]],[[76917,37151],[5,-2]],[[77515,38182],[21,9]],[[77536,38191],[346,-356]],[[77882,37835],[-200,107],[-38,-31],[-138,-215],[-91,-174],[-117,-36],[-40,-35],[13,-18],[-43,-20],[0,-6],[35,-26],[-75,-92],[-13,8],[-11,-12]],[[77164,37285],[-5,25],[-23,8]],[[77136,37318],[2,33],[-24,35],[-4,29],[2,41],[-12,1],[1,21],[12,5],[-41,2],[-19,11],[-25,2],[-38,24]],[[76991,37566],[8,1],[0,55],[17,34],[-7,40],[2,22],[21,72],[16,27],[-2,12]],[[76962,37086],[4,-20],[14,-7],[24,5],[35,41],[19,28],[3,31]],[[77061,37164],[13,25],[13,61],[-9,64]],[[77078,37314],[31,4],[20,-9]],[[77129,37309],[7,-35]],[[77136,37274],[-32,2],[3,-10],[-16,-66],[10,-17],[-21,-17],[-15,-35],[-54,-69],[-22,-11],[-21,4],[-25,19]],[[77536,38191],[0,117],[50,757]],[[77586,39065],[241,230],[511,463],[549,473],[145,87],[253,149]],[[79285,40467],[1629,-2712]],[[80914,37755],[-312,-218],[-1093,-271],[-751,-466]],[[78758,36800],[-41,-10],[-52,40],[-253,477],[-98,226],[-25,82],[-407,220]],[[76979,37186],[-7,-14],[30,-14],[-8,-25],[-24,11],[-11,-20],[-8,18],[-25,15],[16,44]],[[76942,37201],[37,-15]],[[77038,37319],[-11,-31],[3,-15],[-14,-9],[2,-20]],[[77018,37244],[-9,-21]],[[77009,37223],[-15,-32],[-28,6],[5,12],[19,0],[-23,12],[17,24]],[[76984,37245],[19,-8],[-1,39]],[[77002,37276],[19,15],[6,33]],[[77027,37324],[11,-5]],[[76974,37155],[14,4],[-17,11],[3,-15]],[[77018,37244],[10,-5],[14,20],[9,-5],[-9,-47],[-33,16]],[[76984,37245],[3,33],[15,-2]],[[76891,37241],[21,-20],[28,-13]],[[76940,37208],[2,-7]],[[76979,37186],[65,-27],[17,5]],[[76940,37208],[8,6],[48,102],[-6,25]],[[76990,37341],[37,-17]],[[77038,37319],[40,-5]],[[76962,37392],[11,-11],[17,-40]],[[77136,37318],[-7,-9]],[[77136,37274],[3,-26],[-18,-31],[10,-37],[-7,-26],[-29,-30],[1,-29],[-38,-34],[-11,-29],[-36,-16],[-18,-15],[-27,-56]],[[76966,36945],[-1,-1]],[[76965,36944],[-24,19]],[[77164,37285],[-6,-3],[-2,-53],[12,-17],[-18,-18],[-15,-55],[3,-26],[-16,-6],[-30,-47],[-2,-21],[-14,-1],[-22,-28],[-45,-33],[-7,-16],[-13,2],[-23,-18]],[[76965,36944],[-26,-29],[-25,0]],[[76511,37136],[-3,-16]],[[76505,37121],[-4,2]],[[76501,37123],[-10,0]],[[76491,37123],[-8,13]],[[76483,37136],[6,23]],[[76489,37159],[6,0]],[[76439,37226],[15,-24],[-25,11]],[[76428,37213],[2,-19],[-16,2]],[[76469,37195],[-30,-11],[-15,-10],[-17,-7]],[[76407,37167],[-14,9]],[[76393,37176],[1,6]],[[76434,37155],[14,14]],[[76448,37169],[4,-21],[-18,7]],[[76464,37177],[-16,-8]],[[76434,37155],[-15,-2]],[[76419,37153],[-17,-5]],[[76402,37148],[-2,5]],[[76400,37153],[7,14]],[[76465,37173],[6,-25]],[[76471,37148],[-4,-2],[-12,-5],[-17,-18]],[[76438,37123],[-13,8]],[[76425,37131],[-6,22]],[[76489,37159],[-18,-11]],[[76491,37123],[-4,-2]],[[76487,37121],[-2,-2]],[[76485,37119],[-13,-3]],[[76472,37116],[-4,11]],[[76468,37127],[15,9]],[[76468,37127],[-13,-9]],[[76455,37118],[-17,5]],[[76472,37116],[-11,-7]],[[76461,37109],[-6,9]],[[76501,37123],[-14,-2]],[[76485,37119],[2,-11]],[[76487,37108],[-11,-10]],[[76476,37098],[-13,-7]],[[76463,37091],[-1,2]],[[76462,37093],[-1,16]],[[76504,37105],[-3,-8]],[[76501,37097],[-18,-20]],[[76483,37077],[-4,-4]],[[76479,37073],[-1,0]],[[76478,37073],[-12,16]],[[76466,37089],[10,9]],[[76487,37108],[15,-1]],[[76510,37107],[-5,-9]],[[76505,37098],[-4,-1]],[[76527,37105],[-9,6]],[[76517,37092],[-12,6]],[[76522,37087],[-27,-17]],[[76495,37070],[-12,7]],[[76543,37087],[-31,-22]],[[76512,37065],[-13,-10]],[[76499,37055],[-3,2]],[[76496,37057],[-1,13]],[[76549,37042],[-11,-3]],[[76538,37039],[-16,4],[-9,21]],[[76513,37064],[26,-6]],[[76554,37020],[-16,5],[0,14]],[[76593,36984],[-21,17]],[[76462,37093],[-23,15],[11,-26]],[[76450,37082],[-30,8]],[[76420,37090],[-25,8]],[[76395,37098],[6,20]],[[76401,37118],[8,8]],[[76409,37126],[16,5]],[[76479,37073],[-1,-17]],[[76478,37056],[-16,-6],[-3,25]],[[76459,37075],[19,-2]],[[76466,37089],[-3,2]],[[76393,37176],[-8,-10]],[[76385,37166],[-12,11]],[[76373,37177],[-22,21]],[[76351,37198],[10,10]],[[76584,36972],[-14,8]],[[76570,36980],[-15,8]],[[76555,36988],[0,14],[-15,-3]],[[76540,36999],[-9,8]],[[76531,37007],[4,14],[-16,4]],[[76519,37025],[-7,18],[-12,-3]],[[76500,37040],[-1,15]],[[76512,37065],[1,-1]],[[76496,37057],[-14,-6]],[[76482,37051],[-4,5]],[[76459,37075],[-9,7]],[[76409,37126],[-10,14]],[[76399,37140],[3,8]],[[76400,37153],[-7,-2]],[[76393,37151],[-8,15]],[[76482,37051],[14,-14]],[[76496,37037],[-18,-20]],[[76478,37017],[-29,19],[-22,-9]],[[76427,37027],[-20,24]],[[76407,37051],[-6,6],[19,33]],[[76351,37198],[-5,5]],[[76346,37203],[-3,7]],[[76598,36927],[-17,-5]],[[76581,36922],[-1,14]],[[76567,36953],[-4,-5]],[[76563,36948],[-19,11],[-37,35]],[[76507,36994],[-6,9]],[[76501,37003],[15,16]],[[76516,37019],[15,-12]],[[76540,36999],[13,-14]],[[76553,36985],[16,-7]],[[76569,36978],[-10,-15],[8,-8]],[[76401,37118],[-19,0]],[[76382,37118],[-19,32]],[[76363,37150],[-6,13]],[[76357,37163],[16,14]],[[76393,37151],[6,-11]],[[76382,37118],[-19,-9]],[[76363,37109],[-20,29]],[[76343,37138],[8,16]],[[76351,37154],[12,-4]],[[76500,37040],[-4,-3]],[[76519,37025],[-3,-6]],[[76501,37003],[-4,-5]],[[76497,36998],[-3,-4]],[[76494,36994],[-1,0]],[[76493,36994],[-15,23]],[[76570,36980],[-1,-2]],[[76553,36985],[2,3]],[[76581,36922],[-36,-52],[-27,-17],[-9,-22],[-55,-62],[-28,-21]],[[76426,36748],[-23,1],[-39,-25],[-25,-31],[-38,-2],[-12,11],[-35,-29]],[[76254,36673],[-9,15]],[[76245,36688],[28,25],[26,8],[61,45],[6,10],[43,35],[0,21],[54,45],[30,6]],[[76493,36883],[14,16],[-4,18]],[[76503,36917],[11,16],[13,-14],[23,23]],[[76550,36942],[13,6]],[[76426,36748],[-33,-37],[-4,-21],[-13,-11],[-15,-31]],[[76361,36648],[-17,-20],[-36,-5],[-18,8],[5,12],[-25,9],[-16,21]],[[76503,36917],[-8,8],[-15,-12],[-7,9]],[[76473,36922],[7,6]],[[76480,36928],[31,15]],[[76511,36943],[15,12]],[[76526,36955],[24,-13]],[[76511,36943],[-5,11]],[[76506,36954],[8,-2]],[[76514,36952],[11,3]],[[76525,36955],[1,0]],[[76514,36952],[0,15]],[[76514,36967],[11,-12]],[[76473,36922],[-4,-7]],[[76469,36915],[-19,21]],[[76450,36936],[13,-9],[4,15]],[[76467,36942],[13,-14]],[[76493,36883],[-24,32]],[[76450,36936],[-7,7]],[[76443,36943],[12,14]],[[76455,36957],[17,-4]],[[76472,36953],[-5,-11]],[[76455,36957],[-4,8]],[[76451,36965],[5,6]],[[76456,36971],[10,-2]],[[76466,36969],[3,-3]],[[76469,36966],[6,-9]],[[76475,36957],[-3,-4]],[[76343,37038],[25,8]],[[76368,37046],[6,-12],[-11,-26]],[[76363,37008],[-20,30]],[[76475,36957],[15,12]],[[76490,36969],[16,-15]],[[76490,36969],[7,13]],[[76497,36982],[17,-15]],[[76497,36982],[-3,12]],[[76497,36998],[10,-4]],[[76469,36966],[9,9]],[[76478,36975],[15,19]],[[76466,36969],[6,11]],[[76472,36980],[6,-5]],[[76458,36974],[-11,21],[20,-11]],[[76467,36984],[-9,-10]],[[76443,36943],[-9,-2],[3,24]],[[76437,36965],[14,0]],[[76456,36971],[2,3]],[[76467,36984],[5,-4]],[[76427,37027],[-9,-25],[7,-14],[-25,-16],[7,-28],[11,27],[19,-6]],[[76245,36688],[-9,-10],[-26,-2],[-54,8],[2,24],[84,23],[43,20],[-16,23]],[[76269,36774],[43,35],[-1,17]],[[76311,36826],[4,2],[18,15],[3,2],[9,9],[18,26]],[[76363,36880],[4,8]],[[76367,36888],[7,32],[-3,21]],[[76371,36941],[22,17],[-30,50]],[[76368,37046],[39,5]],[[76346,37203],[-2,-3]],[[76344,37200],[-12,0]],[[76332,37200],[-6,4]],[[76326,37204],[-2,22]],[[76313,37233],[-9,-10]],[[76304,37223],[-11,20]],[[76304,37223],[-12,-61],[-3,-11],[-33,6]],[[76256,37157],[1,9]],[[76257,37166],[3,18]],[[76260,37184],[2,18]],[[76262,37202],[3,17]],[[76265,37219],[-5,37]],[[76260,37256],[-4,12]],[[76256,37268],[0,8]],[[76268,37063],[-22,28]],[[76246,37091],[4,29]],[[76250,37120],[1,8]],[[76251,37128],[3,19]],[[76254,37147],[34,-8],[-10,-76]],[[76278,37063],[-10,0]],[[76326,37204],[-13,-10],[9,-12]],[[76322,37182],[-5,-24]],[[76317,37158],[-14,-9],[8,-14]],[[76311,37135],[-1,-26]],[[76310,37109],[-23,-1],[19,-18]],[[76306,37090],[-1,-3]],[[76305,37087],[-13,-26]],[[76292,37061],[-14,2]],[[76254,37147],[2,10]],[[76332,37200],[6,-8]],[[76338,37192],[-1,-2]],[[76337,37190],[-15,-8]],[[76317,37158],[9,-13],[-15,-10]],[[76310,37109],[-4,-19]],[[76314,37070],[12,6],[4,-18]],[[76330,37058],[-5,-10]],[[76325,37048],[-11,22]],[[76337,37190],[-9,-45]],[[76328,37145],[-14,-66],[-9,8]],[[76344,37200],[-6,-8]],[[76357,37163],[-6,-9]],[[76343,37138],[-1,-1]],[[76342,37137],[-14,8]],[[76395,37098],[-14,-7]],[[76381,37091],[-19,-1],[1,19]],[[76381,37091],[4,-7],[-28,-9]],[[76357,37075],[-14,9]],[[76343,37084],[-6,23],[6,24],[-1,6]],[[76292,37061],[2,-4]],[[76294,37057],[-4,-19]],[[76290,37038],[-9,-3]],[[76281,37035],[-18,8],[4,-12]],[[76267,37031],[-17,-9]],[[76250,37022],[-12,21],[-9,-13],[4,-21]],[[76233,37009],[-29,9]],[[76204,37018],[-14,-4]],[[76190,37014],[-9,12],[-24,3]],[[76157,37029],[-6,16]],[[76151,37045],[47,-16],[12,4]],[[76210,37033],[18,17],[18,41]],[[76139,37051],[4,-3],[6,-3]],[[76149,37045],[-17,-11]],[[76132,37034],[-10,17]],[[76122,37051],[1,5]],[[76123,37056],[16,-5]],[[76357,37075],[-16,-11]],[[76341,37064],[2,20]],[[76341,37064],[-11,-6]],[[76314,37070],[-10,-13]],[[76304,37057],[-10,0]],[[76325,37048],[-7,-14],[-10,9]],[[76308,37043],[-4,14]],[[76308,37043],[-18,-5]],[[76281,37035],[-14,-4]],[[76250,37022],[-7,-19],[-10,6]],[[76204,37018],[3,-15],[-17,11]],[[76157,37029],[-26,-8]],[[76131,37021],[1,13]],[[76149,37045],[2,0]],[[76131,37021],[-6,-15]],[[76125,37006],[-3,45]],[[76343,37038],[-1,-2],[-9,-7],[-12,-16]],[[76321,37013],[-14,0]],[[76307,37013],[-17,-10],[3,-22]],[[76293,36981],[-40,3]],[[76253,36984],[-11,15],[-9,-18]],[[76233,36981],[-13,8],[-12,-18]],[[76208,36971],[-2,2]],[[76206,36973],[-10,11]],[[76196,36984],[-23,-1]],[[76173,36983],[-15,11]],[[76158,36994],[-9,-12]],[[76149,36982],[-16,20],[-7,-8]],[[76126,36994],[-12,-3]],[[76114,36991],[-8,-8]],[[76106,36983],[-17,-7],[-1,-40]],[[76088,36936],[-8,-2],[-5,31],[-8,-7]],[[76067,36958],[-13,8],[-9,-19]],[[76045,36947],[-25,9],[0,-13]],[[76020,36943],[-27,-14]],[[75993,36929],[-20,-4],[5,-13]],[[75978,36912],[-4,-2]],[[75974,36910],[-15,21]],[[75959,36931],[0,15],[21,11]],[[75980,36957],[21,11]],[[76001,36968],[33,17]],[[76034,36985],[4,2]],[[76038,36987],[19,-8]],[[76057,36979],[9,10]],[[76066,36989],[9,16]],[[76075,37005],[1,1]],[[76076,37006],[5,-8],[32,3],[3,7]],[[76116,37008],[5,-3]],[[76121,37005],[4,1]],[[75927,36896],[-1,9]],[[75926,36905],[-2,23]],[[75924,36928],[29,4]],[[75953,36932],[1,0]],[[75954,36932],[-2,-25],[-25,-11]],[[76076,37006],[5,14],[35,-12]],[[76066,36989],[-10,7]],[[76056,36996],[14,7]],[[76070,37003],[5,2]],[[76045,36990],[4,3]],[[76049,36993],[7,3]],[[76056,36996],[-3,-9]],[[76053,36987],[-8,3]],[[76038,36987],[7,3]],[[76053,36987],[4,-8]],[[76213,37309],[10,-15]],[[76223,37294],[-6,-19]],[[76217,37275],[-14,-1]],[[76203,37274],[-4,12],[14,23]],[[76203,37274],[-12,-1]],[[76191,37273],[16,41]],[[76207,37314],[2,5]],[[76209,37319],[6,4]],[[76215,37323],[5,-9]],[[76220,37314],[-7,-5]],[[76223,37294],[11,2]],[[76234,37296],[1,-1]],[[76235,37295],[3,-17]],[[76238,37278],[-21,-3]],[[76256,37268],[-62,-4]],[[76194,37264],[-5,3]],[[76189,37267],[2,6]],[[76238,37278],[15,-2]],[[76253,37276],[2,0]],[[76220,37314],[14,-18]],[[76235,37295],[18,-19]],[[76200,36903],[-19,-8]],[[76181,36895],[-19,-18]],[[76162,36877],[-10,-1]],[[76152,36876],[-18,-7]],[[76134,36869],[-16,-8]],[[76118,36861],[-18,-16]],[[76100,36845],[-7,2]],[[76093,36847],[-7,11]],[[76086,36858],[2,4]],[[76088,36862],[12,9]],[[76100,36871],[18,7]],[[76118,36878],[15,11]],[[76133,36889],[26,10]],[[76159,36899],[24,12],[-2,8]],[[76181,36919],[35,11]],[[76216,36930],[15,12]],[[76231,36942],[16,-3],[-20,-16]],[[76227,36923],[-4,-6]],[[76223,36917],[-23,-14]],[[76249,36944],[22,21]],[[76271,36965],[16,-1],[6,16]],[[76293,36980],[8,-2]],[[76301,36978],[13,8]],[[76314,36986],[12,11]],[[76326,36997],[17,3],[-2,-15]],[[76341,36985],[-7,-4]],[[76334,36981],[-15,-10]],[[76319,36971],[-15,-8]],[[76304,36963],[-16,-8]],[[76288,36955],[-11,-7]],[[76277,36948],[-14,-12]],[[76263,36936],[-14,8]],[[76371,36941],[-13,10]],[[76358,36951],[-11,22]],[[76347,36973],[-6,12]],[[76326,36997],[-5,16]],[[76339,36940],[-3,8]],[[76336,36948],[2,10]],[[76338,36958],[16,-10]],[[76354,36948],[-15,-8]],[[76334,36981],[7,-11]],[[76341,36970],[-5,-12]],[[76336,36958],[-15,6]],[[76321,36964],[-2,7]],[[76314,36986],[-7,27]],[[76321,36964],[-6,-15]],[[76315,36949],[-1,0]],[[76314,36949],[-8,11]],[[76306,36960],[-2,3]],[[76301,36978],[-8,3]],[[76306,36960],[-8,-10]],[[76298,36950],[-10,5]],[[76293,36981],[0,-1]],[[76271,36965],[-18,19]],[[76277,36948],[5,-8]],[[76282,36940],[5,-11]],[[76287,36929],[-4,-3]],[[76283,36926],[-14,0]],[[76269,36926],[-6,10]],[[76249,36944],[-1,19],[-15,18]],[[76269,36926],[-14,-12]],[[76255,36914],[-18,2]],[[76237,36916],[-10,7]],[[76231,36942],[-23,29]],[[76237,36916],[10,-9]],[[76247,36907],[-13,-10]],[[76234,36897],[-11,20]],[[76216,36930],[-20,40]],[[76196,36970],[10,3]],[[76196,36984],[0,-14]],[[76181,36919],[-8,64]],[[76234,36897],[-10,-19]],[[76224,36878],[-16,-6]],[[76208,36872],[-8,31]],[[76159,36899],[-2,8]],[[76157,36907],[7,22]],[[76164,36929],[-6,65]],[[76181,36895],[5,-34]],[[76186,36861],[-8,-15]],[[76178,36846],[-24,12]],[[76154,36858],[19,9],[-11,10]],[[76164,36929],[-12,-3]],[[76152,36926],[-3,56]],[[76152,36926],[5,-19]],[[76133,36889],[-2,21],[-1,25],[-4,59]],[[76137,36840],[-2,13],[18,4]],[[76153,36857],[8,-18]],[[76161,36839],[-9,-17]],[[76152,36822],[-15,18]],[[76152,36876],[-5,-12]],[[76147,36864],[-13,5]],[[76118,36878],[-2,35]],[[76116,36913],[0,15]],[[76116,36928],[-4,46]],[[76112,36974],[2,17]],[[76147,36864],[7,-6]],[[76154,36858],[-1,-1]],[[76137,36840],[0,-24]],[[76137,36816],[-11,-20],[-5,10]],[[76121,36806],[-2,17]],[[76119,36823],[0,17]],[[76119,36840],[-1,21]],[[76112,36974],[-6,9]],[[76116,36928],[-19,-10],[-9,18]],[[76100,36871],[-1,24]],[[76099,36895],[7,8]],[[76106,36903],[10,10]],[[76121,36806],[-13,-9]],[[76108,36797],[-3,31]],[[76105,36828],[14,-5]],[[76119,36840],[-19,5]],[[76106,36903],[-15,-2]],[[76091,36901],[-1,0]],[[76090,36901],[-14,-2]],[[76076,36899],[-3,1]],[[76073,36900],[-22,5]],[[76051,36905],[0,5]],[[76051,36910],[1,3]],[[76052,36913],[16,19],[-1,26]],[[76090,36901],[-6,-7]],[[76084,36894],[-8,5]],[[76099,36895],[-8,6]],[[76073,36900],[-4,-9]],[[76069,36891],[-6,0]],[[76063,36891],[-12,6]],[[76051,36897],[0,8]],[[76088,36862],[-4,32]],[[76079,36817],[-3,13]],[[76076,36830],[14,4]],[[76090,36834],[1,-3]],[[76091,36831],[4,-38]],[[76095,36793],[-3,-9]],[[76092,36784],[-15,19]],[[76077,36803],[2,14]],[[76086,36858],[-17,1]],[[76069,36859],[1,1]],[[76070,36860],[1,16]],[[76071,36876],[-2,15]],[[76093,36847],[-3,-13]],[[76076,36830],[-6,-1]],[[76070,36829],[-11,4],[-4,-25]],[[76055,36808],[-34,2]],[[76021,36810],[13,51],[12,8]],[[76046,36869],[6,-14],[17,4]],[[76063,36891],[2,-16]],[[76065,36875],[5,-15]],[[76046,36869],[-6,9]],[[76040,36878],[1,4]],[[76041,36882],[10,15]],[[76076,36781],[-17,-8]],[[76059,36773],[0,6]],[[76059,36779],[4,9]],[[76063,36788],[13,-7]],[[76070,36829],[0,-13]],[[76070,36816],[2,-15]],[[76072,36801],[-17,7]],[[76071,36876],[-6,-1]],[[76021,36810],[5,-12]],[[76026,36798],[-12,-14]],[[76014,36784],[0,-14]],[[76014,36770],[-4,-14]],[[76010,36756],[-16,-13],[-3,11]],[[75991,36754],[5,14],[5,17],[5,17]],[[76006,36802],[8,8]],[[76014,36810],[15,49],[-5,7]],[[76024,36866],[11,13]],[[76035,36879],[5,-1]],[[76003,36734],[-14,-13]],[[75989,36721],[-12,5]],[[75977,36726],[26,8]],[[76041,36882],[-3,26]],[[76038,36908],[13,2]],[[76052,36913],[-7,34]],[[76079,36817],[-9,-1]],[[76108,36797],[-13,-4]],[[76091,36831],[14,-3]],[[76077,36803],[-5,-2]],[[76311,36826],[-36,-19]],[[76275,36807],[7,16]],[[76282,36823],[30,27]],[[76312,36850],[11,2],[-15,48]],[[76308,36900],[10,-13],[14,11]],[[76332,36898],[14,-18],[14,1]],[[76360,36881],[3,-1]],[[76336,36948],[-11,-6]],[[76325,36942],[-10,7]],[[76336,36958],[2,0]],[[76314,36949],[9,-14]],[[76323,36935],[2,-2]],[[76325,36933],[13,-13]],[[76338,36920],[6,-13],[-12,-9]],[[76308,36900],[-7,9]],[[76301,36909],[10,15],[-13,13],[-11,-8]],[[76282,36940],[16,10]],[[76283,36926],[9,-12]],[[76292,36914],[-13,-13]],[[76279,36901],[-17,6],[-4,-19]],[[76258,36888],[-17,0],[5,-23]],[[76246,36865],[-22,-4]],[[76224,36861],[0,17]],[[76247,36907],[8,7]],[[76347,36973],[-6,-3]],[[76358,36951],[-4,-3]],[[76339,36940],[-4,-3]],[[76335,36937],[-10,-4]],[[76323,36935],[2,7]],[[76367,36888],[-7,-7]],[[76338,36920],[-3,17]],[[76269,36774],[-66,-8],[-202,-52],[-12,7]],[[76003,36734],[21,7]],[[76024,36741],[16,3]],[[76040,36744],[9,3]],[[76049,36747],[17,2]],[[76066,36749],[17,8]],[[76083,36757],[2,1]],[[76085,36758],[12,-9],[9,11]],[[76106,36760],[18,6]],[[76124,36766],[17,-5],[6,12]],[[76147,36773],[16,-7],[0,21]],[[76163,36787],[24,-15],[0,14]],[[76187,36786],[20,-3]],[[76207,36783],[14,3]],[[76221,36786],[15,3]],[[76236,36789],[15,7]],[[76251,36796],[12,4]],[[76263,36800],[5,1],[6,5],[1,1]],[[76208,36872],[-5,-15]],[[76203,36857],[0,-1]],[[76203,36856],[-17,5]],[[76301,36909],[-9,5]],[[76282,36823],[-20,7]],[[76262,36830],[6,6],[-22,24]],[[76246,36860],[18,22]],[[76264,36882],[18,8]],[[76282,36890],[30,-40]],[[76258,36888],[6,-6]],[[76246,36860],[0,5]],[[76263,36800],[-14,14],[13,16]],[[76282,36890],[-3,11]],[[76251,36796],[-7,5]],[[76244,36801],[-26,52]],[[76218,36853],[6,8]],[[76203,36857],[15,-4]],[[76244,36801],[-19,6]],[[76225,36807],[-20,39]],[[76205,36846],[-2,10]],[[76225,36807],[-18,7]],[[76207,36814],[-11,21]],[[76196,36835],[9,11]],[[76221,36786],[-5,10]],[[76216,36796],[20,-7]],[[76196,36835],[-16,-12]],[[76180,36823],[-14,-9]],[[76166,36814],[-10,-14]],[[76156,36800],[-15,5],[-2,-17]],[[76139,36788],[-15,6],[-5,-24]],[[76119,36770],[-16,12],[-1,-13]],[[76102,36769],[-15,5],[-2,-16]],[[76083,36757],[-18,-4]],[[76065,36753],[-16,-6]],[[76040,36744],[-11,6],[-5,-9]],[[75977,36726],[-57,6]],[[75920,36732],[5,16]],[[75925,36748],[16,5]],[[75941,36753],[14,-3],[9,2],[1,2]],[[75965,36754],[17,0]],[[75982,36754],[9,0]],[[76010,36756],[6,3]],[[76016,36759],[16,4]],[[76032,36763],[14,4]],[[76046,36767],[13,6]],[[76076,36781],[16,3]],[[76137,36816],[15,6]],[[76161,36839],[17,7]],[[76216,36796],[-19,6]],[[76197,36802],[-13,12],[-9,-12]],[[76175,36802],[-9,12]],[[76180,36823],[27,-9]],[[76207,36783],[-10,19]],[[76187,36786],[-12,16]],[[76163,36787],[-7,13]],[[76147,36773],[-8,15]],[[76124,36766],[-5,4]],[[76106,36760],[-4,9]],[[76066,36749],[-1,4]],[[76059,36779],[-9,15]],[[76050,36794],[13,-6]],[[76046,36767],[-9,20]],[[76037,36787],[7,9]],[[76044,36796],[6,-2]],[[76026,36798],[18,-2]],[[76037,36787],[-12,-6]],[[76025,36781],[-11,3]],[[76032,36763],[-7,18]],[[76016,36759],[-2,11]],[[75926,36905],[-16,-7],[-15,15]],[[75895,36913],[29,15]],[[75925,36748],[5,15]],[[75930,36763],[11,-10]],[[75974,36910],[-11,-12],[12,-9]],[[75975,36889],[-2,-18]],[[75973,36871],[-13,-42],[-4,-15],[-6,-18]],[[75950,36796],[-2,-22]],[[75948,36774],[-17,-8]],[[75931,36766],[25,84],[-9,10]],[[75947,36860],[10,19]],[[75957,36879],[-3,6]],[[75954,36885],[4,18],[-30,-14]],[[75928,36889],[-1,7]],[[75954,36932],[5,-1]],[[76038,36908],[-9,18]],[[76029,36926],[-9,17]],[[76029,36926],[-15,-5]],[[76014,36921],[-2,-1]],[[76012,36920],[-10,-8]],[[76002,36912],[-9,17]],[[76014,36921],[4,-16]],[[76018,36905],[-2,4]],[[76016,36909],[-4,-2]],[[76012,36907],[0,13]],[[76035,36879],[-17,26]],[[76012,36907],[-10,5]],[[76016,36909],[-13,-33]],[[76003,36876],[-21,10]],[[75982,36886],[-4,26]],[[75982,36886],[-7,3]],[[76014,36810],[-13,2]],[[76001,36812],[-5,1]],[[75996,36813],[-12,3]],[[75984,36816],[16,52],[-27,3]],[[76003,36876],[21,-10]],[[76006,36802],[-5,10]],[[75996,36813],[-6,-7]],[[75990,36806],[-18,4]],[[75972,36810],[12,6]],[[75972,36810],[-6,-20]],[[75966,36790],[-16,6]],[[75990,36806],[-6,-19],[-5,-17],[-4,-10]],[[75975,36760],[-10,-3]],[[75965,36757],[-7,14]],[[75958,36771],[14,8],[-6,11]],[[75982,36754],[-7,6]],[[75958,36771],[-10,3]],[[75930,36763],[1,3]],[[75965,36757],[0,-3]],[[75954,36885],[-12,0]],[[75942,36885],[-9,-4]],[[75933,36881],[-10,-4]],[[75923,36877],[-9,-5]],[[75914,36872],[-10,-4]],[[75904,36868],[-3,8],[27,13]],[[75957,36879],[-9,-6]],[[75948,36873],[-6,12]],[[75948,36873],[-10,-4]],[[75938,36869],[-5,12]],[[75938,36869],[-9,-5]],[[75929,36864],[-6,13]],[[75947,36860],[-14,-5]],[[75933,36855],[-14,-8]],[[75919,36847],[-9,8]],[[75910,36855],[9,5]],[[75919,36860],[10,4]],[[75914,36872],[5,-12]],[[75910,36855],[-6,13]],[[75933,36855],[-3,-23],[-11,15]],[[75920,36732],[-98,6],[-13,-13]],[[75809,36725],[-7,24],[-19,1],[-12,39],[-8,-2],[-8,34],[7,18],[38,14]],[[75800,36853],[17,11]],[[75817,36864],[11,4]],[[75828,36868],[53,23],[-2,14],[16,8]],[[75924,36928],[-39,0]],[[75885,36928],[-17,6]],[[75868,36934],[-19,-2]],[[75849,36932],[-20,6]],[[75829,36938],[-9,12],[27,23]],[[75847,36973],[-2,-19],[22,2]],[[75867,36956],[10,2]],[[75877,36958],[11,-11],[11,7]],[[75899,36954],[12,-12],[13,9]],[[75924,36951],[3,-16],[16,5]],[[75943,36940],[10,-8]],[[75828,36868],[-6,11]],[[75822,36879],[0,15]],[[75822,36894],[20,-4],[6,11]],[[75848,36901],[28,15],[9,12]],[[75848,36901],[-1,20]],[[75847,36921],[17,-2],[4,15]],[[75847,36921],[2,11]],[[75822,36894],[7,44]],[[75817,36864],[5,15]],[[75846,37003],[39,-7]],[[75885,36996],[-7,-17]],[[75878,36979],[-10,-1]],[[75868,36978],[-20,4]],[[75848,36982],[-20,13],[18,8]],[[75847,36973],[1,9]],[[75868,36978],[-1,-22]],[[75878,36979],[-1,-21]],[[75885,36996],[12,52],[14,-10]],[[75911,37038],[-8,-45],[5,0]],[[75908,36993],[-9,-39]],[[75943,36940],[-7,20],[12,20],[9,50]],[[75957,37030],[19,-9]],[[75976,37021],[-4,-60],[8,-4]],[[75911,37038],[13,0]],[[75924,37038],[-8,-48],[-8,3]],[[75924,37038],[16,-15]],[[75940,37023],[-16,-72]],[[75940,37023],[17,7]],[[75976,37021],[18,3]],[[75994,37024],[-3,-28]],[[75991,36996],[-7,-8],[17,-20]],[[75994,37024],[18,-7]],[[76012,37017],[-1,-15]],[[76011,37002],[-20,-6]],[[76012,37017],[15,0]],[[76027,37017],[-2,-11]],[[76025,37006],[-14,-4]],[[76025,37006],[12,-3],[-3,-18]],[[76027,37017],[10,-5]],[[76037,37012],[13,-10]],[[76050,37002],[-1,-9]],[[76121,37005],[-19,30],[1,15]],[[76103,37050],[20,6]],[[76070,37003],[-8,5]],[[76062,37008],[-25,4]],[[75846,37003],[2,11],[20,-4],[2,14],[-16,3],[2,15],[-21,4],[9,24],[21,1]],[[75865,37071],[17,4]],[[75882,37075],[22,1],[16,-13]],[[75920,37063],[14,8]],[[75934,37071],[6,-15],[27,6]],[[75967,37062],[13,-13]],[[75980,37049],[20,0]],[[76000,37049],[8,-16],[11,12]],[[76019,37045],[20,-6]],[[76039,37039],[21,3]],[[76060,37042],[27,-8],[5,16]],[[76092,37050],[11,0]],[[76050,37002],[12,6]],[[76060,37042],[8,17]],[[76068,37059],[19,12],[5,-21]],[[76039,37039],[11,37]],[[76050,37076],[16,-3],[2,-14]],[[76019,37045],[13,41]],[[76032,37086],[18,-10]],[[76000,37049],[8,32]],[[76008,37081],[17,16]],[[76025,37097],[2,-1]],[[76027,37096],[5,-10]],[[75980,37049],[16,45]],[[75996,37094],[12,-13]],[[75967,37062],[12,40]],[[75979,37102],[17,-8]],[[75979,37102],[-16,17],[-14,-6]],[[75949,37113],[-5,14],[-15,-5]],[[75929,37122],[-11,19],[-8,-7]],[[75910,37134],[-38,7]],[[75872,37141],[-12,8],[3,30]],[[75863,37179],[8,-4]],[[75871,37175],[7,-5]],[[75878,37170],[7,-12],[15,12]],[[75900,37170],[23,-14]],[[75923,37156],[7,-18],[18,15]],[[75948,37153],[32,-21]],[[75980,37132],[21,-12]],[[76001,37120],[20,-10]],[[76021,37110],[4,-13]],[[76027,37096],[18,14]],[[76045,37110],[-2,-13],[19,-6]],[[76062,37091],[9,-3]],[[76071,37088],[16,-6]],[[76087,37082],[15,-9],[4,11]],[[76106,37084],[15,-20]],[[76121,37064],[15,-1]],[[76136,37063],[11,5]],[[76147,37068],[25,-10]],[[76172,37058],[0,-20],[24,11]],[[76196,37049],[14,-16]],[[75934,37071],[15,42]],[[75920,37063],[5,23]],[[75925,37086],[5,22]],[[75930,37108],[-1,14]],[[75882,37075],[10,17]],[[75892,37092],[33,-6]],[[75865,37071],[1,27]],[[75866,37098],[19,9],[7,-15]],[[75866,37098],[-11,17],[14,3]],[[75869,37118],[29,-4]],[[75898,37114],[18,-12],[14,6]],[[75898,37114],[16,6],[-4,14]],[[75869,37118],[3,23]],[[75916,37233],[-19,7],[-8,-25]],[[75889,37215],[-11,4]],[[75878,37219],[-9,19],[12,20]],[[75881,37258],[46,4],[13,-17]],[[75940,37245],[-24,-12]],[[75871,37175],[2,21]],[[75873,37196],[5,23]],[[75889,37215],[-5,-28],[-1,-6],[-5,-11]],[[75916,37233],[-12,-51]],[[75904,37182],[-4,-12]],[[75940,37245],[2,-1]],[[75942,37244],[-10,-46]],[[75932,37198],[-3,-14]],[[75929,37184],[-25,-2]],[[75929,37184],[17,-3]],[[75946,37181],[10,-2]],[[75956,37179],[-2,-10],[16,9]],[[75970,37178],[17,-3],[8,-21],[-13,-15]],[[75982,37139],[-8,21],[-25,-5]],[[75949,37155],[-10,19],[-16,-18]],[[75863,37179],[10,17]],[[75932,37198],[14,-17]],[[75949,37155],[-1,-2]],[[75956,37179],[14,-1]],[[75982,37139],[-2,-7]],[[75942,37244],[-2,18],[33,14]],[[75973,37276],[52,-22],[-11,42],[20,18]],[[76034,37314],[23,2]],[[76057,37316],[7,-10]],[[76064,37306],[-4,-29],[6,-5]],[[76066,37272],[-8,-13]],[[76058,37259],[-26,-9],[6,-20]],[[76038,37230],[-4,-8]],[[76034,37222],[-6,-7]],[[76028,37215],[-17,-7],[-5,-19],[10,-7]],[[76016,37182],[-17,-23],[11,-4]],[[76010,37155],[-9,-35]],[[76059,37323],[4,5]],[[76063,37328],[5,-4]],[[76068,37324],[-9,-1]],[[76089,37357],[-24,-25]],[[76065,37332],[-23,32],[4,21]],[[76046,37385],[43,-28]],[[75973,37276],[-23,12]],[[75950,37288],[1,2]],[[75951,37290],[9,3]],[[75960,37293],[7,-4]],[[75967,37289],[17,-13],[37,37]],[[76021,37313],[13,1]],[[76058,37259],[7,-22],[18,5]],[[76083,37242],[12,-5]],[[76095,37237],[2,-17],[-12,-4]],[[76085,37216],[-8,11],[-19,-6]],[[76058,37221],[-20,9]],[[76058,37221],[-3,-8]],[[76055,37213],[-21,9]],[[76055,37213],[-6,-10]],[[76049,37203],[-21,12]],[[76085,37216],[-11,-28]],[[76074,37188],[-20,-5],[-5,20]],[[76074,37188],[9,-11],[-20,-18]],[[76063,37159],[-47,23]],[[76063,37159],[-8,-18]],[[76055,37141],[-20,7]],[[76035,37148],[-25,7]],[[76035,37148],[-14,-38]],[[76055,37141],[-10,-31]],[[76095,37237],[13,13],[-3,14]],[[76105,37264],[8,11],[-19,7]],[[76094,37282],[-2,1]],[[76092,37283],[1,3]],[[76093,37286],[23,-2],[5,21]],[[76121,37305],[9,22]],[[76130,37327],[8,23]],[[76138,37350],[8,11]],[[76146,37361],[10,-1]],[[76156,37360],[5,-13]],[[76161,37347],[-11,-9],[8,-16]],[[76158,37322],[-3,-2]],[[76155,37320],[-10,0],[-4,-24]],[[76141,37296],[-14,-8],[6,-28]],[[76133,37260],[-18,-7],[5,-13]],[[76120,37240],[-15,-4],[3,-15]],[[76108,37221],[-3,-19]],[[76105,37202],[-7,-17]],[[76098,37185],[-6,-17]],[[76092,37168],[-21,-52]],[[76071,37116],[-9,-25]],[[76265,37219],[-43,8],[-7,-18]],[[76215,37209],[-1,-18]],[[76214,37191],[-1,-18]],[[76213,37173],[-3,-19]],[[76210,37154],[-8,-16]],[[76202,37138],[-8,-18],[12,-7],[12,12],[32,-5]],[[76196,37049],[3,28],[-10,10]],[[76189,37087],[-15,34],[-12,7]],[[76162,37128],[2,6]],[[76164,37134],[15,-5],[11,26]],[[76190,37155],[1,7]],[[76191,37162],[4,25]],[[76195,37187],[0,17]],[[76195,37204],[-3,23]],[[76192,37227],[7,26]],[[76199,37253],[21,10],[40,-7]],[[76071,37116],[0,-28]],[[76092,37168],[20,-7]],[[76112,37161],[-25,-79]],[[76105,37202],[19,-7]],[[76124,37195],[-6,-17]],[[76118,37178],[-20,7]],[[76112,37161],[21,-10]],[[76133,37151],[-27,-67]],[[76124,37195],[16,-6]],[[76140,37189],[-7,-19]],[[76133,37170],[-15,8]],[[76133,37151],[13,6],[18,-23]],[[76162,37128],[-9,3],[-2,-10],[-2,-8],[-1,-2],[-1,-2]],[[76147,37109],[-6,2],[-20,-47]],[[76147,37109],[4,-9]],[[76151,37100],[-15,-37]],[[76151,37100],[9,2],[-13,-34]],[[76172,37058],[17,29]],[[76108,37221],[36,-15]],[[76144,37206],[-4,-17]],[[76256,37157],[-43,6],[-3,-9]],[[76213,37173],[44,-7]],[[76133,37170],[16,-7]],[[76149,37163],[25,-9],[0,10]],[[76174,37164],[16,-9]],[[76144,37206],[18,-7]],[[76162,37199],[-17,-19],[9,-6]],[[76154,37174],[-5,-11]],[[76162,37199],[18,-8]],[[76180,37191],[-16,-8],[-2,16]],[[76154,37174],[18,-4]],[[76172,37170],[2,-6]],[[76172,37170],[10,8],[9,-16]],[[76180,37191],[15,-4]],[[76251,37128],[-49,10]],[[76120,37240],[4,-2]],[[76124,37238],[19,-3]],[[76143,37235],[13,-13],[9,-1],[1,4]],[[76166,37225],[11,-5]],[[76177,37220],[8,-13]],[[76185,37207],[10,-3]],[[76177,37220],[2,0]],[[76179,37220],[6,-13]],[[76179,37220],[13,7]],[[76143,37235],[2,4]],[[76145,37239],[0,1]],[[76145,37240],[17,5]],[[76162,37245],[4,-20]],[[76133,37260],[5,-2]],[[76138,37258],[7,-18]],[[76145,37239],[-21,-1]],[[76138,37258],[12,15],[22,-11]],[[76172,37262],[-10,-17]],[[76194,37264],[5,-11]],[[76172,37262],[9,6]],[[76181,37268],[8,-1]],[[76262,37202],[-47,7]],[[76260,37184],[-46,7]],[[75881,37258],[8,17]],[[75889,37275],[25,-9],[6,14]],[[75920,37280],[15,1]],[[75935,37281],[15,7]],[[75889,37275],[0,9]],[[75889,37284],[31,-4]],[[75889,37284],[12,11]],[[75901,37295],[34,-14]],[[75901,37295],[19,23],[14,-7]],[[75934,37311],[10,-16]],[[75944,37295],[7,-5]],[[75934,37311],[-10,20],[16,27]],[[75940,37358],[19,5],[19,-14]],[[75978,37349],[-34,-54]],[[75978,37349],[9,-12]],[[75987,37337],[-27,-44]],[[75987,37337],[19,-2]],[[76006,37335],[-30,-44],[-9,-2]],[[76006,37335],[14,-5],[1,-17]],[[75940,37358],[9,15],[17,1]],[[75966,37374],[5,-13],[23,5],[14,46]],[[76008,37412],[3,9]],[[76011,37421],[40,-27]],[[76051,37394],[-5,-9]],[[76065,37332],[-2,-4]],[[76059,37323],[-2,-7]],[[75966,37374],[10,29],[18,-4],[14,13]],[[76051,37394],[24,-23],[27,-5]],[[76102,37366],[-13,-9]],[[76215,37323],[-9,3]],[[76206,37326],[0,13]],[[76206,37339],[9,-16]],[[76201,37338],[-16,-2]],[[76185,37336],[0,19]],[[76185,37355],[20,-15]],[[76205,37340],[-4,-2]],[[76156,37360],[25,-3]],[[76181,37357],[-13,-13]],[[76168,37344],[-7,3]],[[76138,37350],[-24,-1]],[[76114,37349],[-8,17]],[[76106,37366],[40,-5]],[[76066,37272],[5,10],[21,1]],[[76094,37282],[1,-13]],[[76095,37269],[-17,-9],[5,-18]],[[76064,37306],[29,-20]],[[76105,37264],[-10,5]],[[76102,37366],[4,0]],[[76114,37349],[-9,-25]],[[76105,37324],[-10,1]],[[76095,37325],[-5,-10]],[[76090,37315],[-22,9]],[[76095,37325],[8,-2]],[[76103,37323],[3,-1]],[[76106,37322],[-1,-3]],[[76105,37319],[-15,-4]],[[76155,37320],[-6,-27]],[[76149,37293],[-8,3]],[[76121,37305],[-16,14]],[[76106,37322],[24,5]],[[76105,37324],[-2,-1]],[[76149,37293],[26,-1]],[[76175,37292],[3,-1]],[[76178,37291],[3,-23]],[[76168,37344],[-10,-22]],[[76181,37357],[4,-2]],[[76185,37336],[-2,-13],[-18,-22],[10,-9]],[[76207,37314],[-29,-23]],[[76205,37340],[1,-1]],[[76206,37326],[3,-7]],[[75800,36853],[-3,5],[-60,-22],[-3,13],[-18,-5],[2,-13],[-36,-2],[-182,82],[-135,-12],[-7,8],[-26,-7],[-77,-6],[-18,102],[-37,1],[-14,164],[-12,28]],[[75174,37189],[28,88],[43,52],[103,106],[31,21],[45,10],[113,38],[30,17],[33,12],[45,47],[10,28]],[[75655,37608],[38,33],[27,16],[45,13]],[[75765,37670],[52,10],[30,-6],[46,27],[1,23],[12,-1],[-11,-22],[12,-17],[-14,-9],[-9,-32],[12,-32],[2,-45],[28,-63],[42,-39],[21,-26],[22,-17]],[[76455,37547],[-90,89],[-53,57],[5,72],[-14,1],[-1,29],[-62,42],[28,45],[-68,37],[0,21],[-27,12],[-3,21],[-24,-2],[-11,32],[-30,12],[35,42],[5,-8],[44,45],[12,-8],[6,41],[-23,-18],[-36,-41],[-21,17],[-29,-12],[-66,-44]],[[76032,38029],[-9,11],[34,55],[11,65],[-17,55],[-21,56],[-28,63],[-5,23],[52,84],[29,-17],[-4,31],[-12,2]],[[76062,38457],[34,11],[28,23],[34,-12],[33,-4],[5,-11],[56,-2],[28,-14],[-13,-17],[13,-13],[14,12],[-4,17],[38,-2],[15,-15],[26,-8],[19,-20],[9,1],[19,33],[16,56],[22,-42],[80,10],[0,8],[32,-4],[5,-22],[47,-2],[46,-8],[91,19],[37,20],[23,7]],[[76815,38478],[37,-85],[-66,-176],[44,-17],[-16,-50],[15,-37],[5,-24],[-26,-15],[9,-17],[-13,-26],[-15,-6],[13,-70],[159,13],[114,34]],[[76815,38478],[21,41],[139,299],[109,60]],[[77084,38878],[164,88],[135,46],[93,37],[110,16]],[[75765,37670],[-10,26],[-16,14],[47,2],[35,-4],[29,26],[14,-5],[31,5],[-13,8],[15,14],[-12,7],[6,17],[26,-2],[2,16],[-22,2],[8,25],[24,1],[17,69],[16,41],[37,61],[33,36]],[[78758,36800],[-122,-83],[-942,-485],[-203,-51],[-6,21],[-87,-23],[-43,-16],[22,-69],[-56,-20],[-45,-21],[-2,-10],[-24,-9],[-20,30],[-21,0],[-277,-69],[-14,8],[-99,1],[-9,-10],[18,-123],[-11,-139],[-18,-6],[-64,10],[-3,-34],[-85,15],[-18,-109],[3,-1],[-32,-184],[-107,-69],[-55,-13],[-875,-1],[-151,52]],[[75412,35392],[160,115],[78,50],[-10,119]],[[75640,35676],[188,96],[42,36],[42,59],[64,36],[23,29],[56,40],[17,26],[45,32],[10,57],[-12,14],[75,80],[26,53],[43,102],[37,124],[18,20],[30,85],[24,54],[-7,29]],[[75655,37608],[-79,-73],[-1,12],[-26,42],[-13,-4],[-21,19],[1,12],[-20,16],[-45,53],[-23,20],[8,24]],[[75436,37729],[74,121],[23,76],[25,-12],[29,7],[-15,57],[-14,4],[-8,33],[-40,28],[-10,15],[8,24],[-3,30],[8,15],[-17,5],[-66,-15],[-16,43],[-13,-3],[-67,110]],[[75334,38267],[1,7],[-28,49],[17,20],[23,3],[10,33],[-26,13],[26,2],[29,-19],[25,-1],[38,13],[84,-12],[1,16],[20,49],[-2,17],[59,-3],[0,5],[-48,3],[34,84],[16,31],[20,22],[26,8],[40,-10],[1,-34],[55,16]],[[75755,38579],[38,8],[59,-5],[44,1],[50,-21]],[[75946,38562],[13,-74],[19,9],[14,-9],[50,-10],[20,-21]],[[75640,35676],[-19,23],[-85,51],[-63,78],[-51,103],[-63,91],[-28,85]],[[75331,36107],[22,47],[17,-7],[47,111],[22,42],[-10,6],[20,33],[-3,24],[17,35],[16,-7],[12,33],[15,-8],[-1,-15],[16,-7],[40,22],[5,8],[19,-11],[24,-3],[43,-23],[34,-4],[64,13],[0,-15],[15,13],[-49,305],[48,19],[45,7]],[[75331,36107],[-11,-4],[-50,46],[-53,65],[-40,13],[-16,14],[-6,30],[-24,54],[-16,46],[-22,28],[10,18],[-10,9],[-25,0],[-12,20],[-38,17],[-45,57],[-17,31],[-8,43],[4,55],[8,30],[4,88]],[[74964,36767],[0,65],[5,152],[-2,25]],[[74967,37009],[38,-2],[46,27],[15,66],[48,50],[51,40],[9,-1]],[[74018,38039],[80,11]],[[74098,38050],[23,-3],[39,-27]],[[74160,38020],[-20,-34],[3,-132],[11,-141],[11,-76],[-4,-22],[10,-90],[49,-55],[-23,-60],[-28,-114],[-32,-100],[-57,-145],[-9,-37],[-3,-42],[17,-26],[10,-35]],[[74095,36911],[-7,1],[-16,39],[-9,-3],[1,-43],[-62,-16],[-2,-23],[-26,-35],[-24,-23],[-10,-42],[11,-1],[3,-55],[-8,-31],[-16,-14],[-24,-38],[-48,6],[-28,-14],[-5,-29],[-13,-15],[-36,20],[-49,8],[-28,18],[-14,-6],[-56,33],[-18,-3],[-4,14],[-76,-2],[-3,6],[-33,-4],[-94,-20],[-4,21],[-45,-10],[0,-7],[-66,-3]],[[73286,36640],[-56,-1],[-13,5],[-10,31],[26,10],[3,69],[-3,17],[-33,41],[2,14],[-29,49],[49,8],[9,24],[0,122],[9,112],[-40,169],[48,7],[4,15],[28,6],[-4,17],[31,14],[-3,-36],[40,9],[11,86],[195,8],[1,-4],[65,3],[-19,55],[-25,31],[-71,113],[-21,73],[12,12]],[[73492,37719],[-19,82],[-10,65],[19,14],[25,4],[-3,115],[63,-8],[33,3],[11,-30],[25,10],[55,-17],[12,3],[75,62],[68,43],[41,6],[109,-31],[22,-1]],[[74095,36911],[112,27],[63,18],[117,14],[5,-42],[23,-4],[43,6],[4,-90],[17,-15],[2,-44],[53,-2],[22,-12],[42,0]],[[74598,36767],[-14,-96],[-4,-71],[4,-55],[17,-77],[23,-66],[43,-111],[-112,-14],[-95,-21],[-100,-27],[-59,-19],[-84,-34],[-69,-31],[-13,-10],[-3,-31],[-17,-39],[42,-178],[12,-35]],[[74169,35852],[-23,-5],[-3,-31],[-10,-14],[-50,-12],[-16,40],[-77,-16],[3,-34],[-113,-11],[-5,11],[-27,-15],[-177,-15],[-49,2],[-26,6],[-22,-25]],[[73574,35733],[-19,41]],[[73555,35774],[-42,95],[-22,54],[-72,133],[-14,42],[-24,58],[-50,61],[-29,45],[-33,70],[-22,35],[-76,102],[-43,55]],[[73128,36524],[-13,19],[62,33],[19,-23],[17,17],[12,39],[37,19],[37,6],[-13,6]],[[74964,36767],[-76,4],[-136,1],[-73,7],[-1,-13],[-80,1]],[[74160,38020],[95,154],[84,23],[105,33],[100,3],[11,-80]],[[74555,38153],[10,-149],[23,-29],[11,-32],[13,-14],[77,-40],[31,-3],[17,-27],[-3,-32]],[[74734,37827],[-5,-6],[4,-46],[-9,-66],[0,-20],[54,-103],[6,-38],[-8,1],[-11,-36],[16,-103],[12,-124],[27,-34],[0,-27],[16,-44],[26,-34],[12,-45],[5,-48],[18,-44],[70,-1]],[[73128,36524],[-95,-19],[3,-17],[-72,-14],[-3,17],[-31,-6],[22,-113],[-6,-15],[8,-35],[-78,-15],[-38,-30],[-22,-25],[-48,-81],[-23,-61]],[[72745,36110],[-64,95],[11,37],[-14,48],[-12,20],[-25,22],[-46,8],[-51,28],[-23,56],[-49,83],[-24,60],[-23,88],[9,23],[-44,62],[-1,73],[-10,32],[-29,52],[-18,17],[-10,72],[7,32],[14,30],[67,80],[14,30],[1,44],[-34,153],[-25,68],[-45,83],[-45,66],[-21,44]],[[72255,37616],[21,45],[42,5],[33,19],[6,38],[46,1],[25,15],[48,40],[44,26],[54,5],[50,-9],[19,4],[25,35],[12,46],[66,103],[8,92]],[[72754,38081],[13,0],[49,-18],[54,-59],[53,-73],[18,76],[50,3],[-3,26],[31,-8],[30,-53],[62,-39],[25,-5],[88,-55]],[[73224,37876],[8,-11],[60,-21],[65,-49],[70,-43],[65,-33]],[[73555,35774],[-25,-37],[-106,-14],[-22,18],[-9,-12],[-28,-13],[-137,-33],[-45,70],[-16,0],[0,-14],[-65,5],[-2,-50],[-13,-40]],[[73087,35654],[-73,40],[-28,26],[-25,48],[-32,46],[-47,84],[-51,85]],[[72831,35983],[-9,18],[-77,109]],[[72831,35983],[-96,-44],[-23,-1],[-36,15],[-20,0],[-50,-16],[-36,13],[-29,3],[-45,29],[-285,-9],[-9,3],[-54,-9],[-131,-31],[-115,-2],[-26,-51],[-16,-3],[-52,32],[-44,-28],[-40,-7],[-228,6],[-59,1],[-53,-3],[-131,-17],[-60,-3],[-50,3],[-64,17],[-38,21],[-15,18],[-3,-10],[-20,3]],[[71003,35913],[9,26],[-3,40],[8,31],[-7,56],[-1,120],[12,82],[15,49],[11,57],[16,62],[26,2],[-13,88],[-20,88],[3,27],[43,73],[17,16],[10,-12],[9,16],[-31,85],[-10,41],[-28,10],[-3,46],[7,77],[-8,53],[12,49],[13,23],[53,35],[-44,3],[-2,15],[-85,18],[-24,-2],[30,155],[-121,32],[40,58],[40,15],[24,27],[54,10],[45,136],[-77,38],[-28,30],[-8,23],[8,28],[-4,18],[57,47],[8,19]],[[71056,37823],[23,45],[66,43],[54,24],[35,45],[-16,19],[27,32],[34,12]],[[71279,38043],[11,-17],[11,-69],[121,-22],[34,-12],[13,6],[80,-15],[44,0],[75,-49],[112,-51],[28,5],[39,-19],[18,-20],[33,-25],[94,-45],[31,-10],[87,-36],[96,-29],[49,-19]],[[73087,35654],[23,-11],[64,-63],[22,-42],[21,-18],[25,-37],[22,-13],[22,-35],[3,-21],[38,-23],[16,-40],[5,-25],[41,-20],[33,-41],[36,-29],[174,-67],[69,-2],[34,8],[58,-188]],[[73793,34987],[27,-60],[132,-184],[41,-86]],[[73993,34657],[119,-670],[-2,-304],[156,-1084]],[[74266,32599],[-33,-121]],[[74233,32478],[-1091,2099],[-40,137],[-29,50],[-25,10],[-10,43],[-31,45],[49,37],[-13,17],[-40,2],[-21,14],[-9,24],[-164,39],[-31,31],[-18,43],[-14,12],[-35,7],[-34,30],[-50,-9],[-20,17],[-44,9],[-16,17],[-66,15],[-19,-13],[-35,5],[-6,-8],[-39,6],[-34,18],[-20,-18],[-3,9],[-31,13],[-12,13],[5,26],[-32,4],[-35,-1],[-24,22],[-1,23],[-13,11],[-20,0],[-36,15],[-37,-28],[-71,80],[-38,52],[-9,1],[-67,-40],[-22,-2],[-53,53],[-93,106],[-49,18],[-26,-11],[-60,-5],[-7,-9],[-32,-9],[-51,-22],[-41,-33],[-24,-11],[-44,-52],[-23,-14],[-22,-4],[-59,6],[-22,-5],[-20,4],[-43,-12],[-40,-57],[-18,-17],[-2,12],[-73,114],[-43,81],[-14,14]],[[71023,35502],[27,91],[7,43],[-92,9],[-78,14],[-29,-2],[-36,8],[23,95],[13,-1],[4,21],[-16,3],[0,82],[49,3],[19,66],[28,1],[61,-22]],[[71023,35502],[-61,1],[12,-64],[-26,-57],[-245,21],[-1,-111],[3,-39],[-62,-26],[15,-20],[-18,-3],[-29,-182]],[[70611,35022],[-102,31],[-71,16],[-84,13],[-39,14],[-2,-9],[-104,19],[-76,18],[-44,16],[-91,36],[-73,37],[-123,50]],[[69802,35263],[46,146],[16,61],[82,-19],[9,32],[-26,69],[-44,6],[-6,-48],[-5,0],[20,124],[1,34],[16,146],[6,9],[3,66],[0,66],[-29,-4],[-48,28],[7,116],[-75,-10],[-12,-7],[3,146],[13,99],[8,1],[-11,30],[-11,52],[2,37],[65,-9],[39,-2],[-17,129],[-90,35],[6,31],[-68,43],[20,69],[63,-1],[-1,63],[-114,27],[-16,127],[99,1],[21,-6],[27,14],[19,28],[22,7],[40,32],[15,33],[49,43],[-1,31],[5,72],[-1,56],[22,7],[50,-2],[94,4],[45,22],[14,74],[34,55],[27,-2],[-1,33],[97,7],[98,-14],[59,-7],[50,5],[21,56],[64,-18],[15,93],[-215,163],[6,19],[24,16],[2,10],[44,-12],[-8,61],[26,29],[50,-52],[108,32],[-6,36],[24,6],[12,-98],[148,49],[143,79],[60,-94]],[[75412,35392],[-15,-75],[-8,-28],[37,-144],[-14,-32],[-77,-197],[1,-137],[49,-667]],[[75385,34112],[-11,-11],[-499,-624],[-374,-552],[-235,-326]],[[73993,34657],[76,199],[112,192],[125,158],[18,27],[93,4],[-17,76],[-1,20],[-16,11],[-9,42],[-15,9],[75,13],[61,16],[-5,21],[-18,28],[-47,48],[-13,21],[-31,-15],[-48,99],[-19,34],[-33,45],[-43,41],[-53,69],[-16,37]],[[73793,34987],[68,126],[-86,143],[-25,168],[-77,141],[-31,41],[-68,127]],[[74233,32478],[-121,-470],[-39,-160]],[[74073,31848],[-21,-1],[-637,-173]],[[73415,31674],[-144,-24]],[[73271,31650],[-248,193],[-202,182],[-101,100],[-303,337],[-84,100]],[[72333,32562],[-126,203],[-229,480],[-109,234],[-50,124],[-17,61],[-79,130],[-50,25],[-32,38],[-21,50],[-25,131],[-22,46],[-53,71],[-73,-15],[-19,1],[-11,16],[-23,3],[-39,49],[-37,40],[-11,0],[-10,-21],[-25,-18],[-16,-26],[-33,19],[-24,36],[-41,25],[-86,37],[-78,41],[-33,12],[-106,58],[-43,28]],[[70812,34440],[30,69],[-4,32],[4,27],[-39,3],[12,76],[-151,11],[8,87],[15,-1],[7,74],[-5,7],[-50,-6],[-13,6],[9,91],[31,-1],[9,95],[-64,12]],[[73271,31650],[-424,-238],[-224,-92],[-119,-31]],[[72504,31289],[-92,-19],[-1143,515],[-237,62],[-245,388],[-93,-24],[-56,-23],[-50,46],[-22,31],[-12,3],[-15,23],[-49,14],[10,36],[-17,12],[-58,15],[-32,-1],[-6,7],[-31,-16],[-23,22],[-20,-20],[-68,62],[-15,9]],[[70230,32431],[45,53],[12,21],[-63,62],[-109,-77],[-31,-20],[-37,-14],[-58,-6],[-200,18],[0,45],[-43,8],[42,56],[-11,52],[-132,-12]],[[69645,32617],[2,40],[-6,84],[-25,93],[-7,48],[-33,124],[-43,30],[-33,12],[3,49],[70,-21],[78,-20],[104,-35],[171,-44],[23,91],[-13,3],[-25,24],[-14,25],[-11,39],[-41,37],[-6,10],[75,180],[3,5],[-24,32],[81,39],[20,-20],[-4,-15],[102,24],[55,105]],[[70147,33556],[28,82],[11,-2]],[[70186,33636],[29,5],[47,-37],[43,-28],[16,-20],[44,-89],[6,-30],[11,-17],[4,-27],[31,-29],[32,-46],[42,-47],[42,-28],[28,-11],[118,9],[74,54],[68,107],[37,20],[2,65],[21,71],[6,-2],[17,70],[16,47],[299,-94],[-5,-14],[16,-9],[-7,-8],[14,-14],[36,29],[62,-19],[9,-16],[192,-292],[255,-259],[354,-268],[188,-147]],[[70186,33636],[22,76],[-12,2],[-28,94],[17,11],[21,33],[38,9],[15,22],[33,13],[-7,15],[-79,10],[-12,12],[2,22],[-19,23],[-7,30],[-34,61],[19,44],[29,122]],[[70184,34235],[22,23],[47,67],[33,53],[-41,43],[14,28],[-20,12],[43,97],[37,-12],[118,-9],[12,-61],[16,15],[145,-66],[67,-22],[82,9],[41,-3],[12,31]],[[75436,37729],[-16,-11],[-112,-52],[-18,-3],[-4,22],[-49,-15],[6,-30],[-36,-7],[-11,18],[-11,-4],[-16,15],[-6,21],[-29,-1],[-12,18],[-15,-1],[-5,14],[-16,-2],[-13,11],[-1,25],[-67,-8],[-51,-2],[-4,9],[-29,2],[0,10],[-30,11],[-2,-8],[-40,17],[0,32],[-13,-3],[1,-23],[-23,9],[-2,13],[-16,-5],[-2,14],[-21,9],[-13,-7],[-23,19],[-3,-9]],[[74555,38153],[29,32],[35,19],[14,15],[14,51],[-1,17]],[[74646,38287],[54,15],[30,12],[38,31],[108,1],[11,17],[57,46],[7,31],[110,78],[60,-8],[40,-38],[112,-131],[34,-35],[27,-39]],[[74098,38050],[-12,54],[21,95],[13,36],[-1,56],[-16,45],[-22,12],[-32,52],[-33,27],[-10,44],[-29,1],[-14,25],[-27,29],[-9,35],[-19,18],[7,19],[-19,24],[-24,15],[-61,15]],[[73811,38652],[-10,18],[13,21],[17,68],[18,40],[-49,10],[-60,-4],[-7,97],[-31,-9],[-4,60],[-2,91],[-21,69],[-24,29],[-43,96],[-20,50],[1,50],[-24,82],[-1,23]],[[73564,39443],[32,1],[16,90],[45,-46],[58,-38],[56,-73],[20,-30],[24,-17],[41,-9],[42,16],[31,5],[29,-4]],[[73958,39338],[75,3],[75,-6],[68,-17],[80,0],[23,-24],[34,-21],[-2,-13],[16,-45],[39,-23],[42,2],[16,11],[12,-4]],[[74436,39201],[6,-63],[17,-31],[-26,-72],[-1,-66],[55,-108],[-4,-18],[9,-46],[28,-61],[8,-47],[24,-19],[10,-60],[-7,-54],[10,-23],[-6,-52],[20,-44],[47,-92],[20,-58]],[[73224,37876],[-27,57],[90,145],[18,107],[3,80],[-2,91],[-9,-1],[10,35],[42,12],[-5,27],[69,12],[34,-5],[2,23],[12,27],[10,-1],[33,26],[105,-19],[15,69],[23,-6],[0,34],[12,10],[-17,7],[12,72],[68,-26],[79,-20],[10,20]],[[72754,38081],[-1,17],[24,62],[-96,20],[-132,18],[-12,27],[-5,29],[-13,25],[-32,17],[-34,4],[-22,141],[3,110],[-4,33],[-21,45],[55,43],[-13,36],[15,37],[48,18],[24,-6],[7,15],[-8,85],[23,2],[4,-20],[55,6],[-1,35],[-21,86],[4,7],[-68,57]],[[72533,39030],[7,1],[37,61],[-34,20],[10,34],[15,103],[22,56],[62,93],[42,54]],[[72694,39452],[62,-12],[24,0],[52,18],[34,-7],[69,-25],[16,-19],[19,0],[26,-29],[46,-16],[52,-2],[84,16],[63,30],[32,28],[44,5],[58,137],[58,-20],[84,-43],[-3,-25],[-22,-44],[47,-7],[25,6]],[[72533,39030],[-57,-8],[-13,2],[-20,-14],[-6,13],[-53,-25],[-22,-18],[-20,-1],[-26,20],[5,43],[-3,30],[-9,15],[-11,45],[-28,34],[22,28],[5,16],[-74,14],[-31,43],[-37,4],[-44,-4],[-19,11],[-114,15],[-91,3],[-47,-35],[-94,-40],[-48,-8],[-34,-27],[-26,1],[-28,-7],[-31,-17],[-47,-1],[-46,23]],[[71486,39185],[16,44],[14,19],[32,29],[37,42],[0,87],[-30,-12],[-16,37],[69,64],[36,3],[25,36]],[[71669,39534],[83,1],[-3,-23],[14,-35],[51,-9],[87,-2],[42,4],[57,72],[41,-1],[24,50],[11,51]],[[72076,39642],[20,-15],[48,-27],[50,1],[23,-30],[29,-8],[33,-21],[43,8],[33,17],[23,-19],[37,3],[16,-27],[26,-2],[50,-19],[10,2],[43,30],[29,5],[28,-4],[4,-47],[30,-18],[43,-19]],[[71279,38043],[1,28],[-11,21],[-64,50],[-23,21],[-10,21],[-37,36],[-97,31],[-29,4],[-82,35],[-15,32],[-32,33],[-6,23],[-30,73],[-33,52],[-20,25],[-57,25],[-23,19],[-17,-8],[-5,14]],[[70689,38578],[-5,24],[-22,27],[-28,9],[-36,23],[5,15],[-11,10],[38,13],[2,19],[35,10],[71,48],[32,3],[54,-27],[58,31],[24,36],[-7,23],[-32,8],[-27,29],[-28,11],[-8,34],[19,18],[41,-2],[33,26],[50,-44],[35,7],[38,-4],[27,-28],[30,-15],[32,-31],[24,2],[15,17],[42,16],[35,27],[32,32],[13,30],[4,45],[10,11],[52,19],[20,18],[15,39],[19,13],[36,1],[22,12],[28,31],[10,21]],[[80914,37755],[784,-1599],[-224,-872],[-1384,-1196]],[[80090,34088],[-128,124],[-1388,804],[-53,-2],[-79,17],[-72,18],[-157,100],[-338,264],[-400,-92],[-2,-33],[-11,-108],[8,-39],[-10,1],[-9,-101],[9,-89],[-15,-14],[-107,51],[-22,25],[-19,-25],[-10,-42],[-2,-33],[5,-104],[-3,-50],[-7,-23],[-105,-4],[-169,-4],[11,120],[-38,3],[-11,-11],[-52,18],[-27,13],[-16,20],[-30,-72],[-1,-12],[45,-35],[1,-6],[-116,-34],[-27,94],[-189,-57],[-8,4],[-1,127],[-32,5],[-38,-204],[-111,-398],[-25,-122],[-65,-20],[-10,-9],[-61,-78],[-433,-365],[-387,402]],[[80090,34088],[-1079,-936],[-229,-1501],[-1696,-1673]],[[77086,29978],[-772,455],[-44,23],[-69,32],[-195,94]],[[76006,30582],[-201,117],[-592,380],[-258,163],[-882,606]],[[75323,39438],[-93,-26],[-61,-43],[-85,-51],[-96,-34]],[[74988,39284],[-24,40],[-20,43],[-57,79],[-38,42],[41,11],[-12,40],[10,3],[-23,41],[7,17],[-13,42],[21,19],[-5,35],[-17,4],[-4,50],[-37,-25],[-55,-8],[-8,60],[-24,13],[-62,49],[-24,36],[-3,36],[-49,15],[-44,22],[-25,3],[-47,-20],[-65,29],[-7,14],[-33,16],[-25,28],[-20,10],[-57,3],[-67,-18],[-70,-37]],[[74132,39976],[-39,1],[-21,16],[-42,4],[-49,-32],[-22,0],[-29,19],[17,35],[-31,32],[18,22],[8,45],[15,38],[-18,72]],[[73939,40228],[31,-4],[62,3],[70,-11],[19,-7],[77,2],[31,13],[43,8],[49,2],[9,-12],[43,-1],[19,22],[39,-61],[25,18],[-10,21],[9,4],[45,-25],[-4,-29],[15,-12],[-2,-21],[-14,-21],[37,-25],[49,-12],[92,2],[25,-9],[1,9],[70,5],[1,5],[38,1],[87,9],[22,-5],[33,5],[53,-8],[59,14],[40,-30],[27,-10],[28,-3],[-54,56],[-18,25],[5,50],[-6,4],[7,69],[14,87],[29,-31],[43,16],[-22,59],[57,12],[-1,89],[-7,21],[44,12],[18,19],[-5,41],[18,2],[-10,25],[12,39],[25,-8],[16,38],[18,18],[35,2],[22,-4],[-15,15],[7,8]],[[75389,40729],[37,7],[9,-5],[1,-22],[23,15],[40,1],[21,28],[2,39],[27,-17],[20,25],[31,22],[63,19],[30,0],[9,-7]],[[75702,40834],[64,-55],[38,5],[57,3],[67,-5],[27,6],[53,35],[36,-17],[31,24],[22,33],[29,59],[20,10],[40,32],[171,35]],[[76357,40999],[28,-52],[24,-2],[11,19],[-4,16],[24,8],[25,-18],[34,10],[25,-21],[48,-15]],[[76572,40944],[18,-61],[29,-49],[37,-53],[-16,-15],[-35,17],[-32,3],[34,-197],[-73,-91],[-107,16],[-153,-200],[6,-31],[40,-49],[-241,-298]],[[76079,39936],[-100,-4],[-29,8],[-133,-123],[-39,-4],[-36,-26],[6,-13],[-10,-49],[-29,-38],[-17,-28],[-25,17],[-6,-22],[-57,-18],[-4,-23],[-14,7],[-7,-66],[11,-25],[-15,-15],[-13,28],[-33,25],[-17,30],[-3,31],[-51,-11],[-42,-37],[-41,-27],[-44,-11],[-20,-36],[-5,-20],[17,-23],[0,-25]],[[76079,39936],[43,-35],[58,-14],[51,-6],[5,-27]],[[76236,39854],[-28,-3],[-76,-29],[-11,-8],[-46,-14],[10,-11],[-26,-25],[10,-31],[42,-40],[-2,-17],[34,0],[12,-18],[-10,-15],[-4,-31],[6,-21],[-11,-8],[13,-30],[88,-56],[-12,-73],[-4,-66],[19,-13],[-6,-88],[-26,-4],[-2,-39],[23,-10],[6,-33]],[[76235,39171],[-12,-50],[10,-16],[-6,-58],[2,-24],[-23,1],[-3,30],[-22,12],[-17,0],[3,-72],[-15,1],[-2,-39],[-12,9],[1,23],[-34,24],[-20,-21],[-44,-3],[-8,-29],[-9,0],[-1,-57],[-20,0],[0,12],[-34,0],[-4,-17],[-116,-28],[-17,9],[-15,-9]],[[75817,38869],[-72,53],[-3,-6],[-51,28],[-5,13],[-53,35],[-23,12]],[[75610,39004],[-13,5],[-157,95],[-57,55],[-57,19],[-4,14],[20,67],[-14,-13],[-15,5],[5,17],[-24,8],[9,44],[15,-2],[5,120]],[[73939,40228],[6,189],[6,13],[52,75],[-16,16],[-25,43]],[[73962,40564],[221,133],[19,8],[28,-1],[-8,10],[47,17],[-4,36],[70,-2],[0,-57],[-5,-12],[118,-3],[43,10],[56,21],[9,-27],[4,17],[33,0],[18,11],[5,-16],[16,5],[2,-19],[55,1],[23,8],[2,22],[145,39],[23,1],[36,-10],[-11,-38],[10,-1],[69,20],[-9,24],[88,23],[7,-24],[-41,-11],[23,-75],[46,18],[54,57],[151,72],[9,-21],[17,0],[-18,-21],[20,-29],[56,-21]],[[73962,40564],[-36,72],[-19,52],[-15,61]],[[73892,40749],[27,31],[44,87],[38,56],[42,78]],[[74043,41001],[13,22],[47,47],[26,2],[93,-7],[62,-10],[124,36],[54,33],[55,144],[2,67],[-10,23],[4,56],[-7,47],[10,36],[-19,24],[-47,37],[12,20],[25,4],[39,-44],[25,33],[16,-18],[33,63],[37,23],[10,-24],[32,-94],[12,-15],[11,-49],[70,-11],[65,141],[-25,15],[6,10],[24,-13],[256,564]],[[75098,42163],[-2,-15],[19,3],[29,-27],[8,-85],[-18,-91],[78,-4],[53,2],[47,-4],[61,12],[28,20],[38,51],[2,13]],[[75441,42038],[41,-60],[23,-6],[-12,-12],[15,-26],[129,-198],[48,-65]],[[75685,41671],[17,-24],[26,-75],[4,-22],[13,-190],[2,-50],[-41,-47],[-15,-11],[-46,-16],[-34,2],[-63,21],[6,-18],[43,-25],[7,-35],[-13,-19],[-70,-43],[6,-31],[-21,-7],[21,-20],[-23,-42],[-19,-26],[34,-17],[24,-38],[25,18],[21,-1],[12,-68],[33,5],[6,-18],[42,1],[7,32],[18,-9],[3,-55],[-8,-9]],[[75685,41671],[12,-2],[38,28],[11,-14],[28,-14],[16,-20],[23,44],[77,-33],[76,12],[4,-67],[-4,-19],[58,-28],[31,22],[6,-35],[-18,-33],[37,4],[39,20],[129,75]],[[76248,41611],[76,46],[54,29],[29,-5],[21,-56],[24,-75],[11,-44],[6,-81],[-9,-7],[1,-40],[-144,-44],[19,-171],[10,-20],[-2,-45],[13,-99]],[[74436,39201],[12,43],[22,9],[105,-225],[29,-51],[20,56],[44,56],[47,49],[38,33],[53,37],[75,38],[107,38]],[[75610,39004],[-9,-18],[12,-52],[-13,-36],[9,-33],[-4,-32],[18,-23],[4,-46],[11,-62],[22,-44],[2,-41],[11,-9],[51,-16],[6,-15],[25,2]],[[75817,38869],[23,-23],[39,-51],[32,-77],[8,-42],[-36,-2],[5,-83],[49,5],[9,-34]],[[73958,39338],[1,19],[-12,1],[13,33],[9,158],[6,294],[29,67],[68,-53],[15,20],[22,-2],[-7,24],[9,30],[20,-8],[10,19],[-9,36]],[[76235,39171],[20,-15],[88,-19],[12,-26],[112,-2],[16,3],[67,-2],[71,-64],[27,10],[59,-54],[28,9],[62,-10],[287,-123]],[[76236,39854],[20,-27],[31,-18],[52,-12],[29,2],[8,-19],[47,13],[48,48],[33,-2],[-11,-27],[44,5],[24,20],[14,-3],[19,-42],[22,-1],[9,-11],[27,4],[15,-20],[16,7],[-5,13],[21,-6],[-2,-10],[30,5],[-5,-44],[15,-7],[-5,-52],[-15,-15],[16,-39],[64,18],[16,-26],[18,21],[55,6],[21,20],[-4,38],[7,8],[74,39],[17,15],[83,55],[245,97],[493,184],[1463,376]],[[76572,40944],[41,-24],[14,-1],[28,16],[79,92],[223,180],[1717,272]],[[78674,41479],[611,-1012]],[[76248,41611],[-27,81],[38,18],[142,74],[-15,43],[15,-1],[-4,18],[27,8],[-8,32],[45,5],[16,21],[14,-6],[0,-20],[44,0],[98,7],[1883,-44]],[[78516,41847],[158,-368]],[[75441,42038],[-5,13],[19,18],[1,14],[-31,25],[-23,7],[14,82],[-16,58],[51,14],[30,13],[85,-10],[7,12],[4,68],[87,19],[5,36],[60,1],[55,-11],[-8,44],[-11,18],[-32,31],[-45,59]],[[75688,42549],[68,15],[61,-14],[2,-7],[77,-35],[19,-1],[58,40],[9,12],[1,36],[15,22],[36,-6],[4,22],[11,-18],[11,2],[65,61],[6,11],[32,6],[33,13],[-4,17],[34,12],[46,36],[68,47],[120,66],[131,57],[590,287],[964,306]],[[78145,43536],[273,-992],[98,-697]],[[75688,42549],[-35,-7],[-25,19],[6,51],[23,33],[36,-13],[41,46],[35,-19],[29,-3],[61,12],[56,25],[42,6],[50,-5],[-26,54],[-7,-3],[-29,28],[-40,30],[-15,19],[-67,1],[-20,13],[-27,37],[-67,43],[4,-21],[-94,98],[-25,49],[-47,46],[-27,3],[54,29],[-22,43],[-26,-9],[-49,51],[17,15],[-23,37],[-3,34],[42,26],[31,-20],[29,8],[31,-9],[4,29],[9,16],[-143,163],[4,9],[115,5],[80,1],[0,50],[176,61],[36,14],[1818,707]],[[77700,44351],[445,-815]],[[75098,42163],[-9,8],[-22,-48],[-69,5],[-63,-8],[5,65],[26,12],[-10,38],[7,29],[-41,41],[-13,-15],[-14,2],[7,17],[-25,-3],[-4,29],[-24,5],[-18,38],[-62,-8],[-8,14],[28,20],[-4,13],[20,37],[37,22],[11,21],[27,25],[19,41],[-19,24],[-24,8],[-78,51],[10,11],[-1,26],[-13,15],[9,13],[28,80],[1,30],[-16,-35],[-21,-27],[-51,-25],[-36,-59],[-13,-9],[-84,-6],[-39,2],[-44,-11],[-48,-22],[-75,-26],[-22,0],[-53,23],[-64,10],[-118,29],[-73,-44],[-58,-64],[-15,18],[-2,49],[6,34],[-8,53],[-19,5],[6,54],[-64,15],[-48,34],[-4,12],[-72,67],[-11,-20],[-103,79]],[[73663,42957],[3,5],[85,54],[-12,96],[-5,68],[-18,-2],[4,23],[12,1],[1,29],[-76,5],[17,37],[17,17],[-44,17],[-46,5],[-49,147],[40,48],[-47,-3],[-50,89],[26,50],[28,3],[217,69],[49,-12],[-3,13],[28,44]],[[73840,43760],[24,17],[136,14],[11,-6],[-6,45],[25,6],[51,-3],[-2,34],[20,0],[10,30],[18,6],[28,-5],[18,9],[6,18],[20,-9],[33,21],[43,7],[-10,-106],[-24,-11],[-19,-23],[-28,-22],[-3,-48],[65,-2],[-3,-113],[28,3],[-10,-64],[14,1],[-2,-43],[160,-24],[13,38],[29,45],[43,-5],[8,-30],[79,-33],[-5,-17],[61,-26],[45,6],[15,18],[-5,97],[171,66],[-15,92],[35,-13],[21,10],[20,-40],[21,-27],[14,5],[12,-15],[19,18],[15,-16],[78,24],[12,-2],[32,19],[34,-5],[28,8],[-1,-25],[97,32],[75,13],[52,27],[51,19],[20,40],[15,12],[11,90],[17,34],[88,34],[0,8],[72,27],[139,58],[1841,273]],[[73840,43760],[-27,19],[-144,113],[-42,38]],[[73627,43930],[34,105],[47,43],[-33,112],[-11,14],[-215,101],[8,78],[-83,4],[-5,21],[-18,27],[-30,17],[-5,-30],[-27,3],[-128,362]],[[73161,44787],[95,-17],[28,-76],[72,-19],[27,12],[105,35],[386,-76],[25,1],[67,-16],[18,-18],[37,-4],[17,-31],[17,-14],[186,-36],[17,29],[36,16],[-15,27],[28,17],[41,-1],[270,7],[95,-32],[86,-13],[64,4],[34,41],[-24,97],[7,47],[41,16],[41,31]],[[74962,44814],[4,-45],[-1,-54],[5,-41],[-23,-10],[23,-58],[-2,-52],[21,-4],[-4,-38],[-17,-78],[80,-17],[-36,-185],[70,-16],[-13,-36],[57,-11],[30,102],[12,-4],[80,1],[-14,-20],[15,-24],[27,-8],[9,-35],[17,-7],[-9,-18],[16,-22],[-7,-40],[19,-2],[8,20],[26,-3],[1,-15],[-18,0],[-5,-25],[21,-2],[39,-16],[-5,27],[16,0],[-1,-35],[47,-32],[21,-10],[50,-10],[-7,57],[68,26],[-12,32],[82,31],[240,153],[1778,333]],[[77670,44623],[30,-272]],[[74962,44814],[28,25],[18,40],[21,10],[13,18],[-3,40],[25,-1],[36,16],[49,-13],[6,36],[55,-13],[65,11],[29,-18],[47,-22],[16,-12],[60,15],[15,-15],[36,-60],[66,-33],[10,20],[43,-13],[-10,-24],[71,-23],[10,16],[39,-29],[50,-2],[125,60],[114,19],[112,1],[162,-16],[1400,-224]],[[75730,48294],[-8,-62],[4,-36],[31,-96],[3,-28],[60,-58],[30,-37],[27,0],[6,13],[15,-3],[4,-23],[-7,-31],[33,-106],[27,-6],[90,-4],[23,-7],[79,-48],[46,-15],[41,-7],[51,-16],[13,38],[129,-18],[118,269],[-12,22],[11,12],[9,-16],[55,125],[-56,51],[-126,134],[10,9],[70,-66],[48,-64],[63,-50],[27,25],[367,501],[59,76]],[[77070,48772],[566,-606],[122,-210],[84,-257],[17,-286],[-63,-506]],[[77796,46907],[-583,-112],[-268,175],[-60,11],[1,18],[-17,15],[-15,24],[-38,-4],[-12,-16],[-25,6],[-8,-53],[-24,-6],[-56,27],[-83,14],[-6,-3],[-94,9],[-10,-13],[-30,15],[-70,-3],[-11,-9],[-13,18],[19,16],[-22,8],[-30,27],[-33,-8],[-9,21],[-36,-12],[-46,26],[-18,38],[15,12],[-18,31],[-45,-9],[-12,26],[-19,-7],[-7,21],[-16,-17],[-65,-7],[-2,-13],[-26,7],[-20,-21]],[[75984,47159],[-5,32],[-20,-1],[-17,17],[-53,-24],[-59,-10],[-23,0],[-40,-59],[-63,-104]],[[75704,47010],[-9,37],[-3,93],[-48,-23],[-18,6],[22,9],[-8,61],[12,25],[26,13],[-11,44],[-45,-21],[-6,51],[-79,-5],[-20,19],[-251,-10],[-212,121]],[[75054,47430],[-67,102],[-21,152],[-2,40],[-12,25],[-2,25]],[[74950,47774],[26,20],[39,110],[-1,69],[8,17],[6,58],[19,60],[31,78],[21,13],[1,-27],[57,15],[-8,37],[21,7],[41,85],[12,-6]],[[75223,48310],[143,-73],[14,30],[18,15],[31,-38],[17,38],[12,-9],[-7,-77],[55,-27],[0,38],[44,2],[13,-49],[121,21],[30,7],[-19,42],[2,18],[15,2],[18,44]],[[74962,44814],[-7,108],[-1,83],[6,84],[17,93],[22,88],[39,90],[36,73],[24,42],[23,1],[42,49],[26,16],[20,32]],[[75209,45573],[56,-7],[3,18],[107,-11],[65,103],[-4,10],[88,37],[31,16],[-75,63],[27,16],[106,9],[16,22]],[[75629,45849],[43,-20],[80,64],[60,24],[108,34],[60,11],[34,-12],[38,-44],[-6,-7],[27,-23],[2,-17],[25,-8],[720,-272],[941,-130]],[[77761,45449],[-91,-826]],[[74989,46003],[44,48],[5,32],[-13,42],[76,27],[20,12],[-10,-84],[17,-75],[79,22],[9,-71],[9,-4],[-1,-38],[106,31],[-29,-157],[-10,8],[-125,65],[10,20],[-39,46],[-75,31],[11,14],[-45,22],[-39,6]],[[74989,46000],[0,3]],[[75984,47159],[112,-110],[63,-90],[-51,-34],[11,-43],[-31,-21],[6,-19],[97,69],[23,-26],[-18,2],[-33,-38],[-5,-43],[3,-16],[50,-28],[16,-17],[21,-1],[32,-10],[19,-120],[7,-4],[89,72],[54,37],[45,-45],[20,-10],[19,-28],[-34,-37],[-17,-30],[-58,-65],[-36,-46],[73,-42],[1332,-272]],[[77793,46144],[-32,-695]],[[75629,45849],[5,24],[24,43],[10,53],[-12,11],[35,25],[-1,17],[-30,57],[-18,42],[-16,5],[-60,-20],[-21,9],[23,127],[-14,9],[12,63],[25,72],[49,110],[15,19],[-39,14],[-24,24],[12,18],[-13,10],[1,18],[12,5],[160,104],[10,9],[-14,54],[-14,112],[-19,67],[-23,60]],[[77796,46907],[-3,-763]],[[75054,47430],[-5,-197],[-25,-121],[6,-103],[35,3],[40,-16],[30,-20],[-4,-9],[17,-85],[-13,-4],[-122,-51],[-117,-45],[33,-84],[4,-23],[-82,38],[-45,31],[-39,-15],[-32,-6],[-64,-3],[-35,-40],[-96,-40],[-46,4],[-63,-4]],[[74431,46640],[-4,113],[-65,0],[-6,-15],[-83,0],[17,148],[-18,1],[-13,32],[20,6],[1,17],[-27,3],[-6,33],[-21,-4],[-18,-18],[-18,-75],[-16,2],[8,-22],[-6,-26],[-16,8],[-174,65],[29,-47],[12,-74],[-36,-70],[11,-15],[22,-9],[2,-41],[-69,13],[-19,25],[-14,30],[-15,79],[-28,32],[-25,18],[-52,15],[-123,45],[-32,8],[-122,19]],[[73527,46936],[-15,49],[-1,83],[93,114],[89,112],[-21,45],[-19,29],[-34,38],[-6,50],[48,8],[29,-2],[58,48],[38,14],[32,38],[14,1],[45,-13],[32,-20],[44,-43],[32,71],[20,36],[11,-7],[-8,63],[39,-1],[17,66],[-56,-3],[-2,34],[45,11],[-23,106],[42,20]],[[74070,47883],[45,-85],[77,16],[14,10],[32,-59],[-1,-10],[29,-25],[38,-11],[-1,-15],[24,-5],[5,81],[48,-3],[35,25],[38,-41],[39,-19],[21,-2],[32,13],[25,35],[16,-33],[8,-38],[31,9],[59,35],[29,2],[71,-13],[32,19],[78,11],[56,-6]],[[74070,47883],[-79,151],[-34,-15],[-36,2],[-18,-5],[-37,109],[-49,69],[16,23],[-20,47],[-42,-12],[-41,47],[-11,18],[-2,21],[-13,8],[-12,24]],[[73692,48370],[20,-4],[45,20],[66,55],[35,-35],[16,-28],[4,20],[11,-2],[-25,89],[0,20],[12,34],[31,35],[5,40],[-34,54],[-20,48],[-6,49],[20,33],[61,45],[15,38],[2,67],[-9,37],[-19,31],[-33,15],[-8,42],[-28,28],[-12,-1],[-34,42],[-30,42],[-16,46],[-17,70],[1,8],[79,-19],[-3,14],[-33,63],[13,1],[23,-21],[0,29],[-18,33],[-66,8],[-21,8],[101,111],[48,231],[166,906]],[[74034,50672],[399,490]],[[74433,51162],[981,-836]],[[75414,50326],[-89,-910],[3,-38],[132,-229],[28,-77],[-8,-25],[10,-32],[80,-17],[-10,-72],[-39,6],[-67,-22],[10,-35],[36,-94],[-74,-26],[-22,-20],[-32,-18],[-30,-55],[-25,-6],[-16,-19],[-6,-59],[-17,-71],[-12,-37],[-24,11],[12,-33],[-54,-48],[57,-16],[-34,-74]],[[73692,48370],[-62,10],[-38,-7],[-39,-18],[-50,-31],[-51,11],[-43,31],[-29,8],[-47,37],[-37,44],[-38,9],[-38,116]],[[73220,48580],[46,38],[26,13],[5,-6],[34,17],[55,15],[-3,16],[14,-4],[20,13],[7,24],[18,12],[-38,54],[3,29],[-27,89],[19,15],[-17,30],[8,23],[-17,29],[-37,13],[-31,50],[8,60],[-25,47],[-16,13],[-2,59],[-41,125],[-2,27],[17,45],[-39,46],[-6,-4],[-34,28],[-47,58],[11,21],[-21,-10],[-85,12],[2,22],[-18,0],[-21,30],[1,43],[-20,27],[24,33],[-7,17],[23,3],[20,28],[11,-8],[-16,-23],[9,-7],[19,20],[55,-44],[12,10],[17,29],[32,23],[224,194],[292,277],[188,153],[164,268]],[[75414,50326],[536,-476],[655,-582]],[[76605,49268],[-213,-399],[-43,-56],[-71,-76],[-100,-98],[-17,-22],[-22,14],[-8,-6],[-38,19],[-58,-35],[-51,17],[-15,-4],[-31,18],[-24,7],[-40,-31],[-38,-44],[-51,-35],[14,-15],[-21,6],[-49,-45],[-10,-29],[12,-36],[-13,-6],[12,-40],[6,-48],[-6,-30]],[[76605,49268],[465,-496]],[[71873,46411],[-42,-11],[-38,-1],[-55,-124],[-106,-9],[14,-42],[5,-48],[-30,-19],[-36,10],[-47,-6],[4,54],[-7,13],[1,31],[-46,-4],[-26,-29],[-49,-27],[-80,22],[-79,-34],[-42,19],[-35,29],[-17,22],[-40,10],[-46,20],[-63,36],[-6,-44],[-12,-11],[-28,19],[-57,-10],[-16,17],[-24,-29],[-31,5],[-32,-14],[12,-29],[-4,-17],[11,-14],[-31,-42],[21,-64],[-16,-79],[-21,-19],[-24,-46],[-96,-24],[-13,-23],[-24,-5],[-12,12],[-11,-7],[-24,3],[-34,-10],[-18,-23],[5,-37],[-20,-34],[-6,-40],[-17,1],[-17,-16],[-42,12],[-10,-38],[-32,5],[-9,-19],[-47,-3],[-23,11],[-28,-6],[-3,-15],[-20,-20],[-47,4],[-232,-70]],[[69975,45604],[-88,76],[-219,-26],[-411,68]],[[69257,45722],[31,408],[-166,136],[-266,122],[-207,175],[-125,448],[-13,61],[7,17]],[[68518,47089],[8,56],[21,38],[46,17],[37,22],[60,42],[60,-1],[97,-8],[40,7],[23,10],[51,73],[58,96],[9,21],[105,92]],[[69133,47554],[66,27],[108,48],[4,10],[0,53],[36,105],[26,45],[35,23],[59,6],[15,-13],[78,56],[36,68],[48,-10],[5,40],[-28,-1],[-8,34],[-73,19],[10,51],[68,-10],[-28,105],[64,11],[-8,76],[37,-9],[51,-32],[-13,-93],[71,4],[1,-47],[-56,-32],[-15,-20],[5,-9],[36,-4],[-1,-22],[75,2],[43,-3],[-10,-92],[49,-28],[73,79],[64,-102],[27,-49],[67,57],[15,-2],[27,128],[30,12],[-69,26],[16,50],[-21,8],[-83,48],[71,41],[-3,60],[67,23],[11,43],[-31,36],[-57,42],[-12,12],[11,46],[60,-9],[3,47],[79,-11],[21,143],[-272,21],[45,159],[215,-34],[6,20]],[[70279,48806],[23,-32],[121,55],[-20,43],[120,11],[-1,-15],[46,-7],[29,-60],[10,-36],[65,-36],[16,14],[32,-2],[16,-12],[51,31],[30,4],[20,10],[-12,-80],[1,-25],[29,-3],[20,-20],[-9,-26],[16,-46],[27,-13],[31,-35],[37,3],[36,14],[3,-42],[29,-120],[35,4],[37,-153],[48,-4],[74,-144],[-44,-48],[51,-139],[112,-37],[207,-55],[13,-86],[81,26],[-20,77],[40,16],[115,-62],[1,-25],[-4,-76],[-21,-77],[-3,-23],[4,-55],[-136,-7],[2,-17],[-4,-80],[-27,8],[-25,-106],[65,25],[17,-14],[17,11],[-1,15],[81,17],[-2,-16],[-21,-10],[5,-25],[-4,-29],[7,-18],[-27,-39],[-25,-25],[-21,22],[-36,-37],[-50,60],[-31,-7],[-38,-23],[-12,-26],[-18,-9],[-8,22],[-41,-2],[60,-134],[1,-38],[13,0],[0,-29],[53,-26],[24,28],[5,16],[52,-20],[45,-30],[-225,-156],[2,-11],[37,-22],[44,-18],[138,-63],[42,-29],[49,-53],[13,-28],[193,4],[115,5],[197,-24]],[[72296,46582],[-423,-171]],[[69133,47554],[-3,43],[9,142],[-8,19],[-2,35],[-23,26],[-43,17],[-11,11],[-3,30],[-18,42],[153,37],[-4,75],[-8,1],[-109,-17],[-6,80],[-49,-6],[5,43],[-3,26],[-14,0],[3,66],[-4,60],[-32,-8],[-6,67],[-11,24],[29,10],[-176,246],[-14,73],[-106,153],[-192,262],[-952,1350],[-27,41],[-415,606],[-73,100],[-503,674]],[[66517,51882],[308,616],[11,24],[209,544]],[[67045,53066],[102,-123],[2628,-3025],[219,-196],[33,-24],[24,-25],[31,-44],[14,-12],[29,2],[18,-30],[15,-1],[48,-48],[24,-49],[16,-51],[17,-19],[-13,-48],[4,-22],[-52,-42],[-30,-2],[-38,-39],[12,-74],[38,-15],[-25,-88],[-11,2],[-10,-38],[-48,-1],[-16,-27],[59,-16],[115,-41],[-9,-39],[-38,12],[2,-24],[76,-113]],[[68518,47089],[-32,13],[-5,15],[24,47],[16,54],[6,38],[-8,1],[12,58],[17,16],[-312,86],[-187,56],[-409,111],[-21,16],[-15,25],[-71,51],[-390,724],[-1476,1382]],[[65667,49782],[-303,389]],[[65364,50171],[564,800],[393,585],[196,326]],[[73527,46936],[-45,-117],[-25,-50],[-47,-72],[-44,-57],[-19,-34],[-15,-39],[-260,47],[-252,-4],[-2,-37],[-17,2],[3,42],[-250,-15],[-52,-7],[-115,-10],[-91,-3]],[[67045,53066],[1550,2221]],[[68595,55287],[1297,-3244],[389,-1246],[36,-132],[163,-480],[48,-134],[25,-60],[63,-120],[7,-18],[-4,-48],[17,-1],[2,-32],[-24,-3],[0,-189],[97,14],[16,29],[42,5],[4,-34],[-6,-11],[53,5],[12,-143],[-30,-43],[16,-12],[7,9],[68,-24],[-6,-35],[131,8],[-1,14],[41,2],[36,27],[-18,54],[72,179],[310,-35],[16,-135],[218,-29],[81,108],[76,20],[5,-6],[-4,-101],[39,26],[126,9],[5,20],[72,-24],[6,-17],[-20,-113],[42,-29],[18,-20],[-6,-20],[64,63],[73,23],[-72,-169],[4,-1],[-29,-67],[-8,-41],[7,-41],[18,-30],[473,-570],[38,15],[5,29],[24,11],[34,-10],[31,30],[20,83],[-4,19],[-26,35],[-1,29],[59,-4],[-11,-78],[63,6],[39,-18],[137,-26],[1,18],[24,-7],[16,13],[10,-11],[65,18],[31,-2],[3,-15]],[[68595,55287],[4463,-2546],[90,-57],[1038,-1093],[247,-429]],[[69257,45722],[-293,-371],[-209,-70],[-153,-240]],[[68602,45041],[-175,-272],[-63,-89],[-35,15],[-24,-98],[-70,-14],[-28,-23],[-31,-6],[-6,-27],[-100,-8],[-27,-6],[49,-72],[-66,-22],[-12,41],[-7,46],[-7,9],[-144,-40],[-399,-137]],[[67457,44338],[-666,704]],[[66791,45042],[121,507],[-17,20],[-42,9],[-2,31],[-16,12],[29,18],[96,38],[35,17],[52,37],[66,53],[35,23],[58,29],[-194,271],[35,-8],[34,-15],[15,41],[100,-35],[111,55],[13,19],[28,121],[24,43],[-153,28],[-59,109],[-70,41]],[[67090,46506],[-53,66],[-11,30],[18,20],[-20,2],[9,17],[-12,11],[31,32],[17,-2],[8,26],[-11,2],[5,35],[11,21],[23,3],[-8,17],[26,13],[33,6],[0,39],[51,2],[0,-33],[320,55],[1,24],[43,2],[16,12],[19,-1],[31,414],[-121,31],[-36,15],[-54,-2],[-67,68],[-812,640],[-30,53],[-850,1658]],[[68602,45041],[266,-160],[-4,-36],[19,1],[14,-42],[19,-1],[-7,-116],[51,-5],[-4,-44],[13,-3],[7,-59],[51,-34],[-1,-17],[-80,-73],[-48,6],[-92,-5],[3,-44],[1,-71],[120,-6],[38,-18],[-20,-73],[1,-40],[21,-61],[3,-25],[43,-58],[-29,-44],[16,-16],[-30,18],[-14,-23],[61,-48],[11,15],[46,-44],[-1,-10],[31,-136],[-27,-61],[-33,-7],[-13,-11],[-44,-4],[-32,9],[-42,-12],[-46,-60],[-29,-15],[-30,-48],[-14,-10],[-83,-11],[-42,-26],[-27,-49]],[[68645,43464],[-17,-31],[-32,-15],[-43,-5],[-45,-34],[-26,-13],[-18,-26],[-10,-41],[28,-53],[-13,-28],[-45,-20],[-46,-3],[-54,-33],[-15,8],[-15,-6],[-17,21],[3,-66],[16,-55],[27,-61],[-30,1],[-56,16],[-457,88]],[[67780,43108],[12,876],[-335,354]],[[69975,45604],[74,-64],[16,-41],[-76,-244],[8,-10],[4,-39],[30,-56],[23,-14],[118,-59],[49,-16],[44,-26],[29,-34],[7,16],[72,-4],[7,-78],[37,-7],[36,1],[21,23],[29,2],[29,-15],[40,6],[8,-25],[-51,-16],[8,-41],[-11,-21],[8,-52],[43,28],[16,-83],[-52,-11],[18,-48],[21,-11],[32,-1],[13,-27],[13,-2],[-36,-126],[-44,-42],[-61,66],[-36,25],[-26,-5],[-9,14],[-45,-22],[-52,-19],[-72,-55],[-3,-14],[9,-54],[-2,-19],[-44,-6],[-9,-49],[21,-42],[4,-41],[-14,-25],[74,-111],[-22,-7],[7,-22],[28,9],[40,-62],[-18,-2],[8,-95],[-6,-15],[22,-18],[84,-91],[9,-41],[-13,-44],[22,11],[18,-29],[21,0]],[[70493,43704],[-7,-28],[-2,-52],[-13,-13],[-53,-1],[-20,-34],[15,-14],[-18,-42],[-7,-32],[-121,-2],[-7,38],[-106,-2],[-5,-25],[8,-12],[-127,-2],[8,-15],[-2,-24],[-19,-21],[-10,-25],[-7,-48],[-7,-12],[42,-7],[-7,-24],[0,-54],[-11,-70],[10,-70],[39,-49],[13,-52]],[[70079,43012],[-19,1],[-91,-26],[-55,8],[-53,-10],[-45,26],[-41,13],[-42,39],[10,97],[-27,20],[-7,-25],[-28,11],[-4,21],[-18,-10],[-1,-20],[-32,-11],[-57,29]],[[69569,43175],[-45,-16],[2,39],[-47,22],[-40,38],[-54,24],[-24,20],[-16,-19],[-13,-38],[-6,-36],[2,-44],[-89,33],[8,24],[-31,7],[-4,-20],[-19,5],[-4,-44],[-140,37],[9,19],[-172,15],[-19,9],[8,31],[-17,7],[19,49],[-49,26],[-26,8],[-65,42],[-92,51]],[[70493,43704],[33,-27],[21,-9],[23,58],[26,37],[28,12],[17,-5],[21,-31],[30,-20],[29,5],[41,-9],[20,18],[2,61],[19,66],[47,28],[18,-23],[16,0],[15,-18],[-32,-20],[147,-184],[3,-5],[-46,-19],[38,-60],[-19,-24],[61,-98],[-81,-68],[47,-107],[207,20],[-12,-37],[7,-1],[10,-56],[-8,-20],[-40,-39],[-22,-13],[-12,-17],[-54,-36],[-2,-21],[-22,-19],[-7,-26],[17,-39],[0,-16]],[[71079,42942],[-25,-1],[-16,-43],[-34,-30],[-13,-35],[-20,-19],[-20,-7],[-23,-52],[-22,-59],[-17,2],[-14,-60],[-33,14],[-21,-1],[-10,-40],[-31,-2],[-36,39],[-31,24],[-97,49],[-113,1],[-8,-3],[-33,-36],[-35,22],[-43,51],[-11,29],[-12,12],[-37,13],[-6,11],[-50,21],[-37,19],[-68,49],[-49,47],[-24,28],[-11,27]],[[67090,46506],[-18,-28],[-49,22],[-36,23],[-53,54],[-43,20],[-49,-33],[-11,7],[30,27],[-6,7],[-34,-10],[-24,-19],[-19,6],[-69,90],[-55,42],[-70,-50],[-12,8],[-71,89],[-24,-54],[-19,-20],[9,-13],[-61,-48],[-8,10],[-21,-17],[22,-17],[-12,-11],[-13,24],[-29,-26],[-58,64],[-23,-23],[9,-11],[-31,-41],[-16,-2],[-34,17],[-82,-67]],[[66110,46526],[-50,68],[-39,84],[-21,40],[-42,60],[-384,691],[-1294,1899],[229,157],[241,172],[134,102],[480,372]],[[66791,45042],[-138,401],[-9,27],[34,19],[25,27],[26,11],[-149,128],[-73,-17],[-9,69],[-42,-6],[-45,39],[-16,61],[66,17],[-20,146],[9,164],[-33,86],[-93,-22],[-6,27],[-33,62],[-4,-1],[-100,161],[-71,85]],[[66791,45042],[-1346,-311],[-1021,-607],[-264,50]],[[64160,44174],[-65,366],[-30,618],[-235,719],[-896,3083],[-681,-111],[-689,-74]],[[61564,48775],[-132,37],[-243,70],[-459,133],[-1155,343],[-479,261],[-146,85],[-190,112]],[[58760,49816],[-3008,3834]],[[55752,53650],[392,1362],[39,123],[82,197],[247,545],[925,1568],[399,675],[413,689]],[[58249,58809],[8725,1532],[2593,908]],[[69567,61249],[-972,-5962]],[[73627,43930],[-18,5],[-76,-77],[-65,-62],[-47,8],[-24,-22],[24,-32],[-70,-69],[-121,-124],[-27,-30],[-22,9],[-8,-30],[-19,33],[-58,-53],[32,-34],[-66,-67],[-82,90],[-37,45],[-85,91],[-55,-13],[-10,41],[-98,-24],[13,-45],[-1,-47],[27,-91],[-65,-18],[53,-104],[3,-25],[-149,64],[-9,-40],[14,-50],[-3,-20],[-79,-152],[-30,-41],[-38,22],[6,10],[-28,18],[20,36],[-21,16],[25,36],[-20,19],[-49,-74],[9,-7],[-4,-41],[-41,-18],[0,-13],[-136,21],[-12,54],[-45,46],[-28,44],[-36,-17],[1,-31],[-18,5],[-42,-30],[-2,-10],[-43,-32],[-29,7],[-124,40],[-24,-9],[-65,-9],[-26,-24],[-31,-6]],[[71668,43099],[-11,7]],[[71657,43106],[-21,1],[-27,-24],[-29,-9],[-64,5],[-107,1],[-4,5],[-32,-11],[-11,3],[-79,-69],[-1,-11],[-32,-8],[-18,-20],[-35,-21],[-22,-23],[-40,-5],[-15,20],[-11,-14],[-30,16]],[[71873,46411],[21,-25],[211,-226],[38,-46],[54,-84],[110,-156],[16,-29],[49,-7],[253,-349],[43,20],[41,24],[-18,-31],[-58,-182],[-9,-35],[-23,-27],[-37,-52],[-38,-37],[-32,-18],[-86,-34],[48,-33],[37,-15],[52,-16],[59,-12],[68,-19],[71,-35],[47,26],[31,24],[72,-92],[29,11],[22,-29],[18,-43],[55,25],[41,-97],[103,-25]],[[73663,42957],[-27,-91],[-18,6],[-30,-8],[6,-27],[-14,-38],[6,-32],[27,-15],[3,-23],[12,-25],[6,-38],[-23,-88],[-9,-16],[-42,-43],[-36,-56],[-19,-56],[1,-18],[-57,13],[-11,-43],[-46,6],[-9,-37],[-78,93],[-21,32],[-39,95],[-24,35],[-35,37],[-5,-19],[-24,-16],[-37,-58],[5,-64],[44,-32],[27,-64],[-31,-26],[-27,-96],[1,-37],[-25,-28],[-20,8],[6,-16],[-38,-16],[-10,-35],[-36,-76],[-17,-20],[-19,-61],[3,-51],[14,-21],[-9,-31]],[[72988,41861],[-24,27],[-17,9],[-60,9],[-2,-35],[9,-12],[-6,-21],[-18,8],[-214,126],[-33,-28],[-21,-65]],[[72602,41879],[-127,30],[1,17],[-22,5],[0,-25],[-27,-10],[-18,29],[-71,34],[-47,-19],[37,63],[68,35],[-2,-35],[19,3],[-2,39],[25,4],[-17,72],[-10,98],[-10,-1],[-5,20],[-59,-5],[4,10],[-22,5],[-95,13],[-36,13],[42,212],[-33,13],[-158,-41],[-63,-26],[-35,-25],[-11,26],[11,35],[-58,5],[2,51],[-103,-2],[-23,48],[-33,44],[12,26],[7,64],[-12,63],[-5,65],[3,42],[17,42],[0,16],[-78,167]],[[74043,41001],[-60,55],[-24,-15],[-41,-10],[-34,-1],[-39,19],[-23,99],[-16,-1],[4,21],[-20,22],[-26,113],[-21,54],[-8,32],[-93,30],[-39,7],[-64,5],[-49,-1],[-103,-10],[-7,19],[-41,51],[17,-7],[-18,163],[-86,-23],[10,10],[-10,59],[-35,-8],[1,17],[-19,12],[21,4],[1,33],[-22,0],[-6,-18],[-46,5],[-60,53],[-35,10],[-34,26],[-30,35]],[[74431,46640],[-48,3],[-74,-22],[-12,-55],[-23,-39],[2,-14],[110,-109],[31,-33],[26,-13],[18,-41],[81,-60],[29,-34],[-11,-27],[73,-20],[48,23],[21,84],[22,-6],[15,-23],[-21,-65],[7,-118],[50,-16],[14,17],[55,-23],[37,6],[8,10],[21,-48],[21,-15],[58,1]],[[74989,46000],[-6,-34],[0,-44],[-19,-29],[-17,-49],[-34,-33],[9,-14],[-3,-28],[-11,-7],[5,-53],[54,-16],[7,20],[22,-16],[10,-27],[83,-32],[28,-7],[71,-29],[26,-20],[-5,-9]],[[72076,39642],[-4,20],[-21,27],[-7,18],[7,16],[-5,28],[-14,15],[-4,49],[-40,34],[-17,26],[-2,49],[18,12],[-3,42],[-9,23],[9,14],[-9,27],[5,17],[26,11],[-13,26],[136,-41],[4,-39],[47,8],[35,15],[33,41],[10,79],[20,21],[9,28],[39,15],[9,32],[-4,24],[12,5],[12,34],[-22,34],[-29,22],[-34,11],[-42,5],[-23,13],[-36,0],[-26,17],[14,140],[27,-7],[77,45],[29,7],[77,-19],[57,-10],[23,-15],[26,22],[31,11],[11,17],[6,-19],[24,20],[47,17],[8,38],[16,30]],[[72616,40697],[9,5],[20,51],[25,15],[39,-6],[36,-20],[85,1],[60,6],[49,12],[60,6],[40,7],[53,-4],[50,22],[78,-31],[30,3],[21,15],[20,42],[-14,35],[42,11],[15,-19],[27,-12],[18,2],[-7,-61],[23,10],[-6,51],[52,-2],[36,19],[26,0],[42,-23],[51,-35],[23,-9],[62,-12],[62,1],[59,-6],[72,-13],[18,-9]],[[72616,40697],[-42,35],[-3,17],[14,27],[-33,41],[-14,56],[16,57],[-50,23],[-19,-63],[-24,-55],[-18,-3],[6,52],[-16,26],[6,42],[24,26],[-28,35],[-63,62],[-80,52],[-44,2],[2,10],[32,32],[15,4],[-35,31]],[[72262,41206],[-36,26],[-8,18],[26,48],[18,42],[20,5],[16,35],[26,8],[5,19],[-20,9],[31,21],[86,40],[-28,33],[-8,97],[50,-5],[86,1],[51,202],[25,74]],[[72262,41206],[-90,42],[-8,9],[-4,-28],[-86,10],[-82,41],[-66,5],[-25,7],[-21,22],[-17,8],[-69,-2],[-24,-14],[14,-24],[-6,-33],[-29,-33],[-32,-20],[-44,8],[-20,-6],[-34,4],[-45,20],[-26,-5],[-37,-17],[-14,-14],[-48,-7],[-16,9],[-8,27],[-52,19],[-35,26],[-110,12],[-8,9],[-32,3],[-48,-8],[-15,-19],[-24,-4]],[[71101,41253],[-29,-3],[-71,39],[-42,-3],[-28,20],[-15,24],[-48,41],[-20,21],[-33,20],[-69,25],[-33,31],[-77,51],[-17,8],[-24,-17],[-18,4],[-5,41],[4,12],[41,-1],[21,16],[25,-11],[34,79],[5,22],[52,0],[48,-15],[17,44],[-103,45],[30,76],[64,10],[19,-7],[24,12],[14,-2],[55,116],[17,-9],[6,14],[-16,10],[34,71],[33,-7],[26,90],[-11,138],[-33,-6],[9,76],[-144,16],[-11,23],[6,56],[30,48],[133,-26],[10,94],[9,-9],[-6,30],[29,1],[8,-39],[93,23],[44,-81],[0,-11],[116,-96],[107,-85],[9,21],[27,6],[-15,68],[23,-3],[14,38],[68,49],[38,21],[-259,176],[32,69],[56,51],[112,88],[113,39],[17,160],[11,51]],[[71101,41253],[-13,-11],[6,-40],[-6,-57],[15,-2],[-9,-42],[-16,1],[-9,-26],[-31,-4],[-23,-44],[-11,-8],[13,-49],[49,-46],[-48,-53],[-41,40],[-30,9],[34,29],[-23,14],[-2,32],[-11,4],[-36,-83],[-52,-4],[-62,8],[-17,24],[-33,15],[-62,-90],[-24,11],[-9,-9],[-26,57],[-9,33],[-45,-38],[-46,53],[-98,20],[-92,6]],[[70334,41003],[8,46],[3,79],[-11,45],[-60,64],[-43,30],[9,1],[-61,41],[-158,179],[-44,18],[-33,-4],[-34,-10],[-40,-22],[-48,-39],[-34,-12],[-41,-26],[-12,-17],[-38,-20],[2,-20],[-80,-14],[-32,27],[-87,17],[-41,-127],[-135,9],[-20,-28],[-17,10]],[[69287,41230],[6,54],[-35,40],[-46,62],[64,80],[53,159],[-49,32],[11,38],[15,-4],[0,37],[-10,2],[8,75],[18,3],[-6,29],[57,5],[13,86],[12,28],[5,54],[-39,5],[-76,41],[-13,21],[-83,30],[-23,12],[4,14],[18,-2],[20,78],[11,0],[8,59],[20,93],[-52,10],[6,33],[-20,4],[57,123],[-18,120],[96,27],[50,48],[58,-2],[77,27],[53,5],[64,25],[-28,34],[59,1],[11,120],[-62,49],[-121,156],[89,34]],[[69287,41230],[2,-39],[-8,-22],[10,-20],[-1,-29],[36,-48],[88,-34],[-14,-43],[3,-16],[-32,-67],[24,-12],[-11,-13],[-52,-102],[3,-40],[-72,-5],[-14,-50],[60,-61],[-21,-44],[-40,14],[-20,-16],[-17,-54],[-19,-49],[-1,-16],[16,-12],[-32,-79],[-10,-48],[-13,-27],[-145,-38],[2,-68],[7,-86],[-1,-101],[-27,-30],[-12,-2]],[[68976,39973],[-11,14],[-60,23],[-36,0],[-40,28],[-23,2],[-22,18],[-64,26],[-18,35],[-17,18],[11,13],[-32,22],[-30,12],[-30,30],[-16,-30],[-96,-120],[-33,-30],[-58,-41]],[[68401,39993],[-56,74],[-22,36],[-24,54],[-49,56],[13,147],[45,124],[60,65],[29,23],[-40,145],[-93,60]],[[68264,40777],[42,-2],[-335,1014],[-105,188],[-45,127],[-47,590],[6,414]],[[68264,40777],[-5,1],[-424,26],[-13,0],[-72,-42],[-35,33],[-45,-32],[32,-42],[-28,-30],[-21,2],[-15,25],[-84,24],[-28,1],[-16,14],[-22,78],[-16,19],[-20,-6],[-35,-39],[-34,-56],[1,-29],[-29,-8],[-19,25],[-17,12],[-70,1],[-11,-81],[-34,8],[-3,-32],[-44,5],[-139,25],[-54,6],[-226,22],[12,-117],[3,-134],[-13,-64],[14,-5],[67,-39],[-40,-69],[-18,3],[-17,-32],[10,-8],[-69,-94],[-32,-54],[-19,-21],[-20,20],[-39,222],[-73,15],[-35,17],[-34,30],[-26,15],[-147,50],[2,-29],[-142,11],[-19,-112],[-79,7],[-10,-88],[-34,11],[-26,-17],[6,-6],[-37,-2],[-45,18],[-1,4],[-70,23],[-9,32],[-18,35],[7,14],[-7,21],[-35,27],[-34,19],[-47,54],[-22,10],[-19,21],[-13,36],[8,17],[-16,32],[2,22],[-26,38],[20,62],[-3,15],[-26,18],[-30,8],[-5,14],[-24,25],[-42,4],[1,33],[-25,-7],[-15,8],[-2,17],[-29,19],[-21,-23],[-54,-12],[-60,-44],[-147,6],[-38,42],[-187,126],[-51,30]],[[64840,40981],[-877,870]],[[63963,41851],[-95,366],[292,1957]],[[70334,41003],[3,-22],[-10,-12],[2,-30],[-33,-65],[18,-57],[26,-62],[19,-33],[45,-27],[12,-71],[25,-52],[5,-43],[-3,-61],[-33,-87],[-38,-64],[-10,-96],[-7,-134],[-9,-72],[-45,-38],[-62,60],[18,-91],[-67,-44],[-52,-134],[-164,-27],[-47,-6],[-149,-2],[-84,14],[-66,3],[11,-76],[30,-1],[-1,-19],[-32,1],[-8,-20],[-4,-196]],[[69624,39439],[-53,2],[-14,12],[-31,10],[-28,-4],[-44,18],[-48,35]],[[69406,39512],[-49,53],[-28,19],[-64,21],[-48,50],[-30,18],[-35,43],[-34,6],[-68,47],[-30,53],[-7,44],[-25,88],[-12,19]],[[71669,39534],[-4,8],[-46,2],[-13,17],[-22,-19],[-20,16],[-12,120],[140,230],[6,18],[-29,1],[-36,-6],[-5,15],[-64,-8],[-32,3],[15,32],[-16,8],[16,34],[-47,10],[-54,0],[-8,-24],[-42,-9],[4,97],[19,2],[-1,28],[-87,17],[2,53],[-37,7],[32,61],[-17,31],[7,12],[-72,70],[46,77],[17,20],[-18,19],[-3,18],[14,47],[-14,10],[-30,6],[-26,23],[-12,-28],[-182,50],[-55,18],[-19,-41],[-29,-17],[-42,-121],[-22,17],[-22,-18],[-16,-4],[-32,-31],[-39,-83],[-36,-52],[-18,-52],[44,-53],[19,-13],[-31,-76],[-4,-24],[15,-14],[-3,-20],[81,-59],[-30,-98],[69,-5],[0,17],[39,-2],[-18,-23],[-15,1],[-68,-112],[-70,7],[-6,-11],[-55,28],[-29,0],[-33,-43],[63,-39],[-5,-37],[-33,25],[-40,11],[18,-34],[18,-66],[4,-31],[-1,-57],[8,-21],[-8,-7],[-7,-42],[-16,-25],[5,-22],[-21,-98],[-42,15],[-24,-10],[-28,-20],[-39,-10],[-55,3],[-20,-26],[-6,-33],[-46,-45],[-46,-1],[-63,45],[-43,4],[-77,-1],[-52,16],[-66,-14],[-14,-8]],[[69977,39190],[-53,-27],[-40,21],[-72,2],[-36,6],[-17,14],[-14,59],[-13,23],[-22,16],[-22,39],[-8,60],[-18,22],[-21,14],[-17,0]],[[70689,38578],[-60,-79],[-19,-29],[-44,-54],[-70,-58],[-11,27],[-32,-6],[-27,4],[-91,71],[5,5],[-115,5],[-32,39],[23,179],[-20,-4],[-11,-22],[-16,-11],[-11,-25],[-50,-16],[-14,8],[-38,-16],[-17,-36],[-26,-4],[-20,16],[-13,0],[-53,-17],[8,207],[55,-7],[-3,83],[99,-1],[30,36],[-2,57],[51,-3],[-8,29],[-1,41],[-11,7],[-54,3],[-19,6],[-16,-15],[-74,46],[-6,-14],[-37,34],[12,20],[26,106]],[[114246,21445],[-32,-35],[17,-27],[25,-18],[9,-23],[4,-54],[10,-182],[-3,-21],[-16,-37],[-6,-48],[-31,-41],[-39,-21],[-33,-9],[-43,-20],[-33,0],[-27,12],[-36,28],[-47,3],[-27,11],[-9,-14],[18,-51],[93,-72],[-56,-44],[-72,-36],[-36,-43],[36,1],[2,-51],[-32,-3],[-2,15],[-60,7],[-66,15],[23,78],[-58,10],[-27,25],[-48,-75],[-80,-16],[-39,-82],[-85,11],[-32,-157],[-71,67],[-26,-51],[-11,-6],[-31,14],[-12,-25],[71,-62],[-17,-23],[-54,24],[-12,-20],[-40,39],[-11,-29],[-29,7],[-13,-64],[-33,-4],[17,-22],[-94,-6],[-66,-11],[-47,15],[5,-60],[-77,24],[-50,-84],[-24,-192],[-67,16],[-13,-42],[-12,-171],[0,-61],[-38,6],[-30,-104],[-22,-58],[-22,12],[-11,-35],[57,-20],[-10,-33],[11,-3],[13,26],[73,-25],[-17,-43],[20,-7],[31,38],[31,-11],[-8,-46],[-4,-85],[13,-16],[-12,-135],[-38,-10],[-9,-59],[-67,22],[14,36],[-31,10],[7,24],[-11,9],[-37,7],[-9,-35],[-16,-34],[11,-19],[-39,-73],[-44,-53],[-19,12],[-25,-38],[-30,-320],[-17,-258],[-24,-189],[-84,-412],[-96,-263],[-30,-88],[-1403,-4157],[-2424,-7259],[-179,-408]],[[108166,5660],[-1865,1833],[0,1587],[-1,2896],[-3621,0],[-288,0],[-2915,4360],[1309,1771],[3159,4244],[1488,-167]],[[105432,22184],[871,-98],[2253,-421],[863,-48],[1482,290],[143,-12],[17,10],[12,-7],[18,9],[41,-21],[35,11],[10,33],[16,7],[4,29],[28,12],[7,15],[16,3],[20,30],[19,14],[10,-9],[35,24],[20,8],[-5,11],[34,11],[40,29],[78,25],[97,-6],[-15,63],[53,24],[27,5],[112,9],[65,-1],[91,-8],[95,-42],[26,68],[-28,24],[6,13],[64,13],[14,54],[55,-4],[5,46]],[[112166,22397],[25,3],[-4,35],[45,7],[11,-49],[37,2],[18,-21],[59,24],[13,-13],[93,16],[10,0],[6,-67],[-12,-11],[7,-26],[-22,-10],[26,-44],[69,44],[20,-24],[12,9],[31,-33],[25,-67],[30,16],[25,-2],[19,-61],[8,13],[42,12],[58,-100],[-53,-39],[-12,-69],[7,0],[-5,-91],[62,27],[-4,-24],[33,27],[15,-21],[14,10],[23,-31],[17,-43],[39,-1],[1,-37],[39,12],[-1,41],[-43,94],[87,20],[-21,83],[77,26],[-60,73],[-99,-47],[-1,24],[-14,13],[-21,46],[-66,137],[-25,30],[-32,-2],[-6,21],[25,34],[-32,39],[37,30],[23,-26],[110,87],[20,-62],[-20,-24],[30,-85],[-36,-27],[-15,-32],[118,-96],[94,-80],[28,50],[16,-17],[39,25],[-31,73],[40,1],[161,15],[25,92],[65,24],[-39,36],[-29,-9],[-6,12],[13,29],[-14,16],[27,16],[-1,22],[-36,-17],[-12,16],[9,13],[19,2],[-13,39],[13,19],[2,27],[54,22],[-4,-44],[12,-3],[90,38],[1,6],[45,2],[-3,12],[37,17],[-9,28],[16,9],[72,55],[6,-20]],[[113715,22693],[78,-269],[267,-47],[90,-15],[-25,-38],[-7,-24],[-21,-27],[-11,-29],[106,-18],[-30,-66],[51,-26],[-21,-34],[41,-20],[13,-31],[-9,-3],[-49,-90],[-11,25],[-16,-20],[-40,20],[-7,-17],[-7,11],[-27,5],[-40,-90],[22,-18],[-36,-19],[208,-211],[12,-197]],[[114246,21445],[239,-94],[-5,-13],[15,-9],[32,34],[14,44],[39,105],[461,-174]],[[115041,21338],[217,-83],[0,-12],[18,6],[162,-62],[101,-189],[-130,-381],[86,-52],[-24,-52],[261,-169],[106,-106],[42,10],[187,35]],[[116067,20283],[81,-531],[-145,-77],[50,-231],[-37,-115],[9,-107],[-4,-46],[3,-32],[-15,2],[-6,-43],[58,-2],[5,-17],[-18,-40],[59,-13],[10,2],[-3,19],[34,-1],[8,-48],[53,-119],[37,-65],[-40,-21],[-10,9],[-27,3],[2,-24],[17,-30],[10,2],[4,-20],[-19,0],[10,-100],[-25,-1],[-52,-268],[-41,2],[-5,-18],[21,-130],[-8,0],[15,-99],[31,-236],[-20,-112],[-18,7],[4,-167],[-3,-3],[-4,-92],[8,1],[-11,-148],[2,-44],[-129,-268],[-1234,-5383],[-833,-3663],[-117,-2732]],[[113774,5284],[-1215,321],[-1768,622],[-885,-2284],[-1740,1717]],[[116067,20283],[614,112],[10,-60],[-59,-11],[11,-54],[135,36],[3,-153],[-108,-40],[6,-29],[208,-145],[75,102]],[[116962,20041],[80,-107],[18,29],[13,-3],[50,74],[13,-1],[11,-67],[243,-17],[0,4],[84,-6],[11,62],[60,-4],[31,147],[21,-42],[41,-35],[31,-3],[-1,56],[219,-68],[-25,80],[48,14],[-21,47],[66,111],[107,-15],[-4,-16],[52,-3],[40,-7],[39,8],[-16,36],[19,5],[15,-34],[289,125],[284,25],[1159,245],[109,8],[857,29],[571,7]],[[121476,20725],[0,-15029],[-576,-204],[-1417,-420],[-1777,-226],[-1638,0],[-1858,323],[-436,115]],[[116962,20041],[-77,105],[46,295],[48,9],[-7,14],[-36,6],[7,46],[33,51],[27,61],[-53,7],[-36,-3],[2,16],[-23,0],[1,33],[11,10],[2,49],[13,0],[1,81],[9,18],[-10,9],[3,37],[-12,27],[46,5],[3,152],[-20,-8],[-1,42],[-42,7],[16,37],[-19,35],[-37,1],[3,21],[37,3],[9,10],[26,-4],[5,-18],[38,-7],[30,44],[39,6],[29,-32],[59,20],[-41,30],[-41,3],[-21,84],[9,5],[-14,14],[-16,64],[-36,-14],[-7,13],[-19,-22],[-16,-3],[-29,74],[-12,57],[19,38],[13,-1],[-5,17],[17,32],[-38,46],[57,74],[57,169],[-55,11],[3,20],[-16,38],[9,1],[-23,24],[-27,13],[-20,0],[53,56],[60,106],[193,200],[187,222],[812,1297],[121,239],[456,793],[517,845],[193,357],[257,496]],[[119729,26624],[831,1137],[916,1245]],[[121476,29006],[0,-8281]],[[115041,21338],[45,106],[18,34],[-13,7],[-35,43],[-10,5],[-15,27],[12,16],[37,81],[50,-9],[16,21],[1,16],[24,4],[-7,27],[77,-6],[-4,-93],[33,48],[51,45],[16,28],[20,9],[27,36],[30,17],[23,34],[10,3],[-29,25],[17,40],[83,132],[146,101],[105,93],[16,-13],[42,45],[19,5],[13,23],[38,30],[117,151],[24,34],[13,7],[18,32],[18,-2],[22,16],[4,-18],[47,12],[18,29],[170,203],[49,74],[59,123],[98,166],[217,338],[438,531],[347,477],[51,54],[1091,1088],[1031,991]],[[113715,22693],[10,-18],[17,-8],[48,10],[81,1],[84,93],[-1,15],[-18,16],[-28,94],[3,13],[45,78],[-251,48],[16,47],[-48,12],[-36,28],[-7,26],[9,32],[-68,24],[-6,13],[-42,-20],[-143,-82],[-32,39],[152,119],[-313,253]],[[113187,23526],[99,179],[-41,77],[16,83],[37,82],[5,27],[-25,-1],[-22,32],[-27,-1],[-20,-16],[-13,15],[19,10],[-7,70],[25,11],[55,36],[31,26],[26,-38],[43,48],[-14,49],[-24,23],[10,6],[21,-23],[79,58],[-12,18],[25,31],[74,33],[2,29],[23,29],[-22,70],[1,152],[19,38],[893,1548],[995,5647],[1026,5660]],[[116484,37534],[4992,-2046],[0,-6482]],[[113187,23526],[-3,-6],[-112,97],[-56,-58],[-202,246],[-19,-49],[-30,5],[-11,-26],[-21,3],[9,42],[-4,22],[17,41],[13,6],[-178,80],[-48,-106],[-22,20],[-37,63],[-71,28],[-22,-45],[-180,-107]],[[112210,23782],[-18,-11],[15,28],[-5,12],[-49,-17],[-5,215],[7,42],[1,49],[-15,18],[20,26],[-20,11],[3,32],[7,16],[-79,47],[-30,35],[-6,18],[-30,21],[-14,-9],[-50,57],[-9,16],[8,15],[-14,30],[-3,20],[9,55],[-13,9],[6,31],[-15,11],[10,44],[-2,45],[-15,61],[-18,15],[11,15],[-9,37],[-15,12],[-2,37],[17,55],[-34,2],[-17,14],[-49,24],[-21,-16],[-14,-31],[-41,-54],[-53,-27],[-40,13],[-128,166],[-91,94],[-90,121],[-83,59],[-450,239],[-419,150],[-1633,645],[-823,323],[-580,212]],[[107322,26814],[9162,10720]],[[112166,22397],[-120,-11],[6,72],[-39,-3],[-6,89],[-64,6],[16,76],[35,36],[-3,15],[61,27],[-11,68],[-10,-5],[-10,49],[-24,72],[34,6],[-43,115],[29,22],[8,-36],[49,29],[-5,34],[50,59],[49,36],[-27,43],[35,212],[131,67],[-10,33],[-37,-6],[-15,5],[-15,19],[27,16],[-6,38],[21,14],[-62,188]],[[105432,22184],[-1486,168],[3072,4102],[304,360]],[[69802,35263],[-5,-21],[-29,-36],[-26,-46],[-38,-75],[-47,-71],[-18,-35],[-14,13],[-34,1],[-21,-17],[9,-29],[40,-11],[-8,-33],[-31,9],[-27,-121],[-37,-91],[-62,-211]],[[69454,34489],[-50,4],[-36,-1],[-65,13],[-60,-31],[-32,2],[-24,115],[-101,56],[-195,29],[-157,-185],[-20,17],[-27,8],[-105,77],[-58,51],[-1,-11],[-110,39],[-17,-54],[4,-9],[-21,-10],[-63,-60],[-14,-7],[-63,-74],[-26,-14],[-36,13],[-73,40],[-55,34],[-40,-12],[-8,7],[-48,1],[0,-35],[52,-22],[-33,-39],[-11,-28],[-26,-20],[-8,-26]],[[67927,34357],[-45,-20],[-46,12],[-39,-8],[-20,15],[0,15],[-35,1],[-17,-5],[-35,20],[2,36],[-19,36],[-27,7],[-4,-10],[-23,15],[-106,24],[-2,-12],[-111,-1],[-17,-46],[-19,-32]],[[67364,34404],[-98,120],[20,25],[-11,34],[-25,35],[10,8],[-28,68],[-21,12],[-55,11],[-11,8],[-45,2],[4,37],[-11,49],[-7,5],[-47,84],[0,34],[9,-3],[3,45],[-12,21],[34,-5],[52,-28],[85,-40],[16,-4],[85,30],[25,-7],[15,-16],[25,30],[4,69],[-29,4],[-138,327],[7,136],[-17,4],[-120,-38],[-3,-72],[-157,-52],[-33,-24],[-30,2],[-71,-7],[6,18],[21,24],[-27,5],[-32,-3],[-18,40],[-2,30],[7,15],[-10,19],[-13,4],[-19,31],[-2,27],[16,30],[-3,44],[-20,27],[8,46],[-8,13],[14,13],[-24,24],[-50,80],[-26,55],[-39,-14],[-95,-16],[-40,-78],[-40,-16],[-3,-60],[5,-40],[-39,-6],[-31,-21],[-45,-44],[1,-74],[-85,2],[-76,-1],[-21,-6],[-9,36],[11,80],[13,19],[-35,19],[-16,-14],[-28,9],[-44,-19],[-13,-17],[-33,0]],[[65945,35589],[20,121],[29,46],[-1,35],[6,20],[-43,-21],[-5,27],[3,24],[-46,34],[-20,48],[-58,46],[-42,12],[-76,-10],[-65,-20],[-2,31],[5,35],[24,16],[4,20],[23,-2],[14,40],[31,42],[-30,37],[-3,20],[11,23],[36,17],[6,10],[27,-58],[19,-17],[22,-8],[49,-8],[48,-35],[24,-38],[56,17],[74,0],[7,108],[10,16],[27,-13],[53,-13],[-48,43],[-22,13],[-5,48],[11,32],[74,152],[11,40],[-44,80],[1,26],[21,71]],[[66181,36696],[64,34],[52,41],[49,56],[44,84],[8,74],[-13,83],[23,66],[27,44],[85,57],[41,15],[28,1],[134,24],[29,41],[39,30],[20,44],[-10,99],[-1,202],[33,159],[131,50],[22,34],[-2,39],[31,83],[108,2],[102,-60],[82,29]],[[67307,38027],[30,-9],[41,-6],[388,-81],[267,66],[102,3],[70,29],[52,30],[116,189],[220,267],[312,-55]],[[68905,38460],[-27,141],[44,12],[80,-1],[149,53],[38,49],[41,132],[27,220],[36,3],[-10,85],[-7,31],[-20,42],[-5,23],[11,133],[30,-5],[23,36],[25,26],[36,49],[30,23]],[[70184,34235],[-66,23],[-85,47],[-85,24],[-101,32],[-256,76],[-137,42],[0,10]],[[68905,38460],[-120,277],[-64,170],[-92,122],[-126,88],[6,81],[58,86],[-27,38],[-5,38],[-68,108],[-51,65],[-9,36],[38,195],[-7,46],[-36,123],[3,29],[-4,31]],[[67307,38027],[-160,428],[-34,118],[-53,24],[-131,1],[-63,8],[-4,35],[13,29],[-25,21],[-13,-11],[-33,0],[-10,8],[-36,6],[-59,34],[-77,56],[-58,18],[-34,-7],[-105,104],[-17,9],[-50,39],[16,69],[-67,19],[-12,0],[-107,49],[-18,36],[-51,-5],[-46,-13],[-47,10],[-59,-1],[-19,-16],[12,-18],[-2,-16],[-32,-54],[-5,-18],[15,-15],[15,1],[21,-25],[-6,-24],[-14,-16],[-14,-59],[-18,13],[-50,-6],[-44,-18],[-20,-39],[-29,-37],[-60,-32],[-16,-13],[-39,-9],[-78,11],[-16,11],[-24,40],[-28,32],[-52,28],[-19,33],[-12,7],[-29,-6],[-56,-1],[-53,-7],[-54,31],[-26,7],[-48,-37],[-89,-35],[-27,1],[-48,-36],[-32,-15],[-379,-6],[-62,10],[-177,-1]],[[64353,38777],[86,188],[12,19],[35,38],[60,-49],[91,2],[56,15],[9,89],[-10,253],[24,240],[18,16],[33,50],[-15,103],[19,59],[5,67],[-2,27],[40,146],[-3,32],[29,65],[5,32],[-23,135],[-14,28],[25,99],[7,114],[-17,54],[-29,198],[29,119],[17,65]],[[65945,35589],[-4,0]],[[65941,35589],[-46,-11],[-28,1],[-4,13],[-29,1],[-34,24],[-13,-1],[-22,-33],[-47,-18],[-24,21],[-22,6],[-4,23],[-17,12],[-25,-37],[-20,33],[-18,16],[-2,14],[17,29],[-13,47],[13,75],[-34,-2],[-28,12],[11,74],[-68,-7],[-77,-3],[17,-121],[-51,-11],[20,-49],[-17,-21],[-289,-91],[-1,10],[-42,-7],[-5,-18],[-51,-7],[-7,-46],[-22,-1],[4,10],[4,74],[11,23],[-8,14],[-46,-10],[-5,16],[-48,-10],[-53,204],[-10,-1],[18,129],[-69,-11],[-4,31],[-220,-37],[24,-55],[-5,-3],[-111,-17],[-1,7],[-54,-63],[-49,72],[-92,-50],[37,-79],[25,-60],[-34,-11],[-29,2]],[[64244,35691],[-53,15],[-52,6],[-25,17],[2,24],[-25,93],[18,28],[-36,-16],[-50,-13],[-31,-3],[-37,5],[-23,16],[9,21],[-22,212],[-27,30],[-28,56],[-198,129],[-26,8]],[[63640,36319],[1,49],[-8,43],[2,104],[4,71],[-17,126],[130,31],[90,10],[79,68],[46,54],[111,4],[61,100]],[[64139,36979],[37,51],[-16,65],[29,105],[61,57]],[[64250,37257],[8,-122],[41,-5],[-8,-14],[-18,-74],[127,-32],[67,-29],[86,-48],[39,-12],[24,0],[-18,22],[-7,27],[5,58],[14,22],[-8,16],[15,21],[41,-13],[10,26],[36,-1],[17,47],[3,57],[29,-15],[60,-40],[39,-12],[16,18],[18,6],[-11,19],[-33,24],[-49,21],[8,51],[50,-29],[154,65],[7,-18],[0,-37],[7,-36],[0,-62],[94,-29],[-9,33],[124,59],[6,-44],[33,-37],[17,-44],[23,-18],[25,2],[22,-21],[46,9],[53,173],[15,3],[2,-22],[27,6],[-1,-67],[28,6],[26,-68],[50,10],[-12,-62],[187,-18],[13,-54],[294,-2],[-5,-19],[10,-3],[-13,-45],[-69,18],[-16,-59],[23,6],[64,-23],[65,-36],[23,-36],[17,-80]],[[64250,37257],[8,21],[-85,283],[26,112],[-1,6],[9,159],[29,109],[-3,68],[35,176],[9,97],[-1,91],[-6,217],[-22,72],[24,22],[81,87]],[[61609,31409],[-28,161],[-73,26],[-7,57],[66,8],[-25,148],[-61,36],[38,-13],[56,18],[51,11],[33,15],[102,15],[57,36],[44,21],[62,42],[18,-2],[13,42],[21,-4],[27,86],[-5,6],[-45,18],[-34,19],[-34,28],[-11,19],[-36,36],[-31,50],[-33,44],[12,19],[-22,2],[-7,46],[-21,30],[-17,50],[-20,18],[-31,38],[-4,43],[-83,35],[16,145]],[[61597,32758],[1,13],[30,16],[10,18],[57,-11],[11,36],[9,-3],[9,36],[58,-14],[-5,-27],[133,-6],[17,57],[97,14],[28,-8],[3,28]],[[62055,32907],[234,-56],[-55,-124],[145,-23],[-4,-37],[32,-34],[-34,-170],[181,-5],[212,-10],[209,52],[59,122],[39,86],[51,-7],[19,35],[38,-20],[11,-77],[35,3],[7,-27],[20,-1],[-5,-72],[18,8],[8,-104],[100,27],[55,18],[-33,58],[100,32],[1,22],[76,23],[-4,10],[22,-1],[2,70],[46,-3],[-7,-97],[65,-15],[25,160],[12,4],[6,-18],[55,-14],[54,5],[36,-8],[144,11],[-4,-26],[20,-10]],[[64046,32694],[-30,-51],[-23,11],[-32,3],[-22,-32],[-3,-49],[85,-13],[3,7],[62,-16],[153,-147],[68,-143],[-12,-45],[-68,-195],[222,-109],[47,-38],[17,16],[45,-44],[47,45],[46,-118],[27,7],[2,26],[12,29],[0,29],[67,19],[28,4],[-8,29],[72,59],[38,-62],[38,12],[4,60],[23,32],[36,-67],[50,18],[3,107],[61,1],[40,5],[23,-5],[-8,68],[135,38],[0,-68],[28,14],[1,21],[19,-10],[8,14],[10,-15],[-11,-17]],[[65349,32124],[-24,-37],[4,-34],[26,14],[10,-20],[7,-115],[-66,-14],[-37,-291],[11,-17],[-14,-64],[46,-15],[13,-19],[22,4],[-9,45],[12,13],[46,17],[53,-4],[-6,-66],[21,-1],[24,14],[-4,-62],[44,-19],[-11,-24],[-2,-39],[36,-10],[14,-19],[-69,-104],[-13,6],[53,-61],[-7,-16],[83,-58],[32,-29],[18,-45],[7,6],[18,-40],[27,-27],[5,-18],[29,-37],[20,-43],[24,-14],[47,-53],[31,-17],[36,49],[35,-34],[31,2],[5,-24],[31,12],[22,-10],[23,7],[41,0],[21,5],[23,17],[19,-4],[35,21],[34,7],[27,-16],[46,3],[30,16],[4,-16],[93,46],[37,27],[5,15],[86,31],[96,-41],[21,28],[54,-6],[57,-11],[54,18],[6,-17],[18,4],[31,-22],[22,-36],[42,8],[20,-2],[40,-21],[17,8],[40,-2],[13,18],[38,5],[39,-21],[18,-2],[-6,18],[19,-6],[19,9],[1,-12]],[[67213,30882],[-15,-23],[-29,-205],[2,-20],[-12,-14],[-24,-13],[5,-73],[-67,7],[0,-83],[-77,-110],[11,-31],[-21,-11],[41,-54],[66,-45],[111,-41],[134,-87],[0,-11],[-20,-20],[91,-62],[6,22],[104,-51],[-13,-28],[29,-11],[-23,-52],[23,-20],[36,-15],[46,-6],[-14,-30],[16,-17],[-18,-39],[33,-14],[-16,-33],[42,-24],[42,90],[75,-36],[56,183],[58,-51],[38,-14],[22,-33],[41,3],[13,-12],[19,-41],[35,-33],[6,-33],[45,-44],[21,-30],[0,-23]],[[68131,29594],[2,-8],[-23,-26],[-68,-38],[-20,-26],[-6,-30],[15,-18],[2,-22],[-8,-60],[-11,9],[-48,-157],[-82,33],[-23,-42],[-106,44],[-61,-153],[0,-8],[48,-172],[-103,38],[-36,-10]],[[67603,28948],[-25,69],[-27,39],[-9,-1],[-20,31],[-17,14],[-35,9],[-7,-15],[-67,-58],[-54,10],[-58,-22],[-31,21],[9,85],[-81,9],[0,-15],[-36,10],[-12,16],[-89,-312],[-90,44],[-19,-42],[-8,-32],[-42,15],[5,19],[-91,45],[-31,-107],[-59,29],[-186,-151],[-24,-139],[-70,15],[-20,-43],[-27,-71],[-25,-73],[-77,13],[-22,-38],[-41,12],[-150,-206],[-30,14],[-21,21],[-36,10],[-17,-12],[-34,15],[-30,-70],[-62,39],[-83,-47],[-127,15],[-70,-22],[-149,34],[-138,46],[-38,18],[-31,-114],[-20,9],[-39,-109],[-49,21],[-20,-91],[29,-13],[-6,-44],[-73,6],[1,5],[-85,12],[-29,-48],[-57,28],[-38,6],[-21,11],[-56,0],[-18,25],[-28,19],[-49,-55],[-13,58],[-6,4],[-45,-54],[-43,-14],[-40,-27],[-33,-3]],[[64463,27821],[-32,3],[3,25],[-28,1],[53,165],[62,-3],[7,44],[-6,15],[-26,14],[-15,-1],[-28,16],[-36,-2],[-7,-18],[-17,5],[-13,20],[-70,-13],[-36,10],[-6,19],[-19,3],[-28,22],[-26,35],[-92,40],[-8,24],[-12,-12],[-15,19],[-15,-18],[-63,-8],[-20,-18],[-55,-3],[-28,-23],[-17,10],[-38,-28],[-22,-3],[-23,13],[-24,-21],[-10,17],[6,22],[-23,-5],[-28,27],[-10,33],[3,12],[-15,14],[-2,19],[-25,19],[-9,23],[-41,48],[-37,64]],[[63572,28446],[-11,9],[-64,12],[-63,40],[-17,24],[-1,36],[-11,22],[-25,26],[-29,13],[-9,29],[-40,34],[5,15],[-27,15],[-16,26],[4,26],[-34,45],[-35,8],[-14,29],[-1,21],[16,11],[-28,34],[-31,8],[-23,23],[-2,18],[-23,30],[-36,0],[-21,39],[-14,14],[-31,-3],[7,30],[-37,30],[-73,4],[-22,10],[-26,71],[15,-1],[15,12],[1,16],[20,22],[-19,3],[1,20],[13,10],[-11,14],[-2,45],[-16,5],[-41,-21],[-27,-19],[-29,-7],[-39,-45],[-1,-30],[-44,7],[-20,20],[-51,17],[-14,-60],[-23,-17],[-28,-2],[-10,13],[-34,-6],[-28,14],[-24,1],[-1,18]],[[62443,29224],[8,51],[28,86],[3,85],[-30,8],[15,25],[-2,26],[16,66],[-104,32],[-51,-111],[-18,12],[-84,111],[50,61],[72,106],[163,-93],[4,-1],[18,66],[-24,7],[11,39],[25,-4],[22,74],[58,212],[15,58],[10,9],[27,-3],[-8,-34],[13,-3],[8,36],[127,-15],[8,7],[-13,43],[-88,20],[-75,43],[-86,163],[-43,-11],[-21,-34],[-323,122],[-3,12],[94,18],[88,23],[-23,83],[-3,22],[29,38],[18,32],[-12,17],[-9,-19],[-24,17],[5,99],[-25,3],[-24,59],[-76,-5],[-3,13],[-23,24],[32,93],[-29,10],[31,50],[37,108],[56,133],[38,-19],[38,58],[-108,71],[-35,5],[-26,-75],[-21,6],[-10,-28],[10,1],[-40,-106],[-187,92],[12,26],[-247,-20],[1,14],[-42,-14],[-25,107],[-59,-22]],[[67927,34357],[54,-53],[26,-7],[33,2],[83,-83],[-16,-149],[-29,-223],[-46,-106],[-16,-44],[-60,-16],[-20,-54],[-48,11],[-11,-20],[14,-13],[21,-1],[48,-39],[28,-29],[22,-8],[42,-52],[59,-14],[13,-12],[48,-62],[3,3]],[[68175,33388],[229,-164],[-24,-21],[-15,6],[-6,-36],[20,-1],[3,-17],[-27,-99],[45,-10],[-55,-254]],[[68345,32792],[-59,18],[-36,-21],[-22,-26],[-32,22],[-48,-21],[35,-28],[-20,-8],[-6,-27],[7,-49],[-48,-12],[-26,-33],[35,-110],[17,-128],[0,-21],[-22,-3],[-10,-31],[-7,-2],[-17,-119],[-63,-39],[-15,-43],[-7,-52],[6,-10],[-2,-36],[4,-46],[-7,-35],[55,6],[0,-21],[11,-32],[-28,0],[-9,-13],[18,-20],[9,-23],[26,-17],[-12,-29],[13,-15],[0,-57],[-17,-17]],[[68068,31694],[-54,5],[-62,2],[-39,4],[-44,13],[-30,-6],[-86,4],[-44,10],[-10,37],[-5,57],[13,18],[-5,28],[6,21],[-31,45],[-51,23],[-43,25],[-5,40],[-23,57],[-2,25],[6,18],[-28,8],[108,322],[-86,108],[55,29],[-1,139],[-254,162],[-59,-42],[-37,-36],[-66,-38],[-17,-21],[-23,-2],[-26,-18],[-25,-8],[-28,10],[-44,37],[-23,12],[1,14],[-15,8],[-3,-15],[-51,27]],[[66937,32816],[-16,9],[-81,14],[-6,17],[24,13],[2,59],[8,20],[-12,6],[-3,28],[14,23],[1,39],[-27,64],[-30,16],[-6,31],[6,17],[22,19],[-13,37],[-18,74],[4,11],[14,121],[3,108],[28,84],[-3,15],[24,150],[30,151],[85,84],[13,9],[-5,80],[-16,61],[22,27],[7,-13],[27,-8],[14,12],[20,-3],[16,22],[27,-4],[23,-27],[37,-3],[14,-27],[15,-12],[51,13],[33,-27],[29,40],[55,102],[5,42],[-25,26],[-6,21],[21,47]],[[65349,32124],[63,-5],[17,48],[-16,6],[11,21],[-26,11],[23,48],[8,-5],[11,24],[-8,2],[28,56],[16,21],[41,40],[45,3],[15,-10],[17,2],[26,51],[12,10],[1,28],[15,22],[20,6],[25,-14],[26,-57],[-3,-15],[15,-20],[30,6],[14,-7],[22,-46],[25,-8],[70,4],[21,10],[21,-11],[27,-1],[-1,16],[17,35],[44,12],[113,-3],[1,48],[-56,43],[-1,30],[-32,5],[-34,73],[-25,245]],[[65987,32848],[18,-11],[32,-7],[47,-1],[57,-31],[4,-33],[16,20],[19,6],[21,-28],[11,-4],[19,15],[17,34],[33,23],[6,-9],[30,-13],[44,3],[25,29],[35,-3],[17,13],[82,-11],[32,0],[10,30],[115,-45],[17,-51],[11,10],[84,14],[121,-32],[30,9],[-3,41]],[[68068,31694],[-4,-65],[-15,-22],[18,-3],[11,-93],[18,-28],[-62,-50]],[[68034,31433],[-60,-20],[-27,-19],[-22,-38],[-25,-25],[-11,-25],[-51,-56],[-26,-34],[-29,-22],[-30,-37],[-40,-35],[-9,-17],[-9,-40],[-15,-14],[-19,0],[-22,-34],[-30,-7],[-35,9],[-26,-26],[-34,-3],[-48,14],[-41,4],[-27,56],[-30,-20],[-31,-27],[-51,-25],[-45,-5],[-3,-19],[17,-31],[-20,-35],[-5,-21],[-17,1]],[[64463,27821],[-10,-110],[-45,-143],[32,-12],[-26,-172],[2,-12],[-22,-79],[-40,-83],[1,-79],[17,4],[35,-29],[3,9],[49,-19],[19,6],[-5,-14],[64,-6],[95,-55],[-20,-66],[27,3],[7,-25],[49,2],[8,-17],[25,-11],[8,-31],[101,-90],[-9,-104],[24,-3],[3,-47],[-10,1],[-174,-71],[-172,-7],[-2,-35],[13,-34],[30,-21],[19,-21],[28,3],[63,-9],[29,10],[96,-31],[-8,-102],[23,-61],[-69,-140],[27,-27],[38,-69]],[[64786,26024],[-83,-47],[-80,-13],[-34,51],[-164,124],[-78,63],[-62,33],[-47,-18],[-31,-4],[-62,5],[-29,11],[-11,12],[-16,-28],[7,-93],[-95,28],[-120,40],[-81,25],[-11,-26],[-3,-43],[20,-57],[35,-69],[8,-34],[17,-13],[17,-26],[-39,-66],[4,-6],[-36,-53],[-44,-59],[-116,-9]],[[63652,25752],[-24,31],[-38,24],[-54,-11],[-43,-15],[-55,-9],[-42,6],[-62,-2],[-68,5],[-1,34],[-26,1],[-2,16],[-39,-5],[-2,-9],[-48,8],[-19,10],[-62,51],[-36,24],[-29,35],[-154,-63],[-17,-35],[29,-54],[-22,-93],[-195,94],[-62,-104],[-33,29],[-34,-92],[-35,-56],[-80,-115],[-10,-37],[-22,-18],[13,-17],[-17,-1],[-7,13],[-19,6],[-10,23],[10,15],[-11,31],[-4,35],[-29,27],[-4,51],[-8,21],[-4,72],[-12,15],[-11,36],[16,21],[1,60],[-8,24],[-37,28],[-34,6],[-42,26],[-5,11],[5,45],[-28,12],[-35,5],[-11,10],[14,59],[2,52],[16,18],[39,-4],[26,8],[12,16],[10,62],[-24,54],[-32,34],[-34,18],[-24,-1],[-36,23],[-28,5],[-54,19],[-42,20],[-14,-23],[-34,-3],[-16,13],[-24,-7],[-30,-23],[-61,-147],[-24,4],[-39,15],[-110,65],[-68,-60],[-51,26],[-76,87]],[[61374,26307],[83,40],[22,58],[42,102],[8,34],[-65,89],[1,27],[8,-3],[3,48],[-8,3],[2,48],[53,79],[26,44],[45,29],[32,39],[17,-11],[9,6]],[[61652,26939],[28,-32],[28,-21],[14,8],[8,-11],[57,82],[145,-22],[-70,140],[46,88],[17,13],[38,11],[-10,-25],[79,-40],[45,97],[19,6],[5,-16],[21,-25],[46,2],[17,25],[39,-21],[17,-22],[39,-8],[26,-12],[60,-11],[28,13],[10,16],[22,-14],[22,19],[27,35],[16,-11],[-3,-14],[56,-69],[41,35],[-24,35],[38,13],[14,64],[107,-85],[-14,25],[25,37],[12,3],[12,56],[-67,81],[-94,101],[-4,25],[12,50],[11,16],[33,31],[40,61],[33,26],[12,25],[71,73],[57,-22],[34,-25],[27,-7],[18,4],[84,-15],[45,34],[23,-16],[56,54],[3,-3],[143,172],[-23,8],[-17,43],[0,30],[9,37],[14,12],[16,67],[15,32],[44,47],[36,21],[48,-9],[18,23],[20,-9],[11,22],[11,-4],[4,30],[-17,14],[91,114]],[[61652,26939],[-37,32],[-7,44],[-25,27],[-9,-3],[-13,42],[-40,19],[-49,35],[-20,-11],[-53,-11],[-193,64],[-68,94],[-23,-2],[-30,23],[-15,-5],[-125,-67],[-200,55],[-75,116],[-4,11],[5,44],[42,72],[3,-17],[21,5],[-10,15],[1,25],[76,60],[2,71],[-21,42],[-32,44],[-56,29],[-29,25],[-24,1],[-15,34],[-39,8],[-25,45],[-25,11],[-42,39],[-8,30],[4,19],[-30,73],[-72,17],[-77,35],[-92,57],[-49,45]],[[60174,28231],[81,91],[21,-11],[29,1],[36,-24],[14,20],[19,8],[8,25],[-14,28],[10,7],[27,-3],[20,-28],[28,24],[4,11],[-11,51],[26,4],[17,-31],[50,-28],[11,3],[25,-24],[51,-29],[41,5],[51,-17],[78,12],[37,-7],[45,5],[17,14],[33,-9],[71,10],[55,17],[26,-9],[26,8],[4,27],[19,29],[42,19],[9,11],[48,-7],[16,13],[-10,5],[13,13],[35,5],[39,12],[4,10],[37,19],[30,33],[36,19],[6,21],[17,20],[17,44],[33,29],[21,11],[43,-4],[16,26],[33,5]],[[61614,28715],[28,10],[-25,21],[15,10],[20,-17],[0,21],[40,-2],[6,6],[6,-30],[36,2],[-6,37],[37,-3],[13,-30],[30,3],[4,20],[48,31],[56,13],[19,20],[24,5],[-13,34],[8,52],[29,32],[12,-12],[29,12],[50,4],[43,33],[-8,10],[35,12],[28,21],[14,42],[-9,18],[4,20],[19,-2],[43,34],[23,13],[24,40],[26,3],[15,23],[15,-9],[21,12],[70,0]],[[61614,28715],[-53,57],[-13,19],[-43,91],[-18,34],[-21,50],[-44,113],[-9,14],[-27,8],[-21,21],[-18,5],[-16,-12],[-83,8],[-10,33],[-1,32],[-38,33],[-91,68],[7,30],[-13,-3],[-31,178],[25,14],[-3,9],[150,207],[-15,56],[-104,-27],[-37,-18],[-19,3],[-23,16],[-64,1],[-3,-14],[-104,96],[3,6],[57,13],[-67,60],[174,68],[52,17],[-41,54],[-24,97],[-46,36],[-92,51],[9,48],[132,7],[3,16],[21,4],[21,44],[16,-1],[22,80],[49,-10],[38,204],[20,1],[10,50],[77,-21],[49,110],[27,88],[-52,15],[8,84],[-84,19],[3,24],[-27,6],[13,109],[149,-11],[52,-12],[30,12],[74,62],[50,15],[14,199],[-5,28]],[[64046,32694],[25,31],[41,62],[-42,8],[11,28],[-43,32],[1,47],[98,-5],[16,-8],[3,28],[-74,218],[10,17],[-6,36],[-44,6],[-9,25],[22,33]],[[64055,33252],[24,-5],[34,11],[9,14],[-1,78],[-6,8],[-9,47],[79,6],[14,-75],[100,7],[19,45],[16,-10]],[[64334,33378],[3,-93],[151,-61],[124,133],[-76,140],[57,6],[31,-23],[29,-11],[73,-36],[29,3],[-17,-36],[-1,-26],[57,19],[64,35],[132,138],[18,-5],[41,8],[4,-26],[-22,-34],[40,-65],[12,-29],[17,-59],[-6,-24],[69,-31],[30,-26],[32,31],[-1,-12],[36,-25],[49,-7],[13,14],[11,30],[56,1],[51,6],[12,-5],[-8,-42],[29,-6],[11,-16],[12,37],[71,-13],[50,-20],[47,-34],[49,-94],[12,-9],[26,-46],[19,-51],[10,-76],[7,-23],[17,-26],[16,-11]],[[65820,32878],[-5,-23],[25,-2],[23,9],[44,-5],[22,5],[45,-6],[13,-8]],[[60174,28231],[-91,19],[-26,53],[-12,8],[-104,19],[-48,14],[-55,-30],[2,-15],[-20,-12],[-20,-2],[-41,-18],[-21,4],[-29,-20],[-20,-26],[-35,-79],[-28,-26],[-41,3],[-49,-110],[-19,4],[-42,30],[-8,-23],[-17,-3]],[[59450,28021],[-42,57],[2,8],[-24,38],[-10,5],[-12,29],[-19,3],[-23,19],[-13,-6],[-59,-6],[-24,16],[-41,5],[-4,71],[-68,1],[-83,-1],[-65,21],[-63,24],[-54,6],[-43,-6],[-20,-9],[-60,-13],[-17,1],[3,51],[47,8],[0,67],[-13,12],[2,84],[-23,2],[6,92],[9,108],[7,156],[-14,14],[-10,53],[-183,-34],[0,65],[13,1],[21,88],[1,27],[40,28],[11,14],[161,-104],[167,179],[5,13],[-45,32],[13,27],[23,0],[9,14],[-140,-8],[-68,-3],[-36,12],[-8,26],[24,46],[3,50],[-22,20],[32,11],[18,22],[13,32],[17,26],[17,12],[-2,20],[-13,8],[6,42],[61,205],[24,-10],[119,53],[77,-48],[35,-9],[29,-13],[20,-1],[2,58],[24,28],[91,72],[7,17],[0,35],[-8,73],[-9,26],[33,21],[32,-12],[8,17],[2,39],[-105,359],[-27,86],[-54,-24],[-61,9],[-42,11],[38,32],[6,37],[20,5],[18,48],[20,41],[-18,12],[-14,33],[-25,-11],[-25,53],[-16,16],[-40,56],[-16,6],[-68,127],[-3,26],[18,-13],[7,12],[88,-24],[39,-23],[5,-29],[30,-35],[23,3],[87,220],[-73,13]],[[59158,31194],[21,58],[13,53],[34,20],[44,-2],[13,-42],[17,-14],[15,16],[15,2],[-11,49],[34,22],[21,-8],[28,4],[-2,10],[17,92],[-10,31],[73,30],[43,-20],[-13,16],[15,33],[71,-21],[175,198],[41,-14],[66,3],[19,10],[36,-3],[1,110],[8,-2],[4,36],[9,3],[13,94],[-22,4],[-7,19],[16,8],[-56,9],[8,33],[68,-10],[24,187],[-18,10]],[[59981,32218],[2,1],[-11,161],[10,26],[46,1],[76,-23],[3,-68],[125,62],[-25,29],[72,34],[23,-44],[-9,-5],[14,-26],[9,5],[49,-85],[35,-54],[30,-29],[44,-77],[36,-32],[29,-12],[59,18],[16,46],[-8,45],[-36,62],[7,24],[2,45],[9,15],[42,2],[45,45],[13,-3],[23,61],[46,147],[44,25],[58,17],[21,11],[47,45],[71,38],[46,33],[40,18],[22,4],[55,-22],[49,-11]],[[61210,32747],[-1,-31],[46,-3],[1,-17],[182,-4],[37,26],[50,-7],[14,48],[13,-5],[7,18],[38,-14]],[[59158,31194],[-22,-9],[-18,2],[2,13],[-100,16],[-33,-2],[-38,6],[-59,58],[-34,-40],[-24,25],[-50,-77],[-223,66],[-2,5],[54,80],[-92,43],[-38,-2],[-17,10],[-25,61],[-77,-76],[-12,38],[-14,30],[-23,-4],[-7,30],[-38,-16],[-15,41],[-11,-8],[-89,-32],[-10,38],[-43,-19],[-8,31],[-13,-6],[2,-30],[-123,-11],[-51,231],[25,3],[-4,23],[-26,-3],[-35,156]],[[57867,31865],[63,10],[69,28],[52,52],[59,31],[8,27],[-15,71],[12,35],[39,30],[26,37],[16,41],[19,19],[27,2],[43,18],[26,-6],[44,-26],[49,-7],[44,-33],[51,5],[30,-15],[39,-8],[44,-18],[32,-46],[45,-35],[46,-10],[17,-25],[-93,-89],[20,-27],[34,-29],[101,-68],[-6,25],[22,64],[12,7],[5,23],[-9,22],[58,30],[46,0],[21,11],[21,76],[29,59],[14,-11],[26,18],[32,13],[17,57],[-64,34],[10,39],[-62,21],[27,80],[46,0],[5,21],[42,16],[-7,36],[268,128],[5,-74],[20,-14],[5,-26],[124,45],[28,70],[34,-5],[10,34],[95,-23]],[[59688,32605],[5,-44],[-22,-97],[8,-24],[30,-51],[53,27],[5,-44],[101,-28],[-7,-63],[120,-63]],[[59450,28021],[-232,-58],[24,-70],[131,-31],[44,-7],[-15,-26],[-73,0],[-30,-57],[-10,-126],[-6,-106],[-171,-13],[16,-5],[-8,-40],[67,9],[69,-9],[-207,-474],[-76,47],[-2,64],[35,43],[0,22],[11,61],[-7,21],[-43,5],[-28,-20],[-34,-5],[-46,-20],[-54,-36],[-45,21],[-14,-2],[-12,-23],[-3,-41],[8,-49],[-18,-15],[-25,-43],[-7,-21],[-47,-10],[-51,-53],[-14,-31],[-13,-43],[-43,-43],[19,3],[67,-20],[-31,-87],[-80,27],[15,-41],[9,-57],[-10,-20],[6,-52],[15,-83]],[[58531,26507],[-140,-12],[13,-19],[-28,-4],[6,-22],[-5,-45],[-73,30],[-75,38],[-46,15],[5,83],[-42,-10],[16,222],[-25,10],[-15,-11],[-19,-40],[-4,-25],[-7,13],[-176,-2],[-45,-30],[-28,0],[-33,-62],[-9,-46],[1,-32],[-22,-25],[-51,-45],[-27,-58],[-80,-2],[-28,-251],[-67,7],[-3,-13],[-15,5],[7,23],[-90,36],[-44,7],[-3,-23],[-44,11],[-147,45],[-80,-88],[-49,9],[-65,-50],[-2,-18],[-83,-3],[-12,-16],[-6,-41],[-111,-75],[-61,-25],[-9,-17]],[[56710,25951],[-213,218],[-34,29]],[[56463,26198],[-47,32],[-22,42],[-43,46],[-49,25],[-82,84],[-44,53],[-38,79],[-34,-51],[-26,-47],[-30,-47],[-57,37],[2,3],[-52,35],[17,24],[-6,4],[93,151],[-85,68],[-37,7],[-47,-7],[-30,19],[-37,35],[-16,25],[-22,58],[-11,51],[6,55]],[[55766,26979],[16,26],[23,19],[6,16],[4,106],[10,42],[-1,49],[19,76],[-13,85],[-5,75],[-32,77],[-8,51],[9,160],[3,13],[26,34],[14,26],[11,55],[13,27],[32,45],[-2,43],[-25,84],[4,159],[-4,27],[-18,43],[-27,34],[-32,10],[-24,47],[-33,10],[-35,21],[-35,30],[1,26],[-58,44],[-24,31],[-40,10],[-79,55],[-45,26],[-17,16],[-60,85],[-30,30],[-13,27],[1,34],[-11,30],[-12,11],[-64,34],[-24,-10],[-52,-43],[-10,-21],[-61,-46],[-25,-26],[-25,-12],[-18,3],[-45,42],[-63,0],[-44,12],[-43,-19],[-43,-30],[3,-42],[15,-8],[18,-39],[10,-61],[-6,-8],[16,-55],[22,-28],[3,-23],[-10,-24],[-28,-25],[-9,-18],[-28,-21],[-61,-2]],[[54703,28424],[-42,69],[-54,51],[-26,40],[19,67],[-3,55],[4,20],[-17,-10],[-1,44],[-86,52],[-181,128],[-86,22],[-40,5],[-77,-5],[-79,27],[-66,17],[-80,24],[-72,30],[-41,23],[-112,40],[-296,100],[-282,92],[-98,31],[-374,241],[-490,312],[-259,160],[-29,7]],[[51835,30066],[937,1050],[151,183],[118,155],[27,63],[126,91],[139,98],[124,57],[103,43],[83,22],[200,75],[19,16],[77,-13],[53,-29],[35,-10],[9,-24],[14,-5],[32,3],[6,24],[17,21],[170,-24],[15,86],[-17,28],[8,22],[12,0],[43,-20],[57,-2],[93,16],[118,40],[2,43],[77,15],[1,-5],[56,-3],[17,-77],[86,20],[4,-10],[117,20],[-3,12],[50,0]],[[55011,32047],[22,-72],[9,-8],[-51,-14],[21,-74],[-81,-31],[4,-47],[6,1],[2,-49],[-86,-17],[-38,-10],[2,-198],[3,-155],[31,-5],[93,-33],[9,4],[19,-17],[12,-42],[1,-32],[78,-59],[26,-43],[50,-39],[36,-19],[22,-23],[91,-116],[21,-24],[38,-17],[41,-10],[1,-26],[174,19],[126,-4],[1,18],[29,0],[-1,31],[-19,5],[11,13],[-1,49],[51,10],[-9,48],[62,-17],[67,9],[19,-11],[0,-19],[23,-26],[54,26],[24,27],[22,9],[-10,159],[51,38],[70,34],[-1,31],[21,-13],[27,1],[22,22],[62,12],[26,-3],[24,5],[59,-108],[119,-213],[8,-142],[72,-3],[73,-15],[33,16],[117,21],[-19,118],[4,30],[-1,70],[2,144],[0,104],[82,14],[18,88],[-30,-6],[3,60],[-86,-50],[-31,59],[-48,26],[49,109],[-38,4],[5,47],[-48,0],[3,53],[39,6],[-4,98],[65,-20],[-3,21],[55,44]],[[56816,31920],[-3,-18],[22,-36],[92,51],[28,3],[17,9],[5,28],[67,-3],[64,-22],[25,-3],[1,-180],[61,-37],[34,41],[52,28],[135,-82],[54,-39],[8,41],[22,32],[55,36],[43,16],[135,27],[127,50]],[[57860,31862],[7,3]],[[54703,28424],[0,-67],[-9,-11],[-47,-33],[-51,-18],[-8,-13],[-30,-104],[33,-60],[13,-4],[129,12],[-8,-68],[-8,-98],[-8,-20],[-5,-57],[5,-45],[14,-38],[-25,-13],[-36,-9],[-28,7],[12,-106],[76,-200],[62,-74],[-141,-192],[-10,13],[2,21],[-85,-32],[23,-19],[-21,-28],[34,-23],[36,-18],[45,-32],[25,-30],[-26,-58],[34,-7],[25,-16],[16,22],[90,-75],[11,13],[32,10],[16,-19]],[[54890,26935],[-28,-36],[-117,37],[-14,-36],[-108,-189],[52,-35],[-25,-37],[45,-31],[27,37],[44,-30],[-60,-87],[155,-88],[-74,-103],[-25,-44],[55,-73],[-21,-29],[-45,-71],[-30,6],[-21,-98],[-33,-38],[-3,-45],[-11,-24],[18,-334]],[[54671,25587],[-187,-171],[-104,-68],[-113,-78]],[[54267,25270],[-56,34],[-459,190],[-433,28],[-606,-34],[-137,-13],[-791,-248],[-86,-28],[-330,-497],[-34,-43]],[[51335,24659],[-1004,433]],[[50331,25092],[-915,1510],[-258,543],[-5,76],[12,465],[14,205],[83,431],[191,706],[121,343],[321,700],[21,44]],[[49916,30115],[339,173]],[[50255,30288],[455,-212],[947,-33],[178,23]],[[56710,25951],[28,-20],[95,-43],[27,3],[30,-7],[-47,-158],[116,-54],[5,-22],[9,11],[21,-17],[-6,-8],[29,-28],[-79,-103],[55,-45],[186,149],[30,-62],[45,-48],[10,-20],[-109,-102],[-35,-36],[-77,-126],[25,-44],[31,-40],[125,-136],[72,-46],[-17,-46],[-63,-105],[80,-112],[13,-10],[58,-28],[64,-116],[126,-96],[6,129],[161,-12],[3,31],[115,5],[6,-34],[25,-2],[4,-41],[14,-56],[1,-23],[49,1],[9,6]],[[57950,24440],[-1,-25],[10,-2],[-3,-24],[35,-7],[-12,-14],[-8,-126],[119,-8],[-33,-104],[22,-25],[5,-44],[-12,-94],[-50,-58],[12,-16],[33,-18],[28,-245],[33,6],[65,-8],[61,-28],[154,-106],[109,-44],[10,-35],[36,-33],[2,-41],[165,24],[85,-71],[5,-8],[125,-31],[38,-45],[-36,-52],[242,-822],[48,-284]],[[59237,22052],[0,-276],[75,-489],[32,-531]],[[59344,20756],[-430,-442]],[[58914,20314],[-180,61],[-374,124],[-79,20],[-843,221],[-921,75],[-791,-132],[-238,-291]],[[55488,20392],[-662,2329]],[[54826,22721],[-559,2549]],[[54671,25587],[204,-54],[19,-2],[31,11],[3,29],[30,5],[21,77],[22,1],[4,90],[18,0],[37,11],[75,40],[5,-44],[16,-30],[25,-24],[9,-19],[18,-10],[33,0],[25,37],[29,17],[20,19],[6,35],[111,-44],[31,34],[132,-36],[10,-16],[1,-27],[68,8],[45,-2],[2,30],[15,23],[33,31],[15,42],[21,27],[-106,59],[108,68],[-13,65],[3,19],[23,48],[27,-23],[76,2],[-1,-11],[43,-36],[-13,-24],[38,-34],[-9,-13],[169,-144],[-2,-18],[71,-14],[31,47],[41,39],[42,60],[21,36],[19,54],[43,-31],[38,61],[-69,50],[76,77],[2,15]],[[55766,26979],[-64,-5],[-1,-9],[-75,18],[1,4],[-65,18],[-52,39],[-30,-1],[-43,6],[-70,-172],[-9,-6],[-43,11],[-56,26],[-72,64],[-69,-115],[-59,21],[-17,30],[-83,23],[-52,25],[-17,-21]],[[57950,24440],[64,44],[1,16],[-54,7],[31,189],[138,1],[7,135],[74,209],[67,-17],[73,-9],[47,3],[49,-14],[0,-12],[66,-29],[59,-14],[54,38],[141,55]],[[58767,25042],[2,-5],[92,-62],[124,-61],[-16,-4],[-28,-39],[-34,-73],[-23,-79],[1,-26],[13,-46],[11,-70],[-10,-25],[23,-63],[38,-83],[16,-64],[-4,-24],[-98,2],[28,-131],[97,-6],[25,-5],[-4,-58],[-58,-13],[9,-129],[12,-68],[2,-62],[267,-12],[25,-265],[9,-85],[-10,-81],[-8,-84],[141,-10],[39,61],[26,-19],[58,-63],[53,-21],[-9,-34],[162,-45]],[[59738,23190],[-13,-58],[-15,-25],[14,-11],[9,-26],[-210,-321],[-285,-694],[-1,-3]],[[54826,22721],[-3112,-148]],[[51714,22573],[-11,495],[-6,304],[-4,282],[-99,208],[-54,119],[-137,249],[-28,53]],[[51375,24283],[-40,376]],[[55488,20392],[-1164,-1223],[-187,-199]],[[54137,18970],[-813,-89],[-788,23]],[[52536,18904],[-73,132],[-37,84],[-408,978],[-35,145],[-49,184],[-107,548],[1,219],[-87,680],[-16,264],[-11,435]],[[61374,26307],[-84,-16],[-75,111],[-25,-2],[-28,-11],[-36,72],[-64,-38],[-84,-29],[-20,-21],[52,-69],[13,-46],[-8,-38],[-32,-53],[-31,-21],[-8,-12],[-36,-110],[0,-14],[-21,-87],[-26,-39],[-11,-26],[-23,-5],[-22,-27],[-6,-20],[-15,-1],[3,-26],[-60,-37],[-9,-13],[-17,-67],[-40,26],[-11,0],[-23,-25],[-8,-52],[-11,-13],[-35,-63],[-3,-51],[-15,-41],[-8,-49],[16,-78],[-60,-26],[-55,-7],[-35,6],[-65,-8]],[[60348,25281],[-20,16],[35,99],[-143,39],[-13,8],[-107,10],[-20,6],[-8,40],[0,64],[18,25],[31,-3],[7,18],[-145,53],[-13,-52],[-30,58],[-22,35],[-130,-7],[-75,22],[18,26],[-2,24],[-25,-3],[-12,-24],[-48,-61],[-44,37],[-8,-74],[-94,-6],[5,-72],[-2,-27],[-27,-16],[-5,13],[-137,57],[-39,3],[15,60],[-45,26],[-25,-91],[-92,-10],[-124,63],[29,131],[-24,14],[-23,5],[-12,14],[-44,-21],[-76,-30],[-10,58],[-7,0],[-10,48],[-80,7],[-8,36]],[[58757,25899],[73,42],[-22,91],[-118,-9],[3,59],[63,-17],[15,148],[1,22],[15,67],[-27,9],[-23,-17],[-17,6],[3,55],[-122,60],[-59,23],[-11,69]],[[58757,25899],[-153,-119],[33,-139],[-3,-20],[16,-83],[4,-60],[61,3],[15,-47],[-71,-15],[5,-95],[20,-17],[-24,4],[15,-38],[16,13],[33,-47],[11,-40],[32,-157]],[[60348,25281],[4,-16],[-77,-108],[-7,-12],[-48,0],[-22,-6],[-64,-6],[-41,-10],[4,-58],[221,-22],[16,-3],[-17,-28],[-11,-31],[-5,-46],[16,-6],[35,4],[39,-8],[51,-20],[20,-33],[-45,-114],[-42,-124],[11,-5],[-21,-27],[17,-44],[-35,-64],[-4,-23],[-149,13],[-131,-129],[-22,-27],[-28,-82],[-62,-129],[1,-33],[-8,-47],[-27,7],[-87,-224],[-74,16],[-33,-42],[42,-265],[12,-67],[31,-83],[-39,-59],[-3,-57],[-10,-39],[-13,-10],[-5,-24]],[[55011,32047],[22,8],[146,61],[-21,65],[56,21],[-41,55],[-34,67],[137,59],[-27,57],[-81,79],[-33,40],[-47,44],[-14,24],[81,21],[5,-4],[146,29],[-4,44],[-11,7],[35,0],[76,15],[140,3],[-9,51],[64,-1],[-10,35],[-14,12],[111,-4],[4,52],[-7,0],[4,129],[21,-23],[74,-3],[3,16],[-15,-1],[-41,222],[20,159],[-15,64],[-163,6],[-3,4],[10,96],[9,26],[-4,14],[-115,-1],[-10,26],[-151,14],[-17,21],[-11,48],[-39,206],[-2,25]],[[55236,33935],[54,8],[28,19],[411,138]],[[55729,34100],[368,-247],[32,-8],[81,-52],[-15,-4],[-44,-34],[-12,-64],[64,-20],[13,8],[11,-13],[40,-23],[28,-11],[35,-7],[18,-15],[52,12],[5,-64],[-7,-49],[13,-126],[73,11],[-12,-51],[-48,-154],[-29,10],[-39,-40],[-68,-43],[-85,-62],[-20,-9],[2,-10],[53,-35],[30,-11],[123,-21],[78,98],[71,-23],[22,-46],[-8,-11],[27,-31],[50,-46],[79,-68],[76,-218],[23,-54],[10,-5],[51,34],[-7,-85],[38,18],[73,-194],[-18,-13],[13,-59],[9,5],[0,-39],[24,-20],[0,-17],[-19,-31],[-23,-113],[-7,-18],[-7,9],[-62,-89],[-26,-3],[-36,3],[-6,-32]],[[50255,30288],[1,130],[-84,1884],[-175,1402],[-27,212]],[[49970,33916],[438,237],[245,127],[208,69],[156,33],[732,18],[66,-5],[188,-73],[50,-23],[179,-89]],[[52232,34210],[118,-65],[221,-162],[158,-83],[108,-90],[48,-44],[76,-91],[446,-116],[18,-6],[59,-35],[52,-55],[66,-16],[4,22],[15,-4],[-2,-22],[64,-16],[26,4],[7,27],[-6,20],[19,-8],[13,8],[7,36],[-10,49],[52,53],[-3,38],[40,-16],[23,-3],[20,20],[18,47],[1,31],[20,22],[20,-1],[33,15],[5,-7],[47,20],[41,10],[37,-54],[41,-2],[17,16],[11,50],[-12,17],[6,24],[-11,21],[36,23],[13,24],[8,36],[14,-17],[41,32],[0,-64],[34,-7],[18,10],[16,22],[40,39],[51,-32],[53,-8],[24,-24],[11,5],[69,-5],[44,-34],[18,28],[22,17],[53,-10],[92,-27],[20,7],[42,35],[28,-25],[32,26],[-1,15],[13,29],[-13,11],[16,5],[-1,37],[5,45],[47,-1],[30,-8],[-11,-17],[15,-29],[22,-5],[25,-37],[18,-6],[46,10],[21,-15],[80,-14]],[[55729,34100],[367,511],[7,5],[-26,41],[11,48],[43,19],[9,10],[57,10]],[[56197,34744],[111,19],[-4,-20],[12,-16],[-9,-108],[76,-7],[4,-36],[-9,-45],[10,-1],[20,-55],[68,4],[19,-82],[91,7],[3,-73],[57,-1],[-7,36],[4,38],[8,16],[19,2],[13,30],[25,3],[70,-12],[2,56],[87,-8],[-5,-104],[9,-45],[59,-1],[42,-5],[38,2],[4,-41],[8,-29],[14,9],[73,17],[17,1],[-20,71],[98,101],[109,-61],[71,127],[1,-1],[159,99],[-3,-55],[33,-47],[29,-9],[31,-25],[12,-21]],[[57646,34474],[19,-29],[29,3],[36,-25],[70,-11],[27,-18]],[[57827,34394],[-41,-98],[64,-49],[50,-29],[-14,-19],[-13,-61],[-14,7],[-16,-8],[-4,-54],[89,13],[34,-47],[-15,-4],[27,-39],[28,18],[33,-51],[-15,-52],[15,-16],[-3,-29],[-15,-40],[1,-59],[-6,-16],[116,-2],[73,68],[78,-31],[10,21],[62,-24],[-24,-51],[-6,-76],[78,-65],[46,-22],[-6,-85],[-75,-18],[-50,-33],[-34,8],[-48,1],[-64,-19],[5,-33],[18,-23],[0,-20],[19,-68],[-19,0],[6,-13],[-11,-41],[-13,-17],[-50,-25],[-53,-40],[11,-36],[41,-8],[-10,-12],[19,-8],[16,-19],[3,-17],[-17,-30],[2,-14],[-22,-16],[-18,-47],[-36,0],[-63,-40],[-44,-9],[-21,-16],[-28,6],[-21,-13],[-43,9],[-75,-22],[-62,-3],[4,-55],[-5,-4],[-4,-48],[49,10],[7,-49],[39,5],[11,23],[45,5],[52,-130],[75,-33],[21,2],[1,-25],[-188,-44],[7,-72],[72,-37],[-12,-102],[51,-66],[-93,-138],[37,-48],[-9,1],[-5,-55],[8,-54],[-3,-23],[-16,-32],[14,-27]],[[57827,34394],[19,-24],[7,-33],[10,-11],[38,-3],[152,-28],[65,2],[18,-14],[10,-20],[19,-10],[60,3],[27,-24],[22,-2],[35,-22],[51,7],[25,18],[19,34],[18,21],[24,6],[69,-5],[43,-12],[19,7],[16,27],[52,25],[66,-1],[77,23],[24,-4],[49,-25],[26,-4],[17,12],[5,19],[18,22],[17,6],[85,3],[20,14],[106,25],[50,19],[36,21],[56,8],[138,58],[92,23]],[[59527,34555],[1,-372],[-57,-155],[-36,-109],[33,8],[-19,-121],[21,-24],[4,-24],[15,-37],[-52,-49],[-21,-7],[-36,36],[-66,-9],[-25,0],[10,-34],[-13,-20],[1,-26],[-14,-19],[-1,-48],[7,-30],[-2,-22],[9,-61],[23,-17],[127,0],[42,-23],[28,-5],[2,-28],[50,5],[70,-29],[64,-9],[11,-31],[11,4],[34,-9],[8,-60],[-3,-21],[10,-19],[26,-20],[3,-30],[-10,-24],[-2,-29],[-12,-49],[-1,-37],[-10,-22],[-13,-54],[-43,11],[-9,-7],[-40,10],[-3,-17],[24,-8],[-7,-15],[65,-7],[-11,-29],[11,-96],[6,-70],[-5,-58],[-9,-24],[-35,-10]],[[59527,34555],[236,83],[19,-5]],[[59782,34633],[86,-84],[40,-17],[77,1],[120,-42],[177,-101]],[[60282,34390],[135,-77],[15,2],[18,-17],[4,-30],[43,39],[33,18],[56,-16],[2,26],[62,-21],[-43,-146],[7,-34],[6,13],[38,15],[37,-15],[48,-11],[29,-26],[25,-10],[15,7],[39,-7],[31,15],[34,8],[33,-5],[84,-45],[14,-2],[14,-19],[5,-27],[41,-16],[11,-12],[41,-11],[16,-21],[8,-29],[-5,-19],[11,-15]],[[61189,33902],[-25,-94],[18,-10],[40,3],[-1,-108],[78,-9],[-35,-97],[-11,5],[-12,-29],[-15,5],[3,-16],[-101,-17],[-25,12],[-7,-20],[-22,6],[-41,-59],[28,-20],[37,-3],[-15,-148],[-71,-17],[-4,-17],[30,-5],[-9,-54],[-31,5],[-2,-25],[174,-15],[-20,-196],[65,-9],[2,-38],[-11,-22],[12,1],[1,-34],[-8,-9],[-3,-62],[9,-30],[-7,-29]],[[61189,33902],[28,7],[70,54],[21,-13],[36,-6],[24,-20],[33,3],[47,-28],[47,4],[8,-38],[45,11]],[[61548,33876],[-8,-14],[22,-43],[-1,-63],[7,-70],[128,-147],[117,-165],[12,-22],[129,-53],[5,-98],[28,3],[-1,-105],[91,-26],[-49,-159],[27,-7]],[[64139,36979],[-65,33],[-35,13],[-18,43],[31,123],[-10,44],[-29,52],[-4,-2],[-119,157],[-12,22],[-11,-11],[-85,-12],[-42,23],[-10,59],[-124,72],[-36,-37],[-179,46],[13,23],[-31,24],[-17,-20],[-42,15],[-14,-14],[3,-23],[-23,-8],[-45,-81],[-10,-28],[-24,-28],[-89,13],[-19,19],[-8,19],[-97,5],[-25,-96],[-65,-3],[-3,-14],[36,-110],[40,-111],[-15,-56],[-27,3],[-68,0],[7,-14],[-79,-11],[-91,-26],[-6,-60],[-23,-2],[-9,-83],[-84,-40],[-60,4],[-7,-40],[-52,2],[-121,-31],[-15,-59],[-36,23],[0,-36],[-52,25],[-15,-54],[-26,-8],[-16,-35],[-8,-29],[6,-88],[5,-12],[62,-29],[-18,-67],[-13,-3],[-4,-100],[-38,-1],[-1,-35],[-60,0],[11,-16],[6,-27],[-3,-47],[10,-23],[17,-8],[15,-31],[-9,-38],[8,-26],[-21,-53],[-3,-38],[23,-21],[1,29],[27,-7],[-6,-27],[109,8],[43,-10]],[[62335,35989],[8,-23],[65,-6],[4,-15],[39,-14],[5,-41],[-14,-8],[1,-25],[-8,-33],[2,-27],[-11,-22],[-45,-20],[-36,-95],[-30,10],[-47,-17],[-7,-21],[-12,15],[-37,23],[-6,12],[-12,-11],[-54,8],[-38,20],[-14,-26],[-22,-22],[-40,-29],[-71,34],[-21,19],[-25,-12],[-19,41],[-22,-2],[-10,-16],[-18,17],[-69,-5],[-20,-7],[-22,-23],[-10,-25],[14,-84],[-13,4],[-62,-9],[-170,21]],[[61488,35575],[57,365],[116,3],[-6,78],[-98,218],[68,127],[28,213],[58,138],[26,26],[-65,48],[-85,19],[-1,-3],[-115,-37],[-27,-14],[-31,10],[-47,205],[-6,1],[-3,77],[28,1],[-58,145],[126,51],[-14,37],[-49,-6],[-1,9],[-60,-6],[-30,-16],[-13,34],[-40,184],[11,54],[11,108],[140,32],[8,87],[11,7],[10,81],[-15,-3],[-39,7],[-5,16],[-36,6],[-45,19],[-62,-8],[-40,-1],[-12,-23],[-24,22],[-40,19],[-17,37],[-32,14],[0,12],[-60,31],[-44,58],[-55,15],[-34,36],[-23,7],[-3,12],[-37,57],[-10,-14],[-92,-35]],[[60712,38135],[-78,78],[-76,64],[101,184],[-24,18],[23,76],[53,-2],[0,20],[41,-8],[35,13],[38,5],[21,14],[28,1],[14,72],[30,23],[-19,44],[-1,42],[18,24],[35,-4],[15,25],[-33,16],[11,93],[5,14],[-35,7],[7,48],[-85,25],[46,128],[-2,19],[-85,43],[49,74],[-17,-20],[-36,30],[-4,16],[-89,99]],[[60698,39416],[-130,147],[192,173],[3,66]],[[60763,39802],[334,174],[80,176],[58,12],[71,-10],[163,39],[18,14],[111,38],[69,15],[51,21],[121,194],[56,101],[21,18],[125,123],[4,7]],[[62045,40724],[94,40],[128,-15],[235,-90],[24,-5],[58,3],[94,33],[161,69],[202,155],[60,51]],[[63101,40965],[363,26],[26,3]],[[63490,40994],[-55,-1002],[413,-1083],[505,-132]],[[63490,40994],[185,199],[200,502],[88,156]],[[65820,32878],[30,51],[2,27],[23,14],[45,44],[4,38],[22,-44],[57,61],[-12,10],[22,9],[16,55],[19,0],[23,27],[-9,17],[-7,-15],[-37,0],[-13,7],[42,24],[-8,54],[-2,58],[-23,-2],[-19,-18],[-18,7],[-18,-14],[-40,-14],[-15,2],[0,23],[33,151],[-61,129],[31,23],[8,32],[14,15],[-1,42],[16,28],[21,3],[25,22],[4,14],[-12,18],[-4,38],[-15,19],[-41,36],[2,50],[13,36],[-1,37],[-27,31],[70,69],[5,11],[42,-24],[-11,88],[44,12],[17,12],[1,21],[24,45],[-64,17],[-20,10],[28,27],[55,68],[-69,42],[-1,20],[-37,4],[1,-7],[-93,52],[4,7],[0,60],[25,14],[26,50],[-11,56],[12,73],[9,89],[22,15],[-1,66],[-51,74],[-196,70],[13,25],[83,94],[42,33],[39,23],[16,26],[9,-3],[19,41],[-25,-1],[-21,10],[6,68],[22,-3],[-3,32],[-12,21],[16,16],[-1,28],[-42,2],[-6,12],[7,37],[41,62],[-2,2]],[[64334,33378],[48,27],[3,47],[23,11],[-14,102],[10,1],[-10,35],[-13,2],[-20,23],[-19,3],[6,66],[-54,2],[-15,71],[5,47],[-8,31],[-63,28],[9,29],[-8,6],[48,10],[72,41],[-20,31],[5,174],[2,11],[33,15],[-5,10],[-49,-21],[-106,-24],[-10,34],[-53,246]],[[64131,34436],[-11,50],[13,18],[-64,185],[94,32],[-10,5],[14,17],[10,-17],[28,-10],[4,27],[18,-1],[62,-25],[34,-3],[4,28],[34,43],[-19,47],[2,35],[-10,17],[1,21],[-15,30],[-16,8],[2,28],[-24,23],[4,23],[-25,12],[-3,28],[-15,11],[-41,2],[-16,72],[-14,0],[-17,14],[-4,18],[-17,17],[-64,-18],[-48,135],[-2,57],[74,1],[24,-23],[29,22],[6,19],[45,21],[2,34],[-21,71],[49,52],[30,61],[-14,68]],[[64131,34436],[-22,6],[-55,-6],[-1,79],[-39,19],[1,-67],[-73,-89],[-14,27],[-42,-20],[27,-87],[-175,17],[3,30],[-49,3],[24,36],[-51,-5],[-9,79],[-96,-60],[-81,141],[6,60],[9,66],[11,44],[-100,-23],[-9,16],[-46,-1],[-87,-97],[-28,-5],[-34,-70],[-20,-57],[-17,-22],[-21,-45],[-56,20],[-77,-127],[-18,10],[-228,30],[-12,-170]],[[62752,34168],[-60,9],[-37,22],[-44,12],[-20,22],[-6,17],[4,34],[-41,38],[-66,19],[-27,-7],[-33,-27],[-24,219],[-66,-11]],[[62332,34515],[-6,24],[-24,13],[-45,-7],[-19,7],[-12,28],[-40,10],[-54,7],[-3,94],[-29,78],[25,12],[68,-12],[49,26],[-13,68],[34,134],[53,30],[-14,43],[-31,36],[-13,6],[-25,-44],[-10,9],[-5,51],[11,12],[-2,32],[-47,-9],[-20,25],[-31,13],[-15,-12],[-87,-4],[-2,29],[39,80],[8,39],[-26,100],[27,26],[15,25],[-3,36],[-17,18],[-31,44],[-10,5],[-57,-22],[-59,3],[-27,-51],[-48,-4],[-26,9],[-54,-1],[-24,16],[-22,-63],[-6,-1],[-77,34],[-75,-115],[-53,-27],[-12,20],[-35,-7],[4,-29],[14,-13],[11,-24],[-26,-23],[-17,-24],[-5,-18],[-50,-42],[-7,-31],[-64,-36],[-52,-19],[-72,-20],[-29,-2],[12,-30],[-31,-1],[-38,14],[-13,28],[-33,17],[-35,6],[-45,-3],[-42,12],[-34,-14],[-21,-31],[-23,-58],[18,-42],[-5,-6],[-117,-47],[-120,-94],[-28,0],[-22,21],[0,-25],[-56,14],[15,-35],[-126,-65],[-63,-50],[-3,13],[-32,-14],[-8,-24],[-14,15],[-13,-47],[22,-23],[-6,-35],[-20,-20],[71,-74],[-67,-109]],[[59782,34633],[13,97],[16,38],[9,44],[22,6],[13,26],[7,31],[-21,129],[61,-4],[-5,46],[-21,7],[8,48],[12,-4],[4,35],[22,-2],[4,-38],[-7,-9],[-3,-47],[24,-18],[4,-13],[33,2],[33,-5],[13,-13],[1,38],[112,13],[39,14],[-2,81],[8,24],[20,13],[12,-21],[20,-5],[8,30],[-63,16],[2,3],[-51,45],[-83,64]],[[60046,35304],[26,55],[1,14],[16,-20],[20,-9],[43,45],[-22,24],[77,33],[12,10],[-10,16],[6,22],[30,-7],[15,39],[28,3],[41,27],[-85,36],[4,37],[-6,25],[22,11],[71,61],[18,27],[21,6],[10,18],[8,35],[36,-8],[29,-18],[8,-19],[31,-29],[37,11],[22,-15],[38,-48],[25,18],[138,-15],[8,29],[16,-1],[2,29],[17,-3],[0,27],[18,82],[1,27],[9,37],[14,31],[-3,10],[15,51],[6,61],[52,-17],[6,-24],[-24,-73],[52,-22],[54,-28],[-34,-83],[53,-34],[-20,-75],[41,-13],[-51,-22],[84,-53],[-44,-87],[27,-39],[-11,-61],[50,-5],[2,37],[-5,28],[122,-60],[14,21],[37,-8],[44,10],[27,0],[23,20],[73,36],[46,-9],[11,67]],[[62335,35989],[-20,91],[87,37],[-4,43],[45,6],[-12,40],[155,13],[-11,40],[10,0],[1,68],[62,-27],[85,-22],[8,83],[26,-8],[33,8],[36,-22],[52,0],[1,-19],[-20,-42],[1,-15],[34,-1],[73,-17],[70,-27],[26,-13],[51,-18],[73,-11],[38,6],[15,-3],[79,40],[33,22],[72,62],[57,37],[8,14],[43,5],[98,-40]],[[62332,34515],[8,-47],[-7,-18],[-43,-11],[-37,-76],[6,-20],[-8,-53],[-12,-37],[-47,25],[-44,6],[-23,-7],[-3,-11],[-65,-53],[-21,-72],[-20,-50],[-65,-24],[-18,23],[-40,-53],[-9,-48],[-8,-18],[7,-41],[-26,-19],[-13,-1],[-16,21],[-49,-3],[-26,-11],[-18,8],[-35,54],[-17,10],[-33,-2],[-20,21],[-38,13],[-52,-34],[4,-45],[19,-28],[-11,-11],[-4,-27]],[[64055,33252],[-41,1],[-39,-6],[-50,-23],[-34,1],[-28,-37],[-57,-36],[-32,1],[-38,-10],[-42,-2],[-15,33],[-15,81],[-7,60],[5,56],[-67,8],[-26,68],[-42,-5],[-73,-22],[-39,16],[2,19],[-78,7],[-22,-3],[6,16],[-43,14],[14,36],[-12,29],[-10,-7],[-29,102],[-29,72],[-162,-64],[-35,8],[7,36],[15,2],[-10,46],[-30,-4],[-99,-44],[-4,51],[-33,-19],[-35,40],[16,32],[-14,8],[-26,-13],[-59,-18],[-37,83],[-22,-9],[-25,56],[5,-1],[14,74],[-5,20],[109,-6],[-3,111],[-24,-1],[-5,59]],[[49970,33916],[-78,53],[-156,106],[-802,529],[-838,498]],[[48096,35102],[-386,651],[-157,532],[-73,277],[-86,101],[-43,46],[-509,558],[-408,458]],[[46434,37725],[105,640],[60,233],[164,479],[547,1435],[67,151],[286,554],[155,133],[1101,927],[37,40],[230,286]],[[49186,42603],[614,-297],[1403,-751],[15,-5],[81,-48],[276,-149],[260,-144],[79,-5],[240,-31],[1003,-112],[304,-36],[96,-32],[482,-121]],[[54039,40872],[338,-580]],[[54377,40292],[-61,-300],[-84,-792],[-42,-160],[37,-248],[-8,-23],[6,-29],[-11,-15],[-67,-3],[-184,-84],[44,-88],[103,-214],[255,-167],[9,-12],[102,-83],[45,-175],[86,-84],[-8,-31],[37,-25],[55,-60],[193,186],[8,2],[14,-55],[-22,-34],[21,-41],[-7,-97],[3,-73],[11,-72],[29,-49],[21,-27],[1,-40],[16,-53],[41,-78],[43,-50],[69,-64],[50,-30],[10,-1]],[[55192,37123],[-96,-166],[14,-9],[-44,-165],[-24,7],[-11,-30],[-65,16],[-2,-6],[-115,19],[1,6],[-102,14],[13,-131],[3,-79],[9,-6]],[[54773,36593],[-45,-25],[-70,-12],[-12,5],[14,-252],[-69,-106],[-86,8],[-35,-117],[-20,7],[21,-72],[-34,-130],[-32,-130],[-47,11],[-52,1],[-4,-13],[-43,-13],[-23,-18],[-32,-6],[-25,4],[-105,37],[-102,45],[-71,17],[-5,-16],[-43,-27],[-6,-34],[-19,-2],[2,-38],[-20,-17],[145,-54],[-8,-92],[20,-23],[-71,-35],[14,-33],[-58,-31],[78,-134],[72,-128],[70,-64],[44,-25],[-32,-58],[13,-6],[33,56],[267,-149]],[[54397,34924],[-15,-25],[-17,-4],[-53,-51],[2,-35],[-32,-49],[-13,-34],[-18,11],[-203,-55],[-4,-14],[-22,-6],[-2,13],[-31,-9],[-34,29],[-152,4],[-50,-4],[-74,48],[-49,3],[-7,-10],[-212,13],[-76,-8],[-24,-25],[-67,-52],[-212,-102],[-800,-352]],[[60046,35304],[-58,43],[-16,62],[-21,31],[-16,39],[-43,28],[1,28],[24,3],[3,25],[26,4],[30,60],[19,20],[-13,7],[-12,29],[-21,-2],[-53,45],[-18,19],[-36,77],[-27,61],[11,36],[20,33],[15,40],[11,9],[9,58],[-11,13],[-4,67],[50,14],[7,25],[17,-8],[11,39],[31,20],[4,35],[-3,95],[-8,44],[7,37],[-8,23],[13,31],[-9,13],[14,20],[-3,42],[14,11],[17,-17],[28,8],[110,11],[103,23],[1,52],[10,18],[4,76],[-18,31],[28,50],[4,56],[6,0],[66,71],[47,56],[-3,18],[6,33],[-58,128],[-64,24],[30,73],[18,83],[-77,21],[-26,10],[-61,10],[-114,34],[-44,-2],[-196,-20]],[[59820,37427],[-31,52],[-1,37],[6,13],[3,51],[-6,45],[-14,133],[-2,2],[-13,127],[0,42],[26,54],[6,95]],[[59794,38078],[162,41],[18,-13],[194,80],[28,18],[10,41],[87,2],[-1,57],[24,0],[102,-35],[-15,-95],[-19,-8],[0,-52],[236,-31],[92,52]],[[57646,34474],[57,65],[14,1],[75,87],[39,-28],[44,50],[47,-58],[58,89],[20,72],[67,-67],[24,-18],[29,12],[29,-3],[45,82],[17,-16],[7,13],[55,0],[31,25],[22,32],[22,8],[10,42],[43,-10],[14,11],[52,8],[0,65],[-126,109],[-122,-40],[-133,202],[-16,43],[6,18],[-19,20],[-3,21],[12,34],[-10,33],[4,26],[53,9],[34,19],[-12,81],[91,83],[-23,36],[-32,-16],[-10,45],[37,24],[-9,15],[-110,61],[-11,25],[34,139],[53,87],[148,153],[87,87],[9,6],[25,50],[2,16],[26,-12],[-6,-21],[20,8],[37,-10],[13,22],[13,61],[-1,28],[-9,11],[-56,22],[10,66],[-12,6],[-61,3],[1,5],[-48,3],[0,-5],[-178,11],[-20,10],[-21,51],[22,5],[-6,22],[-25,-6],[-6,14],[30,12],[23,60],[18,25],[130,9],[72,18],[91,63],[9,17],[-10,19],[45,13],[11,16],[8,-13],[46,10],[-10,87],[-50,31],[-5,83],[23,123],[-19,96],[2,8],[-15,70],[-138,-55],[-9,-17],[-112,-43],[-27,9],[-30,108],[0,26],[-14,18],[33,51],[43,26],[-18,94],[12,2],[-4,102],[2,12],[34,62],[-26,12]],[[58264,37770],[-9,44],[59,22],[33,21],[14,-54],[105,44],[17,-64],[47,19],[2,-82],[75,21],[19,2],[3,-29],[26,-6],[11,-117],[5,-16],[195,76],[26,-75],[105,38],[-3,-21],[46,11],[59,20],[102,30],[45,-7],[23,8],[18,-50],[36,21],[112,-69],[35,-29],[12,-18],[30,-14],[67,-7],[134,-36],[107,-26]],[[56197,34744],[-4,67],[-81,58]],[[56112,34869],[31,35],[8,25],[23,22],[23,41],[25,14],[60,50],[8,31],[-1,22],[-21,39],[2,10],[32,39],[20,67],[-3,40],[21,20],[9,21],[19,14],[51,5],[20,16],[2,74],[19,31],[10,53],[-16,49],[-5,36],[3,62],[10,51],[11,22],[99,107],[13,42],[-19,50],[1,19],[16,18],[13,-4],[21,15],[60,3],[9,13],[39,2],[1,-14],[25,8],[83,-39],[12,21],[5,31],[-44,10],[-4,-6],[-33,25],[-49,-25],[-15,5],[8,42],[-8,10],[12,28],[-12,12],[-23,42],[-4,35],[-14,48],[18,44],[-38,-24],[-68,-27],[-4,31],[3,51],[-9,28],[-60,25],[-24,38],[15,17],[-17,-5],[-8,24],[18,104],[80,-19],[48,264],[-8,2],[-4,66],[16,-6],[23,20],[-32,36],[-51,47],[41,78],[-22,14],[-143,51],[-10,-22],[-9,4],[-6,-21],[-48,14],[4,27],[-46,39],[-7,-27],[-40,23],[-90,17]],[[56187,37169],[13,40],[36,24],[-27,17],[86,101],[48,-70],[59,40],[64,-34],[20,66],[73,-33],[77,-2],[6,-16],[51,2],[38,-28],[38,54],[42,-4],[46,73]],[[56857,37399],[5,-7],[39,6],[30,-36],[15,-4],[53,-156],[66,6],[-8,17],[0,48],[10,60],[170,76],[53,128],[58,-9],[-3,14],[18,0],[-10,19],[18,47],[50,-23],[8,205],[-94,50],[76,135],[172,128],[20,35],[31,-11],[-5,-15],[74,-24],[66,-18],[-1,24],[64,-8],[30,-25],[66,133]],[[57928,38194],[51,-8],[15,2],[57,-64],[-9,-46],[-2,-44],[26,-48],[31,-7],[13,-24],[11,-38],[11,-17],[48,-29],[38,-74],[13,-38],[33,11]],[[56857,37399],[-35,33],[-28,49],[-14,-23],[-20,21],[-15,-22],[-27,-20],[-31,24],[-29,-10],[4,16],[-15,-3],[-12,77],[-39,40]],[[56596,37581],[112,100],[0,32],[-17,52],[4,21],[73,112],[97,114],[136,20],[2,51],[11,1],[26,95],[8,99],[4,20],[-25,7],[-8,52],[-15,36],[49,18],[-28,29],[95,15],[34,-47],[9,0],[-47,180],[41,149],[34,5],[-1,25],[28,-5],[1,-10],[27,5],[82,-15]],[[57328,38742],[146,-39],[97,-44],[71,-109],[-8,-25],[3,-25],[12,0]],[[57649,38500],[6,-51],[-8,-19],[10,-30],[-15,-65],[10,-32],[85,29],[0,12],[43,49],[35,-79],[-1,-5],[-87,-31],[10,-30],[63,-14],[24,-22],[34,1],[25,-11],[45,-8]],[[55192,37123],[43,4],[34,17],[60,13],[29,21],[16,31],[-6,12],[7,35],[35,8],[-9,28],[26,-2],[13,16],[110,41],[71,2],[8,42],[32,-5],[12,-24],[17,13],[23,-10],[29,19],[26,-4],[91,-22],[30,-15],[-8,-22],[16,-3],[60,-24],[8,-17],[81,-71],[10,20],[32,-24],[34,-4],[65,-29]],[[56112,34869],[-76,-16],[-47,93],[-50,-11],[-4,20],[-26,-6],[-8,40],[-144,24],[3,8],[-60,18],[36,72],[-56,24],[14,63],[-13,22],[-1,19],[21,30],[-3,16],[-23,2],[0,63],[-14,11],[-43,-10],[-72,29],[2,19],[-156,-13],[0,14],[22,42],[12,38],[-41,-17],[-84,-17],[25,8],[-39,63],[62,9],[-4,48],[15,26],[-20,16],[16,211],[-26,-1],[1,60],[-9,27],[7,23],[-14,36],[24,45],[-152,17],[-20,137],[-130,3],[4,53],[-12,63],[62,77],[-269,190],[-49,36]],[[54397,34924],[82,-36],[19,-17],[47,-8],[40,-13],[34,-22],[98,37],[126,-30],[197,-13],[89,-194],[157,-150],[29,-21],[414,-357]],[[61564,48775],[136,-1214],[73,-1010],[154,-260],[211,-280],[102,-164],[126,-852],[18,-106],[29,16],[22,2],[25,11],[37,3],[25,12],[61,10],[17,8],[7,-21],[14,4],[15,-58],[-15,-4],[4,-16],[17,5],[5,-22],[-16,-4],[5,-22],[16,4],[4,-15],[-16,-4],[6,-24],[43,13],[8,-31],[7,1],[7,-32],[-28,-17],[4,-14],[22,-2],[98,-22],[10,9],[14,-15],[84,-19],[96,-44],[25,-85],[-24,8],[-19,-48],[38,-19],[-32,-51],[62,-25],[42,-12],[16,43],[43,-11],[33,-35],[395,-193],[570,1]],[[63101,40965],[-390,115],[-14,14],[-55,31],[-76,-10],[-224,82],[2,28],[12,58],[31,12],[-1,14],[-39,33],[-19,117],[-157,-32],[-12,83],[-27,73],[6,79],[-15,6],[4,19],[-36,14],[-96,5],[8,27],[19,25],[-34,21],[-2,-10],[-35,24],[-64,-9],[0,-33],[-165,60],[-25,41],[4,19],[-65,3],[11,161],[-4,85],[13,2],[-5,23],[-35,88],[-22,122],[-36,-16],[-17,38],[-2,37],[-96,100],[-22,14],[-38,36],[-10,29]],[[61373,42593],[21,73],[131,105],[116,-4],[99,21],[24,139],[10,16],[-37,35],[12,23],[-124,3],[-5,3],[-93,135],[16,77],[-49,11],[15,33],[-62,30],[-40,24],[26,60],[-34,25],[-81,48],[14,32],[-64,32]],[[61268,43514],[-24,14],[-49,9],[-22,44],[13,37],[23,23],[14,40],[-4,19],[13,61],[-14,-14],[-11,10],[13,39],[-29,1],[10,48],[-35,-3],[-2,92],[-20,-6],[-25,118],[-26,-7],[2,25],[-11,35],[-23,52],[20,11],[-31,31],[-3,43],[4,27],[43,54],[53,5],[9,34],[-11,39],[4,28],[-55,-2],[-38,12],[-165,-5],[-110,-19],[-38,-27],[-127,85],[-145,-66],[9,41],[-28,14],[-91,69],[-26,-26],[-87,67],[-23,-12],[-22,106],[-109,-20],[-33,-11],[-57,-8],[-48,-11],[-126,-5],[-2,31],[-71,9],[-46,-67],[-27,24],[-42,19],[-12,-41],[66,-24],[-116,-169],[-27,-1],[-27,-46],[-9,-1],[-117,-89],[-71,-36],[-135,-45],[-131,-37],[-29,-23],[-232,-115],[-384,-204],[-192,-133],[-112,-86]],[[58114,43571],[-11,2]],[[58103,43573],[70,317],[108,395],[14,97],[45,208],[5,35],[41,265],[107,153],[7,150],[50,55],[17,14],[13,-5],[-18,52],[9,11],[-45,38],[-37,3],[2,326],[12,13],[-9,3189],[153,678],[113,249]],[[60698,39416],[-169,-153],[-74,83],[-21,89],[-12,78],[-113,-2],[-108,-7],[-31,-7],[-71,1],[-24,-17],[-50,7],[1,17],[-16,36],[-58,-4],[-29,-31],[-28,-2],[-15,-26],[-69,45],[-136,51],[-125,10],[-41,-120],[20,-7],[-104,-95],[174,-196],[-12,-98],[-2,-42],[5,-4],[2,-50],[13,-1],[-9,-94],[8,-4],[-4,-70],[-7,-36],[-2,-60],[-19,-49],[-18,-75],[11,-67],[12,3],[5,-45],[25,4],[-6,-67],[-13,-83],[9,-66],[176,-110],[1,-39],[20,-35]],[[57649,38500],[20,170],[18,4],[24,84],[94,40],[111,73],[153,19],[93,-66],[111,-24],[114,3],[80,15],[142,76],[4,-4],[36,18],[65,-2],[19,13],[10,25],[98,180],[13,29],[416,376],[405,369]],[[59675,39898],[151,-20],[305,-38],[497,-68],[67,1],[7,-3],[61,32]],[[57328,38742],[11,76],[-20,4],[-21,58],[37,-12],[17,14],[10,27],[24,33],[-12,21],[41,15],[5,22],[-164,37],[29,53],[-43,33],[-61,-28],[-2,-18],[-33,27],[-42,-103],[-64,28],[0,-59],[12,-28],[3,-84],[-13,-15],[-8,-39],[-11,-16],[-49,-6],[1,10],[-21,3],[9,33],[16,27],[7,47],[-13,76],[5,43],[26,63],[35,120],[-32,8],[-33,24],[-29,5],[-44,-4],[-4,48],[-9,10],[7,33],[-49,22],[-54,34],[-57,23],[-58,62],[-44,97],[-24,36],[-62,80],[-49,25],[-121,81],[-18,28],[128,407],[42,128]],[[56529,40351],[82,-37],[79,-47],[170,14],[213,-31],[96,-181],[20,10],[14,46],[25,138],[85,8],[3,-24],[159,0],[0,-46],[26,19],[16,-17],[23,28],[38,12],[31,22],[96,-111],[94,23],[2,19],[21,71],[47,112],[24,20],[203,-230],[-75,-71],[74,-85],[-18,-18],[-19,21],[-48,-43],[95,-109],[196,177],[42,-49],[47,43],[32,-37],[-48,-44],[39,-43],[47,44],[25,-28],[28,26],[13,-15],[50,46],[7,64],[4,-1],[162,-113],[166,-29],[20,3],[251,50],[43,39],[11,19],[38,45],[60,18],[301,-47]],[[59639,40032],[-26,-96],[62,-38]],[[58114,43571],[215,-156],[60,-53]],[[58389,43362],[85,-113],[14,-24]],[[58488,43225],[-101,-1009],[20,-127],[105,-200],[12,5],[39,-61],[-38,-22],[38,-82],[95,60],[67,59],[5,-117],[-89,-61],[35,-52],[58,21],[6,-135],[-60,-66],[-10,18],[-13,-23],[-31,-32],[6,-10],[-26,-30],[-91,-68],[4,-4],[47,-179],[-20,-4],[-25,28],[-43,2],[-22,-47],[37,10],[10,-100],[-12,1],[-78,46],[-20,-2],[300,-338],[-71,-64],[34,-28],[-37,-35],[70,9],[38,-30],[50,-67],[84,-27],[155,32],[147,-30],[17,4],[195,-124],[112,-80],[166,-180]],[[59653,40086],[-14,-54]],[[56529,40351],[-21,48],[-40,75],[-50,259],[-43,156],[-135,272],[-60,114],[-37,50],[-339,254],[-209,183]],[[55595,41762],[56,297],[344,1590]],[[55995,43649],[926,-45],[325,-38],[109,-21],[131,-39],[173,21],[165,18],[135,15],[144,13]],[[58488,43225],[56,-72],[118,-200],[88,-181],[47,-91],[34,-92],[227,-222],[119,-71],[60,-29],[67,-26],[64,-58],[44,-65],[72,-101],[-82,-184],[93,-25],[92,-100],[24,-41],[-41,-27],[17,-13],[15,-29],[212,-215]],[[59814,41383],[-226,-330],[100,-61],[-21,-26],[62,-346],[43,-233],[-38,15],[-81,-316]],[[62045,40724],[-43,53],[-161,166],[-144,216],[-89,76],[-58,98],[-65,113],[-258,100],[-25,6],[-170,52],[-43,10],[-137,73],[-78,60],[-80,-140],[-95,35],[-8,-22],[-43,16],[-44,-148],[-102,21],[-17,-67],[-43,3],[-70,-116],[-210,9],[-91,60],[-114,-35],[-43,20]],[[58389,43362],[110,-4],[127,-1],[464,-26],[198,-44],[114,-28],[39,-22],[10,-22],[63,-43],[25,-3],[52,6],[25,19],[177,-41],[-3,-16],[20,-5],[5,26],[76,-18],[-4,-9],[22,-15],[-36,-82],[2,-21],[29,-14],[-4,-10],[23,-12],[6,10],[56,-27],[-8,-10],[62,-72],[23,21]],[[60062,42899],[51,-69],[-2,-2],[128,-165],[25,-11],[48,35],[25,-33],[136,70],[-7,58],[14,1],[18,-46],[95,49],[117,-1],[-4,-33],[-28,-71],[110,-31],[65,16],[37,14],[55,-5],[32,-12],[36,-33],[1,-48],[40,0],[-4,-44],[82,-58],[106,20],[16,69],[23,-12],[96,36]],[[60062,42899],[177,156],[155,90],[128,-47],[49,8],[37,40],[62,15],[12,59],[20,29],[-12,5],[3,19],[-6,73],[-7,29],[11,49],[33,73],[24,67],[53,-10],[65,-3],[61,-13],[69,-30],[107,-39],[-3,-24],[110,41],[58,28]],[[55995,43649],[-135,130],[-152,123],[-171,98],[-274,120],[-104,59],[-61,45],[-176,157],[-251,212],[-68,59],[-458,490],[-22,22],[-129,176],[-28,40],[-224,308],[-68,84],[-97,130],[-72,115],[-2351,3028]],[[51154,49045],[216,475],[65,128],[361,688],[109,190],[674,742],[234,227]],[[52813,51495],[1356,1074]],[[54169,52569],[1583,1081]],[[54039,40872],[1556,890]],[[56596,37581],[-163,174],[-190,108],[62,142],[19,-17],[46,102],[120,-31],[57,210],[-17,7],[-206,27],[-3,26],[-47,-32],[-45,98],[-25,-22],[-11,43],[-22,14],[8,11],[-12,16],[-131,-28],[-195,236],[2,11],[332,80],[-1,-9],[114,-178],[76,28],[-30,108],[-32,19],[-17,70],[-108,-23],[-7,84],[-26,19],[-37,7],[-25,-46],[-51,-14],[-48,21],[-25,-6],[-33,17],[-1,-70],[-79,-9],[-15,-14],[-46,2],[-35,-24],[-61,5],[-195,43],[-136,261],[-16,24],[-40,44],[-110,157],[-61,109],[-101,391],[-318,276],[-334,244]],[[49186,42603],[-18,106],[-38,1134],[-67,1104],[2,149],[14,2062]],[[49079,47158],[1415,1307],[660,580]],[[72504,31289],[-823,-1396],[-52,-346],[-129,-111],[107,-66],[-5,-23],[-132,-154],[18,-28],[-48,-39],[22,-26],[3,-14],[-122,-85],[16,-34],[42,-35],[4,-22],[43,-43],[25,-56],[19,-19],[44,-23]],[[71536,28769],[-77,-50],[-10,14],[-84,-23],[-1,37],[-150,-22],[-20,101],[-106,-57],[-4,17],[-157,-82],[-73,-6],[-21,1],[-148,-12],[-66,-12],[-23,44],[-38,5],[-29,10],[-9,25],[5,23],[-30,15],[-3,-8],[-160,95],[-67,12],[-19,-21],[-1,-17],[22,-65],[38,-100],[39,-57],[-13,-46],[-10,-17],[-33,-32],[-20,-33],[5,-28],[-7,-78],[-31,15],[-12,16],[-48,32],[-11,-2],[-9,-25],[-22,-20],[-38,-13],[-46,-9],[-40,-30],[-8,-36],[-15,-8],[-21,6],[-53,28],[-15,17],[-28,9],[-15,12],[-16,38],[-32,25],[-30,3],[-18,24],[-17,38],[-7,-4],[-52,85],[-31,-5],[-20,5],[-39,-2],[2,-23],[-17,-20]],[[69577,28558],[-33,29],[-10,54],[5,41],[64,-4],[86,-10],[83,35],[6,237],[11,44],[-10,1],[1,136],[12,41],[5,99],[-1,34],[18,0],[10,15],[19,5],[39,41],[-18,19],[51,65],[-17,4],[53,63],[3,251],[-40,51],[-12,90],[-91,-6],[-1,10],[-58,-7],[-6,47],[-13,0],[-7,21],[-20,-3],[-97,1],[0,114],[-4,11],[-160,-28],[-28,1],[-2,10],[-75,-20],[-191,-7],[-89,-22],[-63,-4],[-26,-10],[-37,-4],[-51,-15],[-44,-8],[-33,-13],[-92,-21],[-52,0],[5,73],[18,42],[19,68],[-1,81],[3,39],[-21,17],[-44,10],[-18,-6],[-50,-34],[4,-10],[-42,-54]],[[68535,30172],[-52,53],[-182,24],[-12,2],[11,78],[-62,29],[-21,76],[-19,27],[-8,24],[-35,45],[13,23],[22,22],[65,-82],[23,71],[30,127],[72,-16],[3,41],[-69,28],[4,81],[10,25],[51,9],[1,128],[13,4],[8,39],[21,-3],[26,130],[32,20],[-17,26],[14,35],[13,9],[52,157],[-35,4],[-21,16],[-20,-7],[-13,9]],[[68453,31426],[2,20],[47,27],[65,24],[87,48],[24,30],[49,80],[14,44],[35,-13],[5,80],[60,-2],[124,4],[8,-44],[245,-16],[71,3],[63,-11],[45,-17],[14,-10],[39,71],[26,-3],[27,-35],[31,-2],[2,10],[-12,54],[21,-4],[-27,155],[8,2],[-27,156],[-10,9],[45,20],[54,28],[28,24],[3,72],[4,163],[33,-4],[35,10],[12,-10],[-13,-8],[8,-29],[39,-5],[16,12],[27,-5],[29,16],[26,-15],[50,-15],[26,-1],[35,-11],[42,-2],[18,-8],[75,-15],[34,-24],[36,61],[48,59],[31,32]],[[70147,33556],[-117,15],[-130,93],[-179,106],[-23,24],[8,30],[-28,36],[-35,20],[-13,0],[-18,-53],[-27,-57],[-129,-232],[-46,-88],[-89,26],[-65,35],[21,84],[-31,5],[16,68],[-36,4],[0,6],[-83,8],[1,45],[-80,6],[1,95],[-43,19],[-9,-19],[-9,22],[-41,6],[2,13],[-48,5],[-4,-32],[73,-217],[12,-41],[-182,-74],[-26,78],[-79,-4],[-55,15],[15,73],[-71,20],[4,18],[-130,14],[-15,23],[-65,-162],[9,-5],[132,-38],[9,-48],[-84,-13],[3,-86],[-21,-2],[-42,31],[-22,8],[-135,21],[-19,10],[-23,-42],[-26,-37]],[[69645,32617],[-241,45],[-75,-189],[-85,77],[-47,25],[-26,4],[-48,17],[-17,20],[-30,9],[-17,16],[-25,9],[-10,16],[-21,71],[-69,13],[-33,16],[-22,-45],[-34,4],[-28,-10],[-42,7],[-23,-31],[-62,-10],[-26,33],[-49,25],[-113,38],[1,4],[-129,5],[-29,6]],[[68453,31426],[-15,-5],[-29,-31],[-19,-58],[-3,-46],[-15,0],[-105,33],[-24,-107],[-31,21],[-26,31],[-25,9],[-30,40],[-20,11],[-28,56],[13,16],[-11,8],[-24,-7],[-27,36]],[[68535,30172],[9,-9],[-25,-91],[0,-44],[-40,-9],[-48,20],[-9,-189],[-172,-323]],[[68250,29527],[-18,25],[-17,11],[-63,12],[-21,19]],[[68752,26412],[-2,-8],[42,-16],[24,4],[25,-7]],[[68841,26385],[-10,-29],[30,-24],[156,-10],[11,-38],[-38,-89],[3,-40],[26,-1],[25,14],[84,18],[-8,37],[19,9],[39,5],[-8,23],[90,-15],[-5,-25],[59,-6],[-10,-43],[114,-30],[26,3],[70,-27],[90,-14],[15,25],[1,22],[11,21],[16,11],[86,1],[11,5],[38,-12],[27,-15],[60,-17],[35,3],[28,-10],[58,-3],[-2,-64],[23,-33],[10,-1],[35,-123],[16,1],[-7,-44],[5,-21],[-2,-36],[-37,-101],[36,-24],[-32,-32],[49,-78],[163,2],[0,-13],[-20,-25],[-18,1],[-38,-63],[3,-22],[-5,-26],[-14,-22],[71,-133],[20,-19],[15,-30],[27,-7],[67,-4],[16,31],[70,64],[6,21],[35,8],[18,21],[13,-35],[149,2],[9,-87],[65,19],[-2,-112],[55,-12],[57,22],[4,16],[15,1],[-1,-20],[99,16],[0,-15],[53,41],[78,14],[41,182],[-3,13],[-34,16],[24,26],[123,-65],[40,-17],[14,15],[40,107],[49,-6],[-2,19],[41,19],[-7,20],[132,17]],[[71552,25558],[16,-32],[55,-45],[6,-1],[29,-62],[12,-32],[140,-262],[29,-213],[-6,-28],[-19,-20],[-54,-21],[31,-84]],[[71791,24758],[12,-41],[16,-86],[-1,-44],[7,-40],[1,-43],[-9,-77],[-23,-227],[-22,-184],[-94,-611],[-14,-132],[76,-1109]],[[71740,22164],[-229,73]],[[71511,22237],[-590,1405],[-587,330],[12,10],[-20,62],[29,11],[-11,30],[7,9],[6,36],[-5,24],[9,25],[6,89],[-10,44],[47,114],[-21,41],[-46,26],[6,26],[-86,19],[-127,-181],[-7,-26],[-45,-34],[-13,15],[-2,22],[-18,16],[-9,38],[-24,28],[-52,30],[-22,31],[-21,-4],[-19,-29],[1,-41],[-13,-29],[-67,21],[-59,29],[-73,43],[-16,-31],[53,-46],[5,-11],[-30,-39],[51,-30],[-43,-87],[-8,7],[-9,-21],[-57,25],[-17,-15],[-13,2],[-22,-24],[1,-16],[-12,-28],[-43,18],[-10,25],[-60,124],[-43,-65],[3,-3],[-59,-81],[-29,32],[-16,-22],[-32,-32],[-56,53],[-70,-118],[-18,-70],[8,-46],[12,-47],[17,-111],[-23,-66],[-47,6],[-59,-53],[-22,9],[-15,-58],[36,-10],[2,-58],[-27,-73],[56,-39],[37,-11],[-8,-79],[19,-51],[30,-14],[83,-32],[24,-30],[-64,-56],[-43,-34],[-11,-32],[74,-8],[18,-5],[42,-32],[52,-24],[121,12],[3,-3],[413,-518],[344,-329]],[[70209,22222],[-410,-97],[-47,-10],[-139,-61],[-159,-63],[-104,-276],[-154,-290],[-286,-77],[-212,-73],[-246,60],[-174,384],[-160,89]],[[68118,21808],[7,24],[-11,28],[-89,274],[-14,214],[-20,110],[-21,6],[-36,39],[-22,12],[10,8],[82,27],[37,-7],[22,94],[-29,29],[18,21],[24,52],[-31,60],[7,20],[-39,34],[-13,-17],[-14,8],[-9,-16],[-68,23],[-4,15],[21,76],[58,84],[98,63],[-13,28],[25,65],[42,-21],[21,70],[-28,142]],[[68129,23373],[-7,32],[27,181],[-24,6],[7,52],[31,9],[-23,31],[96,25],[12,-15],[23,83],[33,129],[-35,23],[23,75],[-18,6],[-15,19],[5,19],[-15,5],[45,170],[16,22],[28,14],[-3,22],[22,31],[-2,18],[15,62],[-6,26],[11,58],[-12,3],[-30,75],[27,179],[-28,-3],[1,79],[-124,-42],[-22,39],[-68,17],[13,23],[-8,2],[35,57],[-100,16],[-161,32],[47,89],[80,144],[20,50],[2,76],[32,-24],[68,120],[-3,29],[56,8],[-3,21],[64,3],[67,10],[39,-4],[0,47],[20,57],[-41,19],[-22,5],[-91,55],[-65,21]],[[68168,25679],[8,122],[22,74],[31,73],[34,119],[31,100],[-6,1],[-15,34],[24,-1],[6,86],[12,3],[-30,62],[4,35],[41,-13],[66,-6],[3,6],[33,-13],[31,77],[73,-20],[-16,-60],[56,-32],[50,86],[56,15],[61,-20],[9,5]],[[71536,28769],[28,-29],[19,-46],[13,-7],[21,-30],[-7,-14],[18,2],[1,-23],[9,10],[21,-44],[77,-120],[16,-14],[6,-42],[26,-28],[-12,-66],[4,-13],[17,4],[8,-21],[6,-53],[-13,-19],[6,-15],[-8,-71],[-16,-70],[64,-8],[33,9],[18,-2],[88,-51],[120,-67],[48,-5],[16,-10]],[[72163,27926],[-28,-174],[-40,-257],[-23,-156],[-56,-14],[-33,-19],[-174,35],[-110,55],[-8,-10],[18,-205],[53,-43],[-22,-24],[30,-18]],[[71770,27096],[-8,-16],[-16,8],[-100,-181],[-4,-59],[-66,-269],[-10,-135],[4,-38],[-1,-58]],[[71569,26348],[-29,10],[-10,-32],[-35,-74],[-57,7],[-29,-2],[0,27],[-29,2],[2,73],[27,4],[-14,79],[-122,29],[13,54],[-45,97],[-21,21],[-60,42],[-45,6],[-85,32],[-39,10],[8,44],[-39,5],[7,67],[-99,5],[18,51],[9,42],[6,65],[7,24],[26,7],[34,26],[44,0],[11,35],[19,30],[39,33],[37,11],[27,0],[19,35],[16,59],[11,12],[-29,29],[-12,34],[-44,-30],[-78,-19],[-3,-9],[-22,3],[-118,-28],[18,-16],[-42,-20],[58,-55],[-92,-61],[-9,-17],[-2,-40],[-17,-21],[-43,7],[-19,17],[-5,-13],[-62,78],[-165,-8],[-216,-59],[-223,91],[-9,-14],[-28,15],[-25,29],[-26,-2],[-26,41],[-59,12],[-5,-19],[-12,4],[-63,-1],[-41,7],[-45,-13],[-33,10],[34,67],[-10,9],[-24,1],[-24,30],[-4,-4]],[[69666,27319],[-10,36],[4,27],[-15,21],[-30,-6],[-14,8],[-17,34],[-19,16],[-32,5],[-21,15],[-13,23],[-19,11],[-43,-1],[-27,7],[-39,38],[-11,17],[29,79],[37,-10],[12,21],[15,101],[-8,67],[16,27],[2,30],[11,46],[10,15],[-12,36],[22,49],[-23,23],[-14,66],[-16,16],[-5,28],[7,24],[3,54],[40,-2],[-1,98],[14,15],[-28,23]],[[69471,28376],[-8,7],[44,62],[36,-21],[7,30],[-5,49],[32,55]],[[68841,26385],[19,54],[0,79],[13,42],[93,-2],[3,26],[158,7],[7,67],[25,4],[-2,11],[141,28],[-12,57],[1,53],[15,39],[30,31],[8,30],[-35,177],[30,19],[39,61],[27,24],[31,38],[13,51],[38,-75],[68,8],[42,-8],[18,-18],[34,-7],[6,51],[-7,59],[22,28]],[[71569,26348],[20,-10],[23,-26],[6,-22],[16,-12],[11,-23],[33,-26],[38,-18],[65,-23],[-8,-67],[-55,-13],[-22,-9],[-82,-16],[21,-65],[-57,15],[-26,28],[-33,-123],[-34,-38],[6,-19],[4,-45],[25,-74],[49,12],[16,-12],[15,-71],[-83,-50],[22,-59],[13,-24]],[[71511,22237],[-114,13],[-203,19],[-211,3],[-154,-33],[-620,-17]],[[77086,29978],[486,-2797],[-50,-841],[621,-1696],[1906,-2423]],[[80049,22221],[-2733,-291]],[[77316,21930],[-695,738],[-324,330],[-1657,1743],[-237,397],[-92,281],[-4,20],[3,61],[-76,-4],[-56,18],[-27,-14],[-174,96],[-2,-30],[-18,-98],[-192,86],[-130,59],[-12,-28],[-78,36],[-14,-7],[-2,-43],[-125,46],[11,98],[-35,15],[-300,34],[7,43],[-144,17],[1,-29],[-41,5],[1,29],[-27,3],[1,-171],[-57,5],[3,22],[-20,4],[-2,-27],[7,-114],[23,-71],[-189,-19],[-67,-26],[14,-61],[-70,-26],[-38,-22],[103,-169],[13,-37],[5,-39],[-20,-5],[6,-42],[42,4],[10,-63],[-274,-51],[5,-28],[-91,-17],[-14,-17],[4,-25],[-10,-16],[-44,-13],[-8,27],[-28,-8],[22,-96],[-108,-30],[-5,29],[-12,-13],[-114,18],[-173,23]],[[71770,27096],[54,-27],[264,-141],[10,-19],[-79,-150],[171,-62],[8,22],[65,118],[133,-43],[-20,-111],[63,28],[78,11],[-68,184],[0,6],[252,-7],[37,-6],[-18,102],[-21,18],[-66,115],[155,-20],[35,-22],[17,23],[33,-14],[9,11],[-68,76],[53,51],[-21,27],[34,47],[15,-8],[57,127],[14,41],[52,-7],[5,86],[55,18],[-2,-25],[256,-30],[-30,57],[-31,13],[-104,76],[-65,-2],[-180,85],[66,126],[15,20],[10,-9],[25,31],[73,94],[24,35],[162,-72],[71,175],[54,48],[32,-2],[24,-39],[31,-34],[91,58],[40,-38],[46,34],[-49,51],[-3,23],[-41,41],[32,31],[59,92],[107,81],[2215,2092]],[[73415,31674],[-348,-1724],[-357,-705],[-57,-174],[-18,-69],[-12,-98],[-51,-32],[-30,-47],[-16,-58],[3,-28],[38,-37],[-28,-140],[-23,-128],[-20,3],[-11,-52],[-69,-124],[-102,-111],[-59,-60],[-14,-10],[-9,-24],[-37,-147],[-32,17]],[[77316,21930],[-595,-133],[-762,-87],[-851,-83],[-522,-143],[-468,-129]],[[74118,21355],[-360,-44],[-943,228],[-117,22]],[[72698,21561],[-395,272],[-363,207],[-200,124]],[[69471,28376],[-3,-5],[-310,63],[13,34],[-73,100],[-21,162],[100,29],[15,88],[-10,32],[47,2],[20,10],[61,62],[-15,5],[-96,95],[-64,-107],[-8,71],[-22,-5],[-7,16],[144,242],[-16,5],[-10,17],[-1,26],[-56,-17],[4,-22],[-28,-1],[-57,7],[-40,17],[-44,1],[-32,12],[-110,19],[3,23],[-13,1],[2,58],[-95,-2],[14,-154],[-203,50],[-13,-48],[-20,-28],[-4,-28],[11,0],[-3,-19],[-39,19],[4,49],[-247,56],[36,97],[116,-31],[109,-23],[0,168],[-16,4],[-34,-15],[-41,-10],[-22,-16],[-32,12],[-28,3],[-10,-24],[-56,29],[-21,22]],[[68752,26412],[19,109],[-24,43],[-88,-17],[-17,82],[31,70],[-86,12],[19,113],[20,52],[-60,50],[43,89],[30,8],[-6,81],[37,16],[-20,76],[3,57],[-22,360],[8,29],[-15,62],[-2,32],[19,40],[-1,28],[-21,14],[-44,-6],[-32,-29],[-39,-19],[-78,6],[-23,-6],[32,106],[38,161],[21,68],[25,54],[-20,52],[-24,53],[-18,16],[-21,-10],[-13,16],[15,16],[-17,34],[-107,11],[-62,27],[-44,25],[-46,-49],[-103,-26],[-28,-12],[-57,-79],[-7,-66],[32,-18],[9,-18],[44,-2],[-19,-136],[-70,-10],[-18,-59],[10,-4],[-76,-46],[0,-6],[-45,-30],[-7,2],[-171,-112],[-14,14],[44,68],[-8,7],[4,47],[42,17],[0,16],[-39,45],[26,13],[12,46],[-28,6],[-11,13],[-75,143],[-52,9],[-20,-7],[-69,-10],[3,47],[107,213],[-32,4],[-26,10],[-38,-8],[14,32],[-165,17],[-4,86],[-92,19],[74,164],[272,9],[24,32],[-4,34],[-19,50],[24,50],[-3,40]],[[68129,23373],[-94,-55],[-56,70],[-21,63],[-25,-26],[-88,23],[23,81],[-39,25],[18,87],[-42,14],[4,14],[-55,26],[-6,-19],[-20,3],[-5,-32],[-92,13],[-8,-47],[-38,6],[-1,-8],[-38,0],[-3,13],[-40,8],[-26,29],[-19,-12],[-116,41],[-40,21],[-38,-82],[-61,18],[-41,25],[-13,0],[-52,22],[-9,-8],[-28,11],[-10,25],[-16,20],[23,61],[7,50],[-86,32],[6,16],[-36,-2],[-12,9],[-48,20],[-77,50],[-31,10]],[[66780,23988],[7,34],[6,-2],[3,47],[53,52],[38,72],[27,73],[10,43],[-66,-2],[-22,-14],[-20,26],[-25,1],[5,34],[12,2],[2,47],[-12,49],[-53,18],[17,69],[22,35],[-5,2],[22,76],[-17,46]],[[66784,24696],[44,45],[7,93],[-27,11],[-9,13],[16,35],[22,11],[13,-13],[17,30],[11,43],[21,-4],[-11,20],[-13,-4],[14,70],[22,-22],[46,-19],[49,53],[-8,101],[-13,86],[3,60],[51,-30],[59,33],[0,17],[63,13],[26,0],[33,-22],[17,3],[23,26],[21,4],[70,-22],[-5,12],[11,87],[13,60],[29,97],[39,91],[24,47],[81,11],[19,-77],[63,61],[3,-5],[79,-14],[20,10],[12,44],[-1,39],[64,-35],[16,44],[4,-1],[17,53],[23,5],[79,-46],[67,-30],[9,-17],[28,-24],[24,-36],[21,-3],[25,-13],[53,-8]],[[64786,26024],[35,-67],[6,-30],[21,-35],[15,-9],[58,-15],[129,-29],[65,-22],[78,-36],[105,-21],[78,-58],[79,-50],[46,-18],[68,36],[26,-19],[-2,-16],[-20,-25],[-24,-59],[98,-44],[10,-17],[23,-73],[2,-52],[23,-59],[30,-12],[16,-31],[24,-6],[43,-25],[21,-32],[8,11],[14,-12],[43,20],[13,-9],[88,-141],[34,30],[77,-70],[70,-67],[-17,-45],[148,-67],[19,-21],[-31,-24],[-17,-36],[-81,-71],[85,-46],[12,-71],[18,-54],[23,3],[22,-14],[84,-16],[41,10],[19,48],[41,-11],[23,12],[27,54],[21,34],[17,8],[31,-5],[83,-20],[13,57],[17,9]],[[66780,23988],[-43,-24],[5,-31],[-8,-18],[10,-9],[-8,-24],[10,-24],[-26,-43],[0,-43],[-88,-59],[-37,-55],[-32,3],[-44,-16],[-31,22],[-67,71],[-39,8],[-9,-22],[-24,13],[-7,-20],[-22,-5],[-21,11],[-20,-18],[-24,-3],[-7,-24],[-32,-1]],[[66216,23677],[-34,70],[0,15],[-68,17],[-1,6],[-51,14],[-66,-37],[-22,0],[-37,16],[-89,86],[7,18],[-114,51],[-51,-13],[-39,-229],[-225,136],[15,13],[-95,86],[-108,58],[-9,-10],[-23,11],[8,10],[-81,41],[-12,10],[16,40],[-101,96],[-27,4],[-47,-2],[-12,6],[-21,-12],[-42,0],[-20,25],[0,12],[-29,38],[-36,-5],[-1,8],[-53,-5],[-27,-9],[-15,-55],[0,-14],[-19,-3],[-34,-18],[-32,-5],[-35,-33],[-10,-19],[-23,-17],[-11,-31],[-131,109],[-147,127],[-11,5],[22,46],[-39,51],[34,28],[21,27],[-1,17],[11,26],[-19,10],[-8,30],[16,22],[-14,18],[-18,5],[-8,17],[-15,97],[33,287],[-46,-7],[-40,20],[-27,39],[-64,54],[-155,70],[-71,39],[-1,10],[-36,56],[-36,50],[-30,68],[-48,81],[-21,26],[-5,46],[-20,36],[-30,39],[-15,94],[21,35],[8,27]],[[66216,23677],[9,-19],[-35,-5],[12,-40],[-57,-16],[15,-51],[-52,25],[-41,6],[-176,36],[-4,50],[-127,-48],[6,-21],[-15,-67],[55,7],[-48,-105],[86,-43],[-8,-112],[186,-103],[-9,-39],[7,-39],[-29,-32],[-15,-41],[-16,11],[-12,-4],[-41,-37],[-13,-21],[-21,-19],[-14,-2],[-14,-35],[-4,-25],[-79,-41],[-36,-44],[-55,-11],[-7,-39],[-46,8],[-13,-32],[22,-47],[-10,-35],[-25,-29],[-2,-16],[11,-21],[60,-64],[7,-42],[145,-89],[26,-47],[-11,1],[31,-36],[-2,-56],[17,-64],[17,-88],[10,-89],[-9,-52],[5,-17],[8,-102]],[[65905,21836],[-34,-9],[1,-8],[-81,-23],[-8,-9],[-37,-8],[6,-42],[-172,40],[-30,-61],[23,-59],[18,-13],[-32,-21],[153,-151],[6,-14],[-99,-25],[-52,6],[-70,-15],[3,22],[-70,7],[-2,-15],[-29,19],[-35,-33],[-65,58],[-32,-50],[-24,-6],[-24,53],[-34,-1],[1,-16],[-141,-9],[9,57],[-15,6],[7,16],[-20,20],[-37,13],[2,7],[-108,38],[-9,-8],[-90,29],[-36,-56],[-65,45],[-9,22],[-33,62],[-49,-1],[-27,14],[-21,-26],[-35,-11],[-33,-19],[-17,-40],[-2,-19],[11,-41],[-14,-14],[-49,-27],[-30,-12],[15,-67],[-99,-10],[-32,8],[-17,-2],[-210,0],[-120,47],[-54,61],[-239,4],[-86,23],[-46,-10],[-272,229],[-30,12],[-247,-14],[-334,-43]],[[62604,21746],[-103,307],[-48,159],[-76,18],[-83,46],[-111,36],[-63,88],[-36,102],[-3,68],[13,56],[128,405],[-92,114],[-246,164],[-8,36],[-27,38],[3,45],[-18,44],[-51,19],[-20,19],[-40,16],[-14,20],[11,63],[-23,60],[-27,-9],[-59,-27],[-48,-43],[-39,-26],[-96,-58],[-72,100],[-106,-69],[-20,44],[-17,15],[-44,26],[-23,-93],[-80,15],[-27,-110],[-143,16],[18,-21],[-7,-28],[-18,3],[-23,-15],[-24,14],[-26,-10],[-6,-22],[-25,-29],[-16,-3],[-11,-21],[-24,8],[-79,-6],[-33,-21],[-91,8],[-10,-126],[30,-18],[-7,-32],[-4,-74],[83,-26],[6,-22],[10,0],[-8,-32],[32,-96],[-403,-1285],[-25,-186],[-64,-282]],[[60171,21128],[-827,-372]],[[72698,21561],[-1307,-1244],[-290,-243],[-30,-39],[-97,-89],[-250,-276],[-107,-118],[-197,-99],[-108,-73],[-430,-266],[-21,-12]],[[69861,19102],[-135,127],[-115,117],[-153,93],[-325,31],[-57,-28],[-18,-5],[-33,15],[-49,11],[-30,-25],[-21,-8],[-33,-28],[-59,-16],[4,-13],[-35,-15],[-7,16],[-59,1],[5,59],[-184,-9],[-63,-30],[-19,29],[-12,-38],[-25,-7],[-16,-13],[-14,-37],[-16,-17],[-41,-6],[-183,46],[-161,-34],[-51,-6],[-7,18],[-28,-7],[11,-58],[-78,-80],[-5,11],[-75,65],[-29,46],[-4,18],[-43,28],[-78,41],[-63,4],[-48,-8],[-36,-1],[-16,-15],[-17,31],[-19,19],[-36,7],[-13,-36],[-8,-42],[-19,-15],[27,-3],[-8,-110],[-35,5],[-66,-3],[-32,-12],[-25,0],[-2,-84],[16,-9],[67,-7],[40,-105],[-37,-10],[-35,-19],[-16,30],[-50,20],[-7,29],[-24,3],[-28,-6],[-21,12]],[[67109,19069],[20,33],[-71,55],[-78,67],[-21,4],[-6,12],[-18,-4],[-56,10],[75,83],[-61,45],[-68,57],[-28,28],[-82,-15],[-86,17],[-29,49]],[[66600,19510],[-29,65],[-6,22],[19,9],[130,-46],[7,-23],[65,12],[15,8],[-3,16],[14,20],[-10,33],[10,46],[32,21],[-3,33],[-93,55],[-42,16],[-30,20],[-37,39],[-81,59],[-33,38],[-13,8],[-61,58],[-8,19],[-15,10],[-33,58],[-18,22],[-46,38],[-16,25],[-32,20],[-12,-33],[-15,8],[17,47],[-13,16],[-5,42],[6,26],[-17,10],[-18,29],[-10,28],[17,46],[20,24],[-29,1],[-48,100],[-1,44],[-16,-9],[-98,216],[-56,-4],[-31,-22],[-29,71],[-25,4],[-52,20],[-23,0],[-3,86],[-22,-6],[-63,187],[56,30],[32,11],[31,-92],[60,5],[5,-38],[173,10],[27,7],[-4,63],[11,-11],[24,20],[30,-13],[37,-23],[25,-6],[59,26],[2,19],[-44,12],[22,131],[-1,14],[82,5],[-1,14],[69,10],[-8,97],[29,-2],[10,-31],[79,5],[-127,317],[21,13]],[[66456,21735],[45,27],[20,2],[49,-154],[22,-12],[71,2],[1,-39],[104,-23],[3,-67],[22,-6],[9,68],[30,-8],[43,-41],[43,21],[10,-13],[27,-9],[28,-16],[17,-35],[24,-143],[245,-24],[-11,101],[2,93],[-13,54],[1,50],[-3,63],[11,36],[39,26],[51,-7],[22,14],[81,38],[56,-2],[130,6],[108,14],[173,-20],[109,-10],[59,62],[34,25]],[[66456,21735],[-4,148],[21,10],[-44,55],[-26,-30],[-72,-101],[-30,-10],[-65,-55],[-7,8],[-52,-45],[-43,119],[-174,-39],[-13,42],[-39,-7],[-3,6]],[[69861,19102],[-26,-114],[-5,-48],[12,-69],[67,-254],[18,-94]],[[69927,18523],[-396,-102],[-57,-32],[7,-16],[-70,-38],[-37,-11],[-6,11],[-53,-29],[-6,5],[-56,-40],[-12,27],[-50,-12],[19,-58],[-106,-35],[9,-31],[-41,-7],[-9,-14],[-45,-18],[-118,-32]],[[68900,18091],[-30,75],[-6,21],[-75,-17],[-30,-13],[-21,49],[-73,-26],[-30,-4],[-32,10],[2,-21],[19,-42],[-12,-65],[-1,-42],[-110,14],[5,-78],[-53,-12],[-3,-6],[-41,6],[-54,1],[-33,9],[-40,77],[-121,-14],[-65,-16],[-10,82],[-42,-5],[-183,-74],[3,-32]],[[67864,17968],[-87,-28],[-14,-3],[-5,58],[4,41],[-54,0],[0,-156],[-41,-121],[-98,39],[4,59],[15,69],[-63,97],[-68,18],[-113,42],[-21,-45],[-62,-28],[-69,-45],[-94,-34],[-116,-38]],[[66982,17893],[-14,92],[0,77],[5,61],[14,75],[35,130],[21,-17],[41,2],[6,91],[-8,66],[-2,48],[-14,154],[-3,70],[5,46],[6,10],[-1,30],[-136,98],[66,206],[3,-37],[54,-2],[11,-16],[26,-17],[12,9]],[[62604,21746],[-35,-120],[20,-33],[0,-44],[-40,-46],[-430,-217],[-498,-276],[-104,-55]],[[61517,20955],[-136,55],[-485,71],[-583,58],[-31,2],[-111,-13]],[[66600,19510],[-79,28],[-11,11],[-9,-105],[-49,-2],[-282,49],[7,70],[-190,9],[-21,159],[-52,-19],[8,52],[-184,142],[-23,-109],[-65,-25],[-65,3],[9,19],[-3,50],[-17,55],[-32,12],[-131,27],[0,6],[-281,-93],[-23,-60],[-194,65],[4,19],[62,29],[5,38],[30,62],[-161,52],[-23,-80],[-116,-167],[-41,-86],[-58,-79],[-60,-22],[-45,31],[-26,27],[-24,37],[-18,41],[-14,17],[-106,6],[-38,-134],[-120,95],[-108,-150],[-346,-280],[-28,16],[-52,44],[-263,158],[-399,375],[-312,63],[-39,19],[-185,53],[-89,46],[-180,43],[-536,700],[-66,79],[-44,49]],[[66982,17893],[19,-97],[4,-32],[31,-112],[8,-16],[61,19],[89,-29],[94,-92],[-8,-86],[108,7],[33,-1],[-2,-52],[-21,0],[0,-27],[-20,2],[-10,-23],[-49,18],[-4,-45],[-17,0],[3,-41],[-24,-40],[-29,-34],[-7,-53],[17,-26],[15,-2],[-14,-50],[39,-9],[14,-74],[-18,-57],[64,-18],[-10,-96],[-17,-54],[-26,-53],[-2,-57],[-16,-40],[3,-14],[-26,-56],[5,-14],[-13,-26],[-17,-252]],[[67239,16261],[-127,31],[-130,13],[-92,16],[-91,-1],[-141,-15],[-134,-19]],[[66524,16286],[-130,57],[-194,39],[-139,-125],[-209,-94],[-390,120],[-46,32],[-187,57],[-420,351],[-180,287],[-147,108],[-43,17],[-246,75],[-344,22],[-51,31],[-311,198],[-263,27],[-264,77],[-91,15],[-660,19],[-437,-99]],[[61772,17500],[-120,104],[-444,481],[-360,199],[-1079,650],[-557,447],[-48,40]],[[59164,19421],[-250,893]],[[69927,18523],[87,-159],[164,-274],[176,-78],[173,90],[332,145],[93,-41],[110,-56],[136,-65],[55,-75],[54,-79],[-28,-159],[-54,-382],[-58,-159],[-153,-77],[-75,-29],[-51,-14],[-117,-17],[-295,190],[-53,43],[-43,-27],[-88,-71],[-309,-90],[-179,-18],[-105,-71],[-93,-158],[-66,-11]],[[69540,16881],[-82,237],[-282,179],[1,62],[-17,2],[2,14],[16,-2],[7,415],[-71,44],[-76,-3],[-6,24],[-27,-2],[-10,69],[15,3],[-56,66],[-37,64],[-17,38]],[[69540,16881],[-162,-200],[-16,-22],[-196,-154],[-131,-209],[-104,-411],[-15,-107]],[[68916,15778],[-117,-100]],[[68799,15678],[-206,111],[-358,108],[-101,189]],[[68134,16086],[206,169],[47,304],[-36,70],[35,19],[-46,89],[-44,-15],[-7,24],[-43,84],[-5,77],[-55,-13],[-10,45],[-51,-16],[3,111],[44,-3],[3,81],[-1,94],[-41,24],[2,96],[-65,19],[13,39],[-8,9],[-45,20],[-41,-6],[-19,-16],[-37,2],[44,177],[13,13],[27,5],[-1,40],[-34,129],[-52,-8],[-9,-113],[-79,12],[-4,10],[2,142],[-5,31],[29,137]],[[68134,16086],[-74,-223],[-170,81],[-87,144],[-41,11],[-73,-30],[-137,-44],[-313,236]],[[74118,21355],[-25,-1220],[-135,-1390],[-21,-252],[99,-403],[5,-23],[44,-70],[25,-53],[5,-24],[-27,-5],[-63,0],[-24,24],[-62,-28],[-45,-3],[2,-38],[-35,-71],[1,-19],[-11,-35],[-34,-12],[-31,-31],[-12,-57],[-6,-7],[184,-89],[-99,-106],[121,-119],[-14,-26],[-19,9],[-18,-28],[24,-3],[-59,-104],[-63,-9],[57,-158],[54,3],[0,-72],[-74,-118],[-53,13],[-2,-76],[11,-7],[-4,-143],[-11,-32],[-3,-66],[76,-24],[70,-14],[52,-78],[-4,-46],[96,-577],[35,-3756]],[[74125,12012],[-3123,2365],[-29,23],[-18,5],[50,88],[-52,25],[-59,21],[-128,132],[-20,24],[-81,-4],[-68,86],[-7,15],[-61,176],[135,45],[-58,93],[51,28],[20,33],[-21,70],[5,22],[-57,-1],[0,58],[-39,29],[-2,75],[6,74],[-15,-4],[-25,16],[-11,43],[-25,26],[15,27],[-14,14],[-38,12],[-23,1],[-51,18],[-55,-3],[-39,-17],[-57,15],[-44,4],[-53,-5],[-85,10],[-109,48],[-37,-57],[-201,50],[-2,66],[-30,19],[-13,20],[-37,-11],[-14,-14],[-26,1],[-150,-52],[-88,43],[-34,8],[-22,-2],[-125,11],[-135,-13],[-110,10]],[[80049,22221],[4222,-2957],[1462,-1605],[37,-40],[-3468,-5077],[-2980,-2035],[-1971,-874]],[[77351,9633],[-3226,2379]],[[77351,9633],[-1754,-782]],[[75597,8851],[-5040,4281],[-183,149],[-127,70],[-232,77],[-121,47],[-112,135],[-172,67],[-147,34],[-81,15],[-65,87],[27,223],[-7,28],[-21,48],[-21,34],[-28,55],[-29,36],[-63,53],[-70,99],[-114,-13],[-84,21],[-50,9],[-158,118],[-91,119]],[[68608,14643],[11,33],[191,-31],[20,159],[-52,105],[45,366],[-7,66],[-39,122],[-10,38],[26,122],[6,55]],[[68608,14643],[-96,-39],[-75,-15],[-206,-25],[-87,12],[-12,9],[-150,24],[-147,40],[-85,17],[-106,42],[-127,32],[-42,-1],[-30,14],[-96,16],[-124,113],[-51,61],[-15,36],[-66,132],[-36,52],[-10,46],[-18,41],[-5,61],[2,18],[37,109],[-31,55],[-67,160],[-12,40],[0,31]],[[66953,15724],[-142,113],[-117,176],[-53,76],[-50,81],[-67,116]],[[66365,9281],[-129,-58],[-10,-18],[-39,42],[13,74],[-42,8],[-11,49],[-128,-16],[4,-52],[-123,-35],[-43,167],[-56,-18],[-31,108],[20,7],[-43,131],[-43,123],[-8,7],[-247,148],[-69,-129],[-3,-15],[-21,-30],[-33,-30],[-33,-51],[-3,-20],[-30,-14],[-38,7],[-37,14],[-13,19],[-95,25],[-100,-53],[-76,-104],[-83,-83],[-194,-163]],[[64621,9321],[-122,132],[-164,151],[-17,9],[-82,60],[57,137],[153,267],[110,189],[-150,-13],[-88,74],[80,48],[-12,13],[-19,-3],[-6,53],[0,69],[-68,22],[-9,6],[21,39],[-31,20],[18,47],[49,48],[-3,53],[14,15],[52,375],[-15,21],[41,50],[54,58],[-195,184],[-147,67],[-15,10],[-44,16],[-41,21],[-201,257]],[[63841,11816],[-42,296],[13,33],[108,126],[42,143],[2,33],[-34,71]],[[63930,12518],[285,47],[22,9],[39,2],[72,-71],[35,12],[31,59],[27,7],[37,-7],[59,-26],[69,-35],[4,-7],[41,-1],[109,4],[57,6],[-3,132],[72,-5],[85,17],[-11,38],[218,65],[11,85],[-12,6],[15,57],[45,0],[22,16],[12,32],[27,7],[20,-5],[-1,-47],[7,-117],[20,2],[0,13],[25,2],[0,-18],[-15,-42],[23,-102],[22,2],[2,-23],[176,2],[104,-7],[72,39],[51,-19],[32,-22],[194,-3],[16,16],[38,-54],[23,-22],[70,-29],[107,-69],[69,-25],[57,-13],[58,4],[70,-96],[55,111],[73,-18],[-23,-73],[40,-3],[47,25],[70,8],[19,7],[107,-4],[0,-3],[90,-15]],[[67016,12369],[87,-15],[-2,-83],[-25,-5],[45,-21],[70,-5],[38,1],[105,-38],[18,-78],[-4,-33],[99,-90],[81,21],[21,-5],[9,25],[79,4],[164,-136],[-12,-13],[24,-33],[21,18],[15,-12],[-49,-198],[166,-56],[376,-131],[-4,28],[31,-6],[13,73],[23,13],[13,-32],[-13,-98],[-40,-76],[30,-11],[95,-58],[36,-28],[138,-45],[108,-17],[369,-268],[705,-644],[600,-637],[1188,-1423]],[[71634,8257],[-1132,752],[-489,230],[-679,322],[-785,274],[-504,190],[-190,43],[-30,4],[-66,-3],[-106,31],[-79,7],[-72,11],[-25,1],[-69,18],[-49,46],[-70,30],[-20,17],[-27,1],[-1,14],[-69,0],[-3,101],[3,20],[-225,2],[-3,-44],[-34,-16],[-13,13],[-89,7],[-16,-82],[-120,0],[1,-48],[-93,-60],[-11,16],[-17,4],[-34,-17],[-46,1],[-2,27],[-18,15],[-33,-1],[-19,5],[-15,235],[-24,70],[-8,0],[15,-69],[-8,-249],[-90,33],[-3,-43],[-133,28],[19,-19],[33,-95],[8,-3],[10,-78],[15,-93],[36,9],[19,-4],[46,7],[9,14],[22,1],[17,-70],[56,-99],[27,-31],[-3,-39],[14,-36],[-1,-54],[15,-82],[-11,-43],[1,-25],[-20,-34],[-3,-15],[-27,-46],[-10,-32],[-43,-5],[2,-40]],[[66953,15724],[-118,-64],[-68,-33],[-149,-277],[37,-21],[-15,-29],[1,-19],[-42,-84],[-11,-31],[-29,-105],[-6,-2],[-31,-96],[-8,-39],[-9,-132],[-16,-30],[5,-27],[85,-46],[-15,-27],[25,-30],[-7,-43],[4,-18],[-9,-19],[18,-34],[4,-38],[-19,-51],[2,-66],[27,-36],[27,-25],[10,-16],[-9,-41],[-59,-10],[-33,2],[-76,24],[-16,14],[-29,7],[-30,-6],[-37,20],[-15,1],[-70,-15],[-25,11],[-49,2],[-29,15],[-28,-63],[-69,-49],[-21,-59],[-3,-21],[-34,-84],[-3,-35]],[[66011,13999],[-26,10],[-16,20],[-84,-6],[-16,12],[-25,-10],[-119,-28],[-11,4],[-29,-33],[-32,-10],[-20,-18],[-16,27],[-89,25],[-46,19],[-14,-76],[-35,9],[-74,24],[-32,14],[-14,-14],[-39,9],[-9,-25],[-36,2],[-36,20],[-20,-34],[28,-93],[-44,-19],[-33,-51],[-3,-43],[-35,-4],[-134,7],[-46,-4],[-6,-29],[-59,8],[-3,-13],[-80,1],[-1,-75],[-72,22],[2,-65],[-16,-92],[24,-11],[-12,-44],[19,-38],[-49,-29],[-15,-17],[-13,13],[-28,-10],[-32,-20],[-89,-120],[-26,-14],[-27,-32],[-23,-5],[-27,-23],[-61,-18],[-28,2],[0,21],[-133,-27],[-48,-17],[-13,-17],[-36,-2],[-20,-9],[-15,-74],[-4,0],[-148,-276]],[[63867,12723],[-287,181],[166,214],[7,37],[59,61],[168,182],[54,36],[-11,44],[21,-1],[-1,29],[64,-7],[-40,178],[-63,-9],[-35,-1],[-3,14],[-19,16],[-4,110],[-18,68],[-7,-16],[-20,1],[1,35],[-25,-7],[-46,-28],[-39,-8],[-32,2],[-94,21],[-32,17],[-43,-6],[-44,-23],[14,120],[-45,23],[-245,31],[-123,-12],[-471,26],[-78,163],[-63,88],[-32,236],[-29,119],[-10,90],[-519,332],[-91,98],[-200,250],[-100,136],[-264,370]],[[61288,15933],[303,667],[148,699],[33,201]],[[75597,8851],[-1243,-556],[-394,-587]],[[73960,7708],[-3840,3903],[-293,291],[-143,71],[-267,311],[-30,5],[-36,-49],[-10,-3],[-58,32],[-16,22],[-32,69],[41,60],[-57,81],[-29,0],[42,45],[24,42],[62,134],[42,51],[1,39],[-23,72],[-94,305],[-152,-51],[-3,6],[-43,-3],[-90,-22],[-16,53],[-70,35],[-38,16],[-40,-19],[-15,-24],[-14,-69],[-30,-24],[-5,-116],[52,-27],[-6,-9],[-64,5],[-6,-86],[-125,-13],[0,-48],[-156,12],[-15,-59],[-68,0],[-102,9],[2,-31],[-80,-18],[-18,42],[-129,-18],[-69,64],[-230,-158],[24,-40],[-217,10],[-24,91],[-36,25],[3,52],[-14,3],[-53,27],[-61,43],[-2,28],[-16,13],[-16,-16],[-39,-54],[-203,39]],[[67060,12857],[21,126],[-13,2],[-97,31],[-50,-22],[-25,-120],[-57,-18],[-108,-10],[-11,16],[-36,16],[-14,-8],[-29,-32],[-35,-17],[-55,3],[-24,8],[-39,40],[-29,0],[-16,-30],[-86,32],[-113,-11],[-37,-16],[-7,-10],[-21,22],[18,29],[-1,30],[6,38],[1,48],[8,48],[-6,37],[0,95],[31,30],[29,15],[63,13],[17,8],[49,10],[-22,121],[-31,-13],[24,141],[-48,17],[-80,67],[36,220],[3,83],[-40,18],[-78,31],[-65,-12],[-26,-12],[-39,35],[-17,43]],[[63867,12723],[68,-108],[-5,-97]],[[63930,12518],[-98,-3],[-38,13],[-5,13],[-25,9],[-30,-3],[-83,-19],[-108,-20],[-260,-42],[-18,-233],[-15,-27],[-27,-14],[-1,9],[-101,3],[-5,10],[-14,-26],[-43,27],[-38,-2],[-72,23],[-16,16],[-58,12],[-9,22],[-30,35],[-41,21],[-18,15],[-26,-9],[-16,-30],[-36,-22],[-26,-7],[-25,8],[-13,48],[-18,12],[-28,57],[-31,21],[-39,128],[-1,87],[4,19],[-46,-12],[-45,67],[-3,42],[-47,112],[42,42],[12,67],[-15,-2],[-35,-21],[-53,-15],[-35,73],[-16,-4],[-41,154],[-24,114],[-12,89],[-25,115],[-31,63],[-21,11],[-160,47],[-29,5],[-124,-9],[-176,-8],[-83,-27],[-18,-3],[-323,-14],[-182,83],[-228,99],[-69,155],[-387,325]],[[60348,14217],[-12,123],[-67,474],[35,269]],[[60304,15083],[455,491],[513,348],[16,11]],[[67060,12857],[14,-82],[-7,-200],[-51,-206]],[[73960,7708],[-583,-868]],[[73377,6840],[-1537,1237],[-206,180]],[[73377,6840],[-392,-585]],[[72985,6255],[-5950,2453],[-25,14],[-120,62],[-55,44],[-74,76],[-3,13],[-95,107],[-18,-17],[-49,54],[-18,6],[-16,-14],[-4,-28],[-14,-13],[-148,136],[6,62],[-29,71],[-8,0]],[[72985,6255],[-6177,422],[-57,-67],[-115,-126],[-121,-2],[2,18],[-97,24],[-56,-143],[-34,-171],[-108,14],[25,46],[32,103],[1,14],[-19,-2],[28,44],[80,55],[7,52],[-36,253],[-45,-4],[-14,143],[-51,85],[-150,259],[-163,152],[-70,234],[-104,-10],[-88,7],[-263,8],[-298,26],[-169,36]],[[64925,7725],[98,375]],[[65023,8100],[9,54],[49,162],[20,51],[7,64],[25,77],[-8,394],[1,38],[-311,56],[-154,72]],[[64661,9068],[-40,253]],[[72985,6255],[-3992,-6004],[-543,-251],[-6345,0]],[[62105,0],[861,3902]],[[62966,3902],[730,805],[16,19],[156,576],[675,1017],[271,471],[25,137],[41,268],[45,530]],[[62966,3902],[-94,263],[-806,1469],[-24,42],[-109,182],[-350,260]],[[61583,6118],[-196,1272],[-181,243],[-8,53],[22,25],[62,20],[37,-12],[5,8],[24,-4],[21,25],[9,39],[32,12],[5,35],[-4,32],[-15,9],[-2,18],[16,22],[25,12],[63,162],[8,34],[10,85],[36,175],[2,23],[-41,201],[-12,3],[-3,76],[21,-2],[-14,285],[-36,-18],[-13,56],[-17,91],[-9,0],[-28,38],[-25,93],[-120,-68],[-2,53],[13,27],[-10,18]],[[61258,9259],[77,116],[38,88],[63,33],[1,16],[-13,77],[14,70],[10,67],[27,77],[14,51],[7,-8],[80,-41],[9,39],[25,36],[29,29],[25,9],[33,-5],[66,5],[44,-11],[24,-23],[33,-49],[-34,-105],[-15,-87],[123,-21],[2,-22],[39,-8],[-2,-69],[62,-34],[-22,-17],[115,-60],[-15,-44],[68,-12],[81,-5]],[[62266,9351],[-4,-37],[-16,-52],[-8,-68],[-11,-23],[-26,-27],[-16,-6],[-27,11],[-24,37],[-18,-12],[-151,21],[-7,-74],[-85,-45],[-23,-95],[12,-114],[32,-50],[78,-91],[3,-1],[15,-71],[-6,-19],[-4,-60],[11,-21],[127,-70],[16,45],[99,14],[44,-14],[-9,-28],[27,-11],[-2,-52],[32,-163],[31,-10],[42,-33],[35,-32],[28,-14],[-4,54],[-8,24],[96,18],[33,-21],[13,59],[61,-47],[41,-46],[103,53],[13,4],[160,-51],[27,-102],[54,15],[130,-24],[23,-7],[29,7],[40,-9],[57,-6],[23,19],[162,-9],[78,2],[7,51],[177,-13],[86,-10],[22,3],[-2,-12],[79,-1],[44,17],[73,11],[74,14],[81,2],[34,15],[77,24],[48,8],[24,-1],[1,-51],[6,-69],[-10,-35],[1,-26],[-9,-18],[209,-21],[138,67],[271,26]],[[64661,9068],[-43,-24],[-41,-13],[-64,-12],[-46,-4],[-179,27],[-182,96],[-79,24],[-44,44],[-17,23],[-15,47],[-26,23],[-55,19],[-69,-32],[-13,3],[-17,23],[-9,33],[-53,49],[-10,-2],[-43,21],[-40,27],[-23,-1],[-18,9],[-7,32],[-47,31],[20,36],[-6,31],[-229,99],[-53,-44],[-58,9],[-43,33],[-15,6],[-42,-15],[-23,3],[-6,-14],[-20,6],[-4,-13],[-21,-9],[-14,13],[-30,13],[-35,4],[-33,20],[-14,20],[-15,0],[-22,18],[-95,21]],[[62763,9748],[-9,5],[10,63],[-10,3],[5,23],[39,-17],[11,53],[48,1],[17,33],[29,-3],[23,114],[3,80],[-166,34],[3,76],[-131,30],[-80,20],[-1,92],[5,47],[122,-38],[47,81],[35,51],[-16,33],[-2,49],[-16,36],[-60,70],[-1,41],[5,73],[-24,80],[133,-31],[96,16],[63,-20],[35,-36],[9,5],[19,49],[-15,8],[53,52],[0,26],[47,40],[45,32],[-2,29],[16,51],[43,125],[14,53],[15,36],[26,78],[30,28],[1,62],[-20,22],[3,44],[15,51],[16,15],[145,13],[125,66],[-3,11],[157,82],[126,31]],[[62266,9351],[2,19],[59,-16],[3,86],[-20,83],[-14,45],[80,25],[150,52],[144,44],[88,31],[5,28]],[[61583,6118],[-555,312],[-313,129]],[[60715,6559],[-105,283],[-236,238],[-98,205],[-7,103],[-107,76],[-3,-1]],[[60159,7463],[-33,35],[-25,43],[5,53],[22,45],[-16,59],[20,42],[2,16],[19,18],[47,74],[-23,9],[-27,32],[-58,18],[-29,13],[-42,3],[-32,11],[-6,22],[12,40],[-7,10],[16,105],[-3,63],[6,14],[59,40],[15,15],[63,99],[7,18],[18,70],[18,42],[8,40],[52,72],[-20,57],[8,44],[-16,10],[19,8],[37,207],[15,-4],[6,18],[-22,7],[18,40],[-3,119],[30,28],[-5,18],[-2,197],[-19,5],[-1,14],[-32,30],[-1,14],[37,17],[-60,36],[-2,21]],[[60234,9470],[127,81],[18,77],[-12,45],[10,18],[11,69],[-2,63],[6,33],[-18,6],[-35,38],[88,53],[34,-34],[30,-3],[21,-16],[6,-18],[-7,-19],[32,-6],[50,7],[17,54],[35,25],[36,17]],[[60681,9960],[-2,-32],[15,-64],[32,-37],[29,-13],[23,-29],[50,-118],[36,0],[6,-43],[43,27],[97,-22],[80,-65],[22,-33],[60,-54],[29,-20],[12,-30],[0,-90],[32,-7],[18,-24],[-13,-28],[8,-19]],[[60715,6559],[-593,-130],[-414,-188],[-15,-13],[-345,38],[-96,18],[-82,10],[-134,271],[46,181],[3,76],[-21,31],[-20,12],[-66,6],[-38,27],[-43,12],[0,7],[-177,38],[-9,176],[140,-24],[43,214],[18,79],[-8,13],[-191,53],[13,97],[-66,57],[54,96],[28,93],[3,25],[22,71],[-33,29],[-94,11],[-3,-9],[-28,5],[7,20],[39,226],[-187,2],[5,33],[-97,-10],[-13,7],[-7,97],[-6,6],[41,15],[118,33],[84,17]],[[58593,8387],[87,14],[2,-7],[254,41],[-6,-21],[94,-7],[4,-65],[123,-17],[37,-8],[13,11],[5,36],[51,-9],[13,-16],[66,16],[16,-8],[18,-26],[-20,-64],[45,-48],[1,-19],[-29,1],[-17,-20],[-26,2],[-18,-8],[6,-35],[37,-21],[-12,-22],[-39,-29],[3,-21],[-26,-126],[-5,-40],[199,-45],[7,-22],[31,-25],[48,-15],[27,-2],[22,7],[34,-5],[34,-16],[20,-18],[11,-33],[24,-15],[16,6],[29,-1],[35,-11],[-4,-37],[4,-34],[8,-11],[33,-14],[76,-67],[38,-39],[116,-40],[81,29]],[[54907,13066],[-11,-20],[-6,-42],[-21,-30],[66,-104],[24,-45],[2,-12],[86,-112],[38,-52],[72,-18],[-34,-91],[-188,-109],[-32,-4],[-71,-77],[32,-85],[39,-82],[41,-72],[-7,-5],[-167,-52],[-13,-21],[-75,-19],[-133,-237],[1,-64],[-58,-19],[21,-80],[-20,-5],[-1,-58],[11,-96],[-37,0],[1,-7],[-52,-17],[-19,7],[-15,-6]],[[54381,11432],[-20,6],[-7,20],[7,11],[-42,3],[4,28],[-33,22],[-64,24],[-29,70],[2,14],[-44,-1],[-9,113],[49,9],[-34,41],[-185,-36],[-26,-48],[-13,-6],[-33,14],[-31,4],[-143,-60],[-69,-2],[-10,7],[-64,-36],[-123,-52],[-4,-4],[-34,-142],[-37,3],[-18,-98],[-46,-4],[5,-16],[17,-114],[-6,-99],[41,-9],[32,-66],[-5,-30],[-119,18],[-5,-22],[-241,8],[-134,-401],[-11,-10],[-80,-257],[29,-67],[-35,-128],[-6,-17],[-31,-31],[-19,-8],[-13,-84],[-2,-60],[-16,-6],[-19,-55],[-110,-676],[-111,-592],[-48,-165],[-245,-1601]],[[52193,6844],[-1121,97],[-1644,-111]],[[49428,6830],[-170,1186],[-26,199],[-32,157],[-39,334],[-83,596],[-119,549],[-47,227],[-36,213]],[[48876,10291],[-4,281],[17,414],[25,484],[7,105],[-27,111]],[[48894,11686],[33,484],[3,342],[54,340],[57,182],[157,341],[238,432],[137,218],[167,248]],[[49740,14273],[788,-655],[214,-187],[447,-44],[127,-28],[80,8],[202,-55],[301,62],[102,-182],[11,-38],[1,-54],[-3,-74],[-6,-39],[-214,-81],[-33,-161],[-164,-70],[-133,-249],[48,-69],[50,-58],[88,-76],[431,-113],[41,405],[41,51],[84,178],[19,251],[26,43],[25,1],[18,11],[-22,65],[-20,50],[-9,35],[-56,26],[5,21],[26,32],[11,22],[27,20],[42,10],[40,18],[41,35],[15,19],[42,-1],[76,13],[66,-13],[54,323],[29,-2],[7,47],[-21,33],[24,136],[60,-15],[9,79],[-76,8],[24,269],[73,-10],[9,102],[-75,18],[0,-7],[-48,15],[-11,-113],[-175,56],[-210,73],[-156,45],[2,31],[-141,30],[-5,28],[6,31],[-7,17],[6,21],[-112,17],[13,45],[-46,9],[12,63],[5,62],[-59,252],[-29,55],[-20,26],[-103,54],[-169,587],[-658,824]],[[50827,16611],[60,122],[316,521],[54,69],[257,300]],[[51514,17623],[742,-1424],[175,-175],[208,-148],[119,-96],[11,-18],[79,-55],[55,-71],[16,-13],[27,-94],[4,-52],[16,-123],[34,-30],[12,-19],[6,-43],[21,-21],[23,6],[56,-31],[99,-155],[-38,-14],[9,-37],[51,16],[39,-59],[152,-226],[8,-24],[-16,-14],[10,-20],[25,-131],[97,23],[23,-101],[10,-70],[51,15],[24,3],[34,-109],[67,-22],[28,3],[10,-13],[28,-107],[10,-22],[40,18],[28,-59],[70,23],[8,-36],[19,-55],[-12,-4],[-25,-128],[-12,-27],[94,-1],[0,19],[147,150],[44,19],[33,38],[8,3],[130,7],[52,-3],[41,12],[30,21],[28,7],[106,17],[62,34],[19,-44],[113,23],[20,-169],[96,-10]],[[54978,14007],[22,-2],[14,-29],[6,-49],[-87,0],[-3,-41],[-12,-74],[11,-2],[12,-74],[6,-11],[-75,-6],[34,-220],[30,9],[13,-53],[10,-5],[20,-53],[-77,-15],[-83,-4],[-14,-46],[-13,-22],[-8,-35],[0,-39],[-22,-18],[1,-30],[43,2],[-1,-24],[12,-90],[83,9],[7,-19]],[[49740,14273],[6,57],[50,155],[47,388],[10,69],[7,29]],[[49860,14971],[97,317],[17,33],[60,166],[92,242],[701,882]],[[54137,18970],[223,-305],[217,-244],[93,-46],[1890,-941],[113,-56]],[[56673,17378],[-127,-358],[-42,-561],[-26,-111],[-96,-229],[-33,-173],[56,-86],[44,-58],[21,-44],[20,-72]],[[56490,15686],[-239,-385],[-58,-47],[-39,-10],[-33,40],[-26,5],[-11,-21],[-40,-22],[-34,16],[-29,-15],[-13,-24],[-40,-28],[-15,-30],[11,-46],[-1,-22],[-10,-12],[-39,0],[-3,-23],[-24,4],[-1,-42],[36,-21],[-40,-56],[-1,-59],[13,-4],[5,-62],[-59,1],[-14,-34],[-63,10],[-28,10],[-39,22],[-16,16],[14,14],[-20,10],[5,23],[-59,8],[-6,-8],[-224,85],[-27,0],[-130,-61],[-44,-3],[1,-31],[-47,-5],[-52,-17],[3,-29],[-32,-13],[-9,-39],[-2,-51],[3,-65],[4,-26],[0,-58],[11,0],[10,-71],[-46,-53],[-9,-17],[-5,-59],[111,-52],[38,-26],[99,-27],[10,-32],[15,1],[1,-38],[10,-17],[2,-80]],[[55265,14110],[-70,-7],[1,-36],[-224,-18],[6,-42]],[[51514,17623],[172,295],[117,163],[116,108],[617,715]],[[54907,13066],[19,12],[11,25],[44,29],[32,27],[-10,32],[25,-4],[8,21],[33,12],[20,26],[25,-35],[44,10],[14,-13],[28,-10],[3,-181],[63,16],[15,10],[16,-1],[20,-29],[103,-32],[-1,24],[170,-66],[8,-42],[-15,-15],[-18,-85],[-7,-66],[293,25],[131,12],[-4,-25],[16,-32],[52,18],[35,-23],[15,24],[21,-1],[12,12]],[[56128,12741],[13,-14],[49,-3],[112,-17],[94,95],[7,13],[26,-2],[38,-15],[31,0],[1,9],[44,-3],[-11,-226],[10,-1],[-2,-77],[50,-41],[26,-17],[-14,-36],[-19,-96],[30,2],[-19,-63],[-34,-148],[11,-4],[65,-148],[53,-30],[128,-29],[55,-9],[1,10],[45,6],[9,-24],[28,-2],[156,-29]],[[57111,11842],[0,-37],[22,-11],[36,-1],[-3,-56],[19,-18],[20,0],[-21,-32],[-2,-25],[-32,-50],[-36,-26],[-54,-30],[-44,-7],[-13,9],[-29,-23],[-14,-24],[11,-28],[19,-18],[-3,-26],[13,-18],[-5,-36],[26,-64],[25,-10],[25,-1],[23,-94],[-15,-32],[-42,13],[-3,-7],[38,-22],[-93,-205],[-16,-43],[-48,16],[-13,-34],[-123,46],[-120,-193],[-93,68]],[[56566,10823],[-118,87],[-35,-2],[-38,-21],[8,-93],[-55,-28],[-5,-13],[-45,-225],[-27,-30],[-28,-66],[-82,16],[-46,45],[-3,-5],[-37,21],[-64,-123],[-15,6],[-31,-66],[6,-2],[-2,-100],[17,-4],[-1,-28],[19,-10],[-5,-26],[-1,-113],[-41,-69],[-11,-35],[-76,-51],[1,21],[-81,37],[-32,9],[-54,-1],[-16,-104],[-12,-134]],[[55656,9716],[-236,156],[-78,104],[-69,95],[-97,-10],[2,-23],[-25,30],[-2,-27],[-49,-5],[-55,-22],[-60,38],[-45,56],[38,129],[22,59],[21,66],[7,33],[15,38],[11,2],[6,30],[25,85],[8,36],[24,49],[0,36],[-20,61],[-4,26],[0,60],[-62,2],[-210,20],[18,120],[7,3],[10,44],[-273,89],[7,66],[-45,49],[-61,38],[13,12],[-21,32],[7,43],[-6,-5],[-87,6],[-16,-11],[-1,25],[11,17],[1,21],[-6,43]],[[60234,9470],[-136,94],[-153,-48],[-54,21],[-68,1],[-48,47],[-15,-14],[-86,37],[-30,22],[6,35],[-42,-5],[-9,6],[-22,-29],[1,-31],[-22,-6],[-37,-22],[0,-13],[-16,7],[-6,-56],[35,16],[5,-8],[-16,-48],[-25,-11],[-59,9],[-23,-106],[-10,-2],[26,-46],[-20,-79],[-180,68],[13,45],[-186,77],[-1,18],[-14,14],[0,19],[-25,36],[-3,33],[-21,5],[-44,-5],[-96,8],[-28,12],[-37,1],[-27,8],[-34,30],[-6,21],[-102,19],[-61,-172],[-35,8],[12,42],[-23,24],[-83,18],[-87,23],[-15,-45],[-34,-2],[-44,32],[-65,-21],[-38,-29],[-12,115]],[[58134,9643],[-5,14],[-11,72],[-71,22],[11,40],[-33,20],[-21,-38],[-122,95],[39,73],[-9,21],[-22,19],[-49,67],[-68,9],[-7,16],[-33,-20],[-27,2],[-38,-4],[-8,13],[-13,-9],[-41,0],[-72,-27],[-1,-45],[-15,1],[-16,-14],[-77,-32],[-104,28],[-69,16],[-86,-1],[-2,32],[12,36],[-51,2],[2,48],[-69,54],[-66,-134],[-37,8],[-86,-10],[-41,12],[9,23],[-83,42],[-107,30],[-31,29],[-45,1],[-12,10],[11,67],[1,105],[-7,44],[-4,64],[0,54],[12,0],[22,88],[-2,111],[-29,30],[3,96]],[[57111,11842],[52,9],[5,55],[22,39],[23,-13],[128,21],[20,-113],[189,0]],[[57550,11840],[38,-98],[211,13],[27,-3],[-23,-168],[-13,-23],[11,2],[-4,-37],[17,-6],[-6,-19],[193,-58],[9,-23],[32,39],[-13,44],[11,47],[3,36],[37,-12],[20,-39],[72,7],[148,-21],[2,57],[10,7],[55,-23],[14,-34],[46,2],[6,20],[-2,53],[45,146],[-12,0],[19,66],[-135,40],[27,24],[32,2],[-5,42]],[[58422,11923],[83,74],[15,20],[87,-44],[10,17],[150,-102],[23,-13],[133,-97],[58,142],[125,-30],[-3,-8],[144,-57],[11,61],[18,-8],[14,73],[-1,10],[23,-5],[278,61],[136,462],[-3,3],[40,519]],[[59763,13001],[129,-530],[-4,-83],[-1,-134],[-8,-65],[-37,-96],[-19,-83],[-27,-83],[1,-30],[-16,-17],[-22,-43],[-42,-65],[-5,-30],[13,-94],[90,1],[3,-95],[31,-19],[16,-18],[66,22],[11,66],[-2,28],[69,11],[66,-59],[30,-3],[-12,-66],[5,-1],[-20,-157],[-110,-18],[22,-110],[142,60],[35,-8],[28,-51],[26,-13],[2,-17],[59,-132],[70,-16],[87,-32],[21,-5],[27,-19],[-12,-29],[16,-16],[35,-9],[-22,-94],[-35,-143],[140,-34],[-22,-130],[-5,-44],[-76,17],[-24,-111],[17,-8],[-18,-44],[131,-129],[-7,-33],[82,-179],[-6,-51]],[[58422,11923],[-36,-3],[0,20],[-21,11],[18,34],[6,63],[7,22],[37,35],[-18,15],[4,10],[-12,41],[-48,22],[-11,-9],[-8,18],[-148,104],[14,15],[-34,155],[-74,17],[-69,51],[-143,264]],[[57886,12808],[107,146],[-90,98],[6,22],[-13,40],[-73,15],[-22,-7],[-37,85],[-38,34],[-7,64],[8,6],[-20,74],[-5,6],[-43,-5],[-43,166],[68,20],[139,15],[-14,27],[0,40],[12,33],[105,338]],[[57926,14025],[207,-183],[84,-66],[103,-89],[288,116],[671,-343],[6,-4],[135,-18],[91,-20]],[[59511,13418],[252,-417]],[[60348,14217],[-837,-799]],[[57926,14025],[-162,519]],[[57764,14544],[260,177],[31,19],[39,111],[145,292],[25,46],[48,59],[21,15],[171,46],[278,59],[320,143],[123,80]],[[59225,15591],[1079,-508]],[[59164,19421],[-1003,-1697]],[[58161,17724],[-97,-54],[-736,-266],[-100,12],[-91,2],[-464,-40]],[[56490,15686],[194,-126],[99,-122],[35,-46],[127,-98],[45,-25],[77,-59],[118,-118],[97,-286],[91,-108],[78,-55]],[[57451,14643],[-391,-201],[-86,-94],[-61,-75],[-39,-56],[-61,-49],[-19,-23],[-41,-5],[1,-29],[-27,-21],[-47,6],[-109,-31],[-10,19],[-5,44],[-17,6],[-1,14],[-54,-5],[0,13],[-28,0],[-11,11],[-38,-9],[-4,16],[-100,-20],[-52,-59],[-23,64],[-41,-28],[-4,15],[-39,-16],[-19,44],[-34,39],[-56,6],[-19,-3],[22,-70],[-29,-7],[-15,-54],[-87,-3],[-16,-10],[-4,-56],[-15,-23],[1,-21],[-29,-10],[-90,55],[-79,2],[-71,-24],[-60,8],[-3,29],[12,63],[-12,49],[-4,43],[-76,-12],[-6,-37],[-190,-28]],[[58161,17724],[116,-200],[260,-620],[189,-297],[26,-27],[209,-235],[66,-121],[61,-64],[114,-464],[23,-105]],[[57764,14544],[-71,-6]],[[57693,14538],[-242,105]],[[57550,11840],[-5,176],[45,17],[10,-10],[14,97],[-113,108],[38,87],[20,-11],[21,154],[41,-38],[36,-42],[35,-7],[67,-26],[28,223],[26,-12],[5,26],[-12,14],[5,27],[-25,-5],[-11,7],[41,115],[-12,17],[82,51]],[[56128,12741],[-17,32],[-1,61],[20,25],[0,24],[10,14],[48,31],[13,23],[-63,34],[-2,30],[-29,11],[-8,32],[-48,-1],[-6,42],[9,2],[-1,42],[74,29],[134,-13],[16,13],[7,55],[28,-6],[80,-6],[10,26],[17,-1],[19,24],[22,9],[8,20],[72,68],[-15,22],[-2,57],[-31,-2],[-15,33],[-21,33],[2,44],[-11,11],[5,23],[30,18],[14,35],[20,21],[25,7],[19,27],[39,35],[27,4],[33,-17],[28,8],[16,15],[37,-16],[23,4],[28,25],[39,11],[48,26],[5,17],[32,6],[-14,28],[-45,39],[-10,19],[29,26],[39,8],[33,52],[36,37],[31,39],[47,43],[63,17],[28,1],[79,-22],[350,289],[105,142],[7,12]],[[58593,8387],[-19,224],[11,99],[-33,7],[-74,30],[-40,22],[-26,6],[-8,-55],[-44,7],[-5,-25],[-72,-5],[-86,17],[-48,4],[-55,13],[-55,25],[-32,27],[-40,20],[-45,11],[197,317],[-5,35],[-23,16],[9,22],[1,28],[-21,51],[3,75],[-3,26],[4,93],[50,166]],[[62105,0],[-1035,0],[-665,798],[-1103,1015],[-1140,967],[-953,1001],[-1022,1087],[-995,481],[-835,661]],[[54357,6010],[252,1630],[45,170],[129,438],[83,383],[156,313],[6,58],[-23,74],[1,31],[13,112],[163,-29],[3,2],[138,24],[290,88],[43,412]],[[54357,6010],[-822,377],[-1342,457]],[[40641,29464],[18,4],[9,44],[49,-4],[29,8],[5,14],[36,1],[0,-21],[49,-84],[36,65],[0,20],[15,11],[-5,23],[14,26],[-26,3],[-47,54],[-6,35],[-12,0],[15,64],[48,37],[21,-12],[7,-20],[-14,-31],[10,-15],[26,-2],[22,16],[11,37],[35,23],[20,30],[12,-11],[42,63],[24,27],[29,16],[57,10],[42,13],[112,25],[116,27],[29,19],[124,102],[38,38],[23,48],[8,48],[-13,60],[3,42],[6,29],[85,276],[48,146],[23,49],[8,71],[15,36],[41,48],[84,109]],[[41962,31081],[90,-58],[88,-247],[12,-25]],[[42152,30751],[-101,-80],[-109,-73],[-26,-37],[-9,-202],[-178,-169],[-35,-23],[-13,-2],[-8,-23],[8,-19],[2,-33],[15,-52],[-10,-50],[10,-32],[27,-51],[11,-10],[-21,-41],[-1,-22],[-19,-81],[-35,-54],[-53,-43],[-19,-7],[54,-91],[45,-123],[21,-93],[7,-52],[4,-84],[0,-69],[-51,-9],[-84,-28],[49,-30]],[[41633,29068],[-22,-17],[-6,-37],[-12,-18],[-11,-44],[-16,-1],[-13,-62],[15,-10]],[[41568,28879],[-12,-16],[-19,-63],[-25,-42],[-16,19],[-9,-11],[-13,15],[-12,-15],[8,-7],[-47,-59],[-16,15],[33,41],[-20,16],[28,34],[-22,19],[-34,-34],[21,-28],[-25,-30],[-37,-23],[-11,-15],[-16,9],[-11,-9],[-19,11],[-21,-10],[-22,11],[-18,-12],[-6,11],[-25,0],[0,-13],[-19,14],[-46,-1],[0,-15],[-20,16],[-149,51],[-4,-11],[-21,17],[-12,-18],[30,-20],[-16,-43],[-20,-27],[-13,-61],[-15,-33],[-35,1],[-13,-23],[25,-21],[5,-31],[28,-1],[-4,-40],[6,-2],[-9,-40],[3,-42],[11,-28],[-15,-9]],[[40899,28326],[-18,19],[-12,33],[-39,3],[7,17],[-34,30],[-35,88],[-15,29],[-30,5],[-48,16],[-50,33],[-28,28],[-45,60],[-30,-31]],[[40522,28656],[-24,73],[-15,8],[58,39],[77,57],[20,25],[48,87],[7,10],[49,89],[-16,0],[-24,-26],[-29,-11],[-28,-1],[-36,11],[-46,41]],[[40563,29058],[-6,64],[19,49],[16,5],[-6,14],[18,49],[23,-6],[26,32],[18,34],[7,30],[16,-2],[-2,32],[-68,1],[7,57],[10,47]],[[40522,28656],[-50,-54],[-37,24],[-35,-15],[-25,52],[-102,-70],[-56,-31],[-68,-43],[-23,-11],[-78,-46],[-53,-29],[-40,-17],[-130,-35],[-1,-15],[-45,-23],[-45,3],[-18,24],[-6,38],[-48,6],[17,106],[47,22],[24,95],[-97,14],[-37,21]],[[39616,28672],[0,27],[14,64],[-36,2],[-8,61],[-23,-2],[-13,46],[-21,60],[9,32],[-7,23],[-42,-5],[-16,8],[-45,-17],[-54,-6],[-1,26],[-63,-19],[2,24],[-57,38],[-6,16],[-34,5],[-18,12],[-67,-40],[18,-27],[-13,-34],[10,-34],[-1,-23],[-36,8],[-4,-17],[-56,15],[-15,68],[3,59],[-5,0],[11,82],[-32,0],[-4,-32],[-53,9],[-24,-4],[0,-37],[-46,8],[-28,-8],[-20,12],[-14,19],[5,9],[-49,-3],[-34,9],[-12,-5],[23,60],[3,43],[-43,-23],[-24,-5],[-3,48],[-18,-9],[-42,13],[10,17],[14,54],[-12,3],[3,19],[-39,15],[-17,-25],[-19,23],[-35,-14],[-39,30],[16,19],[16,33],[-7,9],[25,53]],[[38543,29464],[48,3],[-7,49],[24,-3],[11,77],[36,-2],[18,-9],[52,-9],[50,-32],[34,-6],[38,-21],[57,-27],[18,-39],[14,-18],[16,-2],[14,-26],[10,18],[56,28],[38,-4],[12,6],[32,-25],[36,-3],[30,20],[51,-54],[-12,-60],[19,-20],[48,-22],[31,10],[42,0],[46,-12],[8,-14],[41,-2],[19,-23],[16,-5],[13,-22],[27,7],[59,-2],[15,17],[4,-51],[22,-1],[45,-11],[8,-8],[60,-29],[35,3],[27,-7],[60,-38],[5,18],[16,3],[21,23],[16,4],[2,41],[15,-2],[14,36],[69,33],[23,-27],[10,16],[14,54],[95,-42],[146,-66],[198,-90],[55,-38]],[[38543,29464],[19,78],[-2,12],[-50,6],[-18,8],[-2,19],[-32,11],[7,-18],[-32,-7],[-3,14],[-26,46]],[[38404,29633],[14,37],[10,48],[40,51],[13,2],[98,63],[46,0],[-30,56],[1,36],[38,-17],[66,-12],[19,-13],[45,-5],[24,-8],[11,10],[-3,94],[38,38],[15,46],[-3,15],[-22,35],[-7,34],[-28,33],[-29,15],[-22,25],[10,22],[28,18],[5,42],[27,37],[4,17],[25,-2],[42,38],[22,-20],[49,12],[13,-7],[9,-26],[26,-11]],[[38998,30336],[25,0],[20,-9],[-6,-19],[16,-12],[-2,-20],[9,-22],[-10,-5],[37,-25],[30,5],[0,-15],[30,-8],[3,8],[38,-21],[11,10],[5,-19],[39,-22],[37,19],[21,-11],[24,-47],[60,0],[11,-12],[28,1],[16,-19],[3,-17],[26,-7],[22,-24],[17,2],[16,-34],[46,9],[34,-3],[9,-21],[65,7],[27,-6],[2,-15],[14,0],[21,16],[25,-11],[20,25],[17,-11],[3,12],[25,7],[-1,-39],[35,-5],[4,24],[44,-6],[12,-24],[46,-6],[20,8],[22,-22],[55,-28],[15,-27],[39,-7],[75,-64],[20,-39],[42,-25],[31,4],[65,-36],[47,-12],[40,-43],[3,-20],[-14,-40],[9,-37],[64,-57],[27,-37],[34,-16],[18,5],[39,-11],[18,2]],[[41633,29068],[7,0],[62,-33],[5,42],[47,5],[56,-33],[11,3],[10,48],[10,12],[21,3],[42,-8],[61,-36],[5,-41],[-13,-27],[53,-13],[47,1],[41,-12],[9,35],[11,9],[15,-6],[24,6],[48,-3],[-4,-29],[13,-37],[4,-37],[-8,-6],[-31,5],[-12,-20],[-7,-38],[21,-27],[41,-21],[36,-13],[84,-12],[13,15],[36,-6],[3,61],[140,-20],[51,7],[29,-3],[21,9],[-2,-45],[46,-13],[-1,-12],[33,3],[26,-5],[55,-27],[55,-13],[4,129],[101,3],[-1,-34],[22,0]],[[42973,28834],[8,-30],[13,-22],[28,-74],[29,-29],[-3,-5],[30,-49],[13,-30],[35,-37],[-13,-27],[59,-23],[-8,-58],[17,-34],[27,-31],[-1,-27],[-13,-4],[9,-18],[18,-12],[16,26],[8,-14],[41,-44],[58,-32],[19,-24],[77,-58],[32,-29],[27,-108],[88,-43],[69,-44]],[[43656,27954],[189,-125],[-41,-73],[18,-89],[13,-12],[52,-22],[30,-50],[25,-15],[26,-7],[18,-16],[146,-72],[28,3],[-16,-46],[9,-9],[-9,-57],[-18,-23],[-13,-42],[14,-26],[-41,-27],[-87,-124],[-77,-92],[-36,-49],[-56,-69]],[[43830,26912],[-65,-82],[-26,-1],[-85,13]],[[43654,26842],[-42,5],[-23,8],[-77,9],[-51,-7],[-57,-3],[-49,2],[-22,-5],[-29,-20],[-46,-24],[-55,-41],[-53,10],[-80,25],[-71,14],[-67,6],[-74,15],[-16,6],[-62,-5],[-51,-13],[-46,-18],[-148,-45],[-42,-8],[-96,-32],[-39,-16],[-58,-6],[23,-58],[-7,-39],[-42,-83],[-45,-23]],[[42229,26496],[-24,74],[-49,-13],[-37,111],[-8,-2],[-8,65],[8,0],[-48,89],[52,22],[-51,77],[22,104],[18,60],[2,29],[51,226],[-7,1],[20,89],[-145,-7],[1,99],[16,48],[-72,-7],[-73,2],[-60,6],[-21,29],[-3,29],[14,49],[-1,30],[-12,52],[-44,58],[15,9],[36,0],[91,-35],[-112,270]],[[41800,28060],[21,3],[37,-7],[2,45],[33,25],[4,30],[45,13],[14,20],[-9,21],[-65,43],[-9,-11],[-30,20],[15,10],[2,27],[-27,15],[36,49],[14,-10],[-4,43],[-19,53],[-60,-27],[-46,91],[-3,9],[32,16],[35,1],[-9,13],[-17,-5],[-7,17],[-16,-12],[6,-9],[-33,-12],[-59,82],[12,16],[-13,19],[55,41],[-10,23],[-59,114],[-17,42],[-83,11]],[[41800,28060],[-41,-11],[7,-14],[-14,-24],[-22,1],[-9,21],[-35,-8],[-41,-24],[-33,-2],[-43,11],[-46,1],[-19,32],[-1,48],[-37,59],[-3,44],[-55,14],[-69,22],[-1,-7],[-69,10],[1,11],[-75,2],[-7,-24],[-65,-38],[-52,-9],[-35,-2]],[[41036,28173],[-7,40],[-14,37],[-17,10],[-14,-4],[-31,49],[-38,-5],[-13,6],[-3,20]],[[42152,30751],[36,-6]],[[42188,30745],[221,-217]],[[42409,30528],[-2,-105],[-18,-27],[-52,-130],[-32,-14],[-38,-77],[10,-22],[61,-69],[27,-19],[27,-46],[8,-55],[-15,-51],[-73,-41],[-36,-23],[17,-9],[10,8],[48,-119],[17,0],[-19,-37],[-7,-25],[-35,-55],[-9,-47],[-31,-44],[-12,-34],[101,-20],[8,-53],[71,2],[13,5],[23,-64],[9,0],[3,68],[-14,1],[5,84],[100,30],[37,-11],[26,-26],[33,-3]],[[42670,29500],[22,-28],[19,-12],[33,-36],[43,-63],[74,-44],[32,-9],[23,-51],[14,-9],[6,-25],[-4,-30],[-25,-12],[10,-44],[-21,-20],[-7,-22],[17,-61],[14,-33],[17,-7],[16,-22],[19,-48],[-2,-40],[3,-50]],[[41036,28173],[-8,-28],[-14,-17],[-29,-5],[18,-62],[-5,-59],[-15,-24],[-29,-25],[-20,-45],[-26,-24],[-36,-13],[-52,-55],[-19,-13],[-24,-4],[-27,-16],[-33,11],[-8,-16],[12,-91],[-18,-68],[-36,-13],[-64,9],[-79,-28],[-35,-30],[-41,-87],[-12,-8],[-25,0],[-49,-22],[-12,-63],[-15,-15],[-69,9],[-21,-12],[-10,-40],[-7,-67],[-25,-51],[-5,-19],[-40,-28],[-22,-8],[-24,-37],[0,-63],[-11,-19],[-30,-17],[-56,3],[-17,10],[-54,8],[-33,24],[-36,0],[-26,14],[-24,-30],[-35,-3],[-15,-38],[-41,-34],[-25,-13],[-10,-38],[-21,2],[-16,-15],[-4,-21],[-42,-44],[-46,-24],[-10,-12],[12,-16],[-11,-24],[6,-48],[-5,-32],[5,-21],[-15,-8]],[[39552,26650],[-37,-43],[-26,3],[-12,-43],[-27,-10],[3,-23],[-15,-18],[-13,1],[3,-35],[-50,8],[-30,43],[-8,24],[-28,16],[-16,-17],[-32,6],[-9,-9],[-93,30],[-17,9],[-37,-17],[-47,18],[-3,26],[58,-15],[1,33],[-55,14],[2,32],[-10,29],[3,20],[-13,16],[4,15],[14,3],[19,24],[-24,47],[-8,52],[-23,19],[-33,15],[-7,21],[26,48],[-5,3],[7,43],[27,25],[-4,7],[30,14],[24,4],[6,23],[-13,48],[0,25],[11,20],[20,2],[-2,26],[-12,23],[-34,-7],[-59,21],[-4,13],[-22,10],[8,20],[20,20],[18,29],[-14,22],[-25,22],[-9,25],[44,35],[-6,24],[5,14],[-6,24],[-1,43],[-56,18],[-42,0],[-29,6],[10,18],[-2,24],[3,50],[-25,40],[-51,34],[-31,26],[-15,3],[-18,20],[-24,6],[-45,24],[-12,18],[-95,39],[-17,-50]],[[38567,27846],[-13,2],[1,19],[-11,20],[11,57],[-44,13],[9,33],[-15,1],[-1,66],[17,9],[-37,59],[15,46],[7,39],[21,36],[32,34],[-6,-32],[10,-10],[38,53],[75,74],[55,46],[5,-7],[41,-15],[45,0],[7,45],[52,-13],[-22,-60],[91,-28],[59,-30],[92,-2],[9,21],[14,-21],[24,-9],[24,54],[48,-11],[-1,-7],[73,-29],[0,83],[-67,11],[13,50],[7,1],[15,86],[89,-25],[3,36],[17,-4],[40,11],[12,19],[42,-20],[33,-6],[22,61],[1,19],[11,-6],[11,35],[40,7],[9,13],[26,2]],[[42229,26496],[-35,-21],[-38,-15],[-35,-1],[-78,-16],[-40,0],[-70,-19],[-50,-7],[-6,11],[-48,0],[-12,19],[-58,-7],[-44,-10],[-45,32],[-15,29],[-3,23],[19,102],[-8,30],[-12,75],[-18,16],[-50,85],[-16,46],[-15,22],[-38,29],[-3,13],[-29,3],[-15,24],[-21,18],[18,36],[23,-8],[27,28],[-9,20],[14,17],[-17,21],[-21,1],[-12,19],[13,22],[-19,0],[-47,16],[-43,-24],[-35,-38],[-66,-38],[-16,-6],[-49,-35],[-26,-1],[-57,-37],[-91,-40],[-48,-13],[-42,7],[-35,-15],[-18,-1],[-47,-34],[-26,-11],[-62,-7],[-26,-9],[-24,2],[-18,-12],[-113,-37],[-28,-30],[-56,-28],[-10,-20],[-31,-13],[-13,-12],[-21,-42],[-10,-30],[-31,-71],[-22,10],[-23,-2],[-19,-14],[2,-50],[-7,-32],[-21,-27],[-48,-43],[-4,-15],[19,-25],[36,-79],[16,-41],[25,-28],[41,-21],[61,-39],[35,-16],[12,-45],[-10,-18],[-1,-70],[-20,-6],[-54,-57],[-48,-6]],[[40344,25930],[-38,-5],[-46,21],[-53,13],[-22,-5],[-50,0],[-30,-16],[-24,0],[-29,-12],[-51,23],[-65,5],[-39,-10],[-22,-27],[-20,-10],[-30,-4],[-49,-17],[-16,-14],[-24,-6],[0,-10],[-23,-17],[0,-14],[-32,-1],[-29,26],[-63,-5],[-52,14],[-4,12],[-39,19],[-8,10],[-16,-15],[-46,55],[7,30],[16,13],[7,34],[-19,5],[-61,29],[-9,30],[-24,22]],[[39341,26103],[40,60],[12,7],[63,6],[31,30],[-7,38],[-34,59],[-2,14],[13,38],[10,9],[41,14],[23,36],[-3,40],[29,68],[9,54],[-14,74]],[[38998,30336],[-11,33],[-8,62],[15,56],[-21,26],[2,29],[15,14],[16,-2],[21,14],[0,37],[-20,33],[6,21]],[[39013,30659],[29,21],[68,7],[24,-6],[77,-33],[32,0],[73,-9],[17,-16],[25,37],[17,14],[35,8],[24,67],[58,103],[10,40],[45,70],[47,55],[52,39],[25,65],[33,92],[3,19],[24,64],[13,20],[33,26],[-18,22],[32,12],[31,-7]],[[39822,31369],[38,-41],[25,-57],[26,-77],[128,76],[12,50],[51,-13],[285,169],[78,-158],[10,-11],[21,43],[73,109],[83,-80],[31,21],[19,1],[23,20],[42,4],[19,15],[5,17],[16,-7],[19,4],[8,-9],[20,3],[22,-27],[43,-81],[38,-58],[15,-10],[12,23],[18,-2],[74,17],[29,-17],[75,-53],[24,20],[32,-8],[17,33],[30,42],[-4,19],[-31,31],[-13,38],[91,-7],[52,-13],[81,-59],[28,-17],[61,-26],[26,-6],[6,-32],[7,-93],[68,5],[10,-129],[129,10],[27,5],[72,64],[24,5],[23,-13],[22,-28]],[[42670,29500],[-19,31],[-25,53],[-4,22],[-14,11],[6,31],[53,65],[15,3],[77,-6],[56,1],[64,-16],[66,-51],[16,3],[19,-15],[26,29],[-12,16],[43,59],[33,-22],[59,-33],[95,-32],[16,17]],[[43240,29666],[3,5],[42,-11],[25,-13],[15,36],[65,115],[26,29],[13,-13],[19,-35],[9,-28],[39,-24],[21,-27],[23,-14],[26,-64],[38,-17],[15,-58],[11,-12]],[[43630,29535],[11,-20],[25,-12],[29,-36],[57,-54],[16,-3],[12,-21],[-3,-24],[9,-8],[-4,-31],[27,-32],[15,-3],[28,-36],[19,-5],[21,-48],[25,-40],[34,-35],[9,-37],[39,-47],[23,-18],[20,-37],[16,-9],[22,-24],[57,-14],[47,-84]],[[44184,28857],[-58,-99],[-26,13],[-84,-168],[-3,-13],[-18,3],[14,87],[-85,13],[20,23],[-34,58],[-61,-69],[12,-14],[-30,-71],[24,-21],[-56,-75],[22,-58],[-49,-73],[23,-19],[-67,-123],[24,-15],[-5,-10],[-113,61],[-10,-16],[91,-131],[30,-48],[19,-18],[14,-32],[-6,-7],[-43,-8],[-73,-73]],[[49916,30115],[-420,67],[-779,135],[-209,-31],[-318,-39]],[[48190,30247],[-57,7],[-1203,110],[-163,57],[-507,-353],[-7,-15],[-69,-264],[-13,-27],[22,-81],[-6,-23],[-50,-70],[-24,-3],[-10,-27],[1,-58],[-11,-24],[-28,-21],[-16,-52],[-8,-12],[-59,-24],[-24,1],[-17,15],[-21,-7],[-9,-31],[-57,31],[-63,24],[-40,11],[-31,-13],[-79,19],[-13,8],[-26,-1],[-43,-19],[-40,12],[-3,41],[-31,-7],[-76,7],[-25,-4],[-23,-30],[-87,-12]],[[45274,29412],[-26,-2],[-43,26],[-21,4],[6,38],[-27,10],[4,14],[-36,13],[-13,-12],[-9,16],[21,41],[10,39],[-8,24],[6,30],[-90,13],[-64,12],[-69,3],[13,52],[-27,-8],[-64,7],[-19,-76],[-23,-43],[1,-41],[-19,-7],[0,-101],[-15,3],[-51,-91],[-32,-17],[-23,-31],[-33,26],[-55,-71],[-4,3],[-26,-74],[-22,-31],[-5,-33],[32,-57],[-14,-45],[-51,51],[-12,-32],[-45,-61],[-58,35],[-100,66],[-8,-45],[-9,-17],[-11,-52],[29,-17],[-10,-29],[34,-14],[-2,-17],[-19,-50],[-16,10],[-40,-52]],[[44211,28822],[-27,35]],[[43630,29535],[47,84],[-12,10],[-2,110],[20,12],[59,8],[17,10],[-18,17],[4,39],[15,47],[2,48],[-13,75],[4,9],[-9,61],[15,43],[38,18],[125,23],[62,108],[157,435],[237,103],[31,66],[2,92],[-7,66],[6,103],[-64,35],[-105,63],[-182,58],[-5,3],[-16,69],[117,209],[31,271],[4,77]],[[44190,31907],[74,9],[363,-36],[105,-66],[22,-21],[32,-83],[-58,-361],[8,-69],[85,-15],[75,-53],[63,-4],[118,6],[100,-56],[115,-61],[72,106],[58,12],[65,-37],[94,41],[50,19],[-4,9],[2,121],[98,0],[0,62],[84,29],[-26,53],[0,75],[28,5],[25,51],[8,30],[19,7],[118,-5],[4,26],[10,-11],[46,37],[13,-38],[23,16],[9,50],[82,5],[21,-11],[-4,33],[-4,81],[41,3],[-2,34],[13,-4],[4,82]],[[46239,31978],[70,-24],[1,49],[-8,20],[9,31],[14,8],[8,24],[15,5],[97,83],[189,43],[447,156],[-12,285],[6,99],[9,77],[31,229]],[[47115,33063],[71,194],[35,89],[134,314],[614,1259],[127,183]],[[42409,30528],[171,2],[193,143],[22,-12],[97,-23],[28,-83],[18,-10],[48,-14],[10,-35],[-9,-9],[42,-90],[-18,-18],[-11,-30],[6,-12],[39,-29],[3,-26],[14,-39],[34,-22],[16,3],[32,-43],[29,-7],[44,-39],[45,-33],[17,-23],[25,-19],[-62,-74],[22,-21],[-33,-38],[-39,-90],[15,-70],[32,-25],[-28,-66],[29,-10]],[[42188,30745],[162,20],[227,217],[-13,126],[63,136],[144,24],[122,256],[33,47],[82,102],[55,129],[109,71],[113,72],[66,37],[39,67],[449,-43],[80,-17],[95,-8]],[[44014,31981],[133,-44],[43,-30]],[[45274,29412],[2,-61],[-24,-35],[-42,-31],[20,-14],[19,-40],[18,-18],[25,-50],[2,-19],[16,-38],[-30,1],[-3,15],[-47,-10],[14,-46],[27,4],[-4,-15],[-32,-32],[-12,-38],[6,-12],[-44,-68],[-164,83],[-47,12],[-15,-78],[-3,0],[-12,-133],[14,-14],[-14,-22],[3,-71]],[[44947,28682],[-23,18],[-45,26],[-2,17],[-53,-3],[-10,66],[-42,-22],[-15,17],[19,19],[-31,24],[-16,-22],[-71,-6],[-82,10],[-47,34],[-3,-5],[-52,30],[-3,-17],[-23,-41],[-41,-21],[-20,-31],[-29,6],[-42,-44],[-50,-22],[-8,38],[-29,31],[-18,38]],[[44014,31981],[0,66],[-11,321],[-29,113],[-62,72],[-55,54],[-26,39],[-58,72],[-35,40],[97,214],[94,431],[9,111]],[[43938,33514],[385,-176],[49,-25],[62,-21],[108,-85],[54,-113],[51,-95],[14,-82],[19,-68],[21,-94],[108,-88],[56,-8]],[[44865,32659],[174,-121],[5,-2],[10,-50],[22,-11],[-9,-36],[1,-20],[20,-41],[-11,-41],[20,-29],[76,-6],[14,8],[26,-15],[17,19],[30,-1],[26,-20],[31,-10],[19,12],[27,6],[13,-9],[44,-53],[17,-5],[12,-24],[-9,-12],[7,-24],[37,-50],[16,-6],[79,-3],[36,-8],[0,23],[22,11],[15,47],[29,-5],[6,15],[25,-13],[55,-2],[63,-23],[46,-12],[18,44],[21,-19],[17,3],[21,-88],[45,22],[12,-36],[-8,-3],[11,-35],[33,1],[37,26],[3,-89],[153,4]],[[44865,32659],[103,100],[68,32],[14,-27],[106,-34],[78,-5],[24,114],[36,-2],[109,-19],[34,13],[7,-51],[12,-29],[16,-87],[93,-10],[33,-12],[18,64],[109,-28],[11,4],[4,30],[-20,83],[36,-3],[26,55],[54,57],[17,12],[-5,-49],[108,2],[18,8],[2,-35],[7,9],[43,109],[32,-17],[10,-22],[23,-11],[15,-32],[98,10],[91,-17],[115,-37],[705,229]],[[43938,33514],[-41,66],[-136,183],[-33,42],[-22,19],[-103,215],[-139,276],[-95,207],[-17,45],[-91,234],[-29,79],[-45,69],[-35,63],[-40,90],[-18,45],[-100,280],[-17,62],[-53,227],[-130,589],[-77,408],[-23,136],[-43,261],[-11,97]],[[42640,37207],[693,129],[742,192],[282,24],[2077,173]],[[38864,33167],[-17,-42],[-17,-28],[-18,0]],[[38812,33097],[-287,-13],[9,34],[0,69],[-21,28],[-21,5],[-32,19],[-24,-4],[-44,2],[-20,11],[-9,30],[5,21],[-8,29],[-64,-42],[-1,-7],[-140,-137],[-29,6],[-202,65],[-15,10],[-9,34],[7,35],[-21,71],[-20,13],[-46,-6],[-40,24],[-2,30],[-42,4],[-39,11],[-77,34],[-5,65],[-14,0],[-28,-16],[-15,5],[15,-64],[4,-58],[-94,-19],[-67,22],[-29,-3],[12,-86],[-23,-6],[9,-68],[3,-70],[-5,-70],[-15,3],[4,-46],[-51,1],[-96,-6],[-4,-31],[-53,1],[12,-108],[72,11],[17,-46],[1,-37],[60,-308],[-60,37],[-30,-10],[-10,-37],[-65,23],[-52,13],[-79,7],[3,16],[-336,-39],[4,-25],[-20,-2],[-55,-20],[-14,42],[-55,-11],[-64,-23],[-40,2],[-77,-16],[-62,-35],[-25,-4],[-114,-28],[-40,-26],[-65,-20],[-31,-15],[55,-43],[-11,-54],[-12,4],[-76,-3],[-11,23],[-25,3],[-20,-75],[-86,-30],[13,24],[-57,-14],[-4,-43],[-25,-23],[-82,8],[-22,52],[5,26],[-62,-16],[3,24],[-21,-5],[-23,68],[-42,-13],[-30,-25],[17,-43],[-10,-4],[1,-53],[3,-15],[-50,-45],[-41,-6],[-10,-13],[-13,13],[-40,2],[-33,-7],[-30,1]],[[35304,32086],[3,13],[-36,-2],[-74,24],[-42,11],[-59,-6],[-36,30],[-15,-13],[-30,14],[6,25],[-15,7],[-6,-16],[-40,3],[-11,24],[-63,7],[-18,29],[-23,6],[-10,24],[-36,26],[-29,45],[-36,19],[-21,27],[-53,28],[-33,28],[-38,3],[-28,45],[15,19],[-14,25],[1,43],[9,30],[-2,19],[23,14],[0,22],[10,7],[7,37],[-50,34],[-69,114],[-320,237],[-147,162],[-447,544]],[[33577,33794],[79,314],[42,277]],[[33698,34385],[43,38],[281,265],[11,11],[125,186],[188,276],[203,304],[86,131]],[[34635,35596],[131,37],[54,26],[221,48],[673,259],[1112,1664],[328,484],[57,37]],[[37211,38151],[1653,-754],[189,-108]],[[39053,37289],[-287,-1007],[109,-235],[207,-288],[205,-286],[120,-131],[180,-167],[46,-102],[-14,-154],[23,-177],[-12,-65],[-160,-247],[-55,-16],[-67,-1],[-44,-51],[-5,-34],[18,-36],[-37,1],[-28,-7],[-16,-17],[-11,-29],[-11,-4],[-14,23],[-49,4],[-130,-21],[46,-68],[0,-62],[29,-12],[-48,-54],[-33,-22],[-32,-50],[30,-56],[-42,-18],[2,-15],[-63,-10],[-15,-41],[3,-18],[-18,-27],[6,-18],[-15,-31],[-2,-28],[21,-14],[16,-39],[0,-43],[-6,-29],[-19,-32],[-11,-51],[-11,-28],[-13,-62],[2,-31],[-7,-27],[-25,-16],[-28,-9],[-3,-52],[10,-18],[12,-48],[25,-5],[8,-35],[24,-6]],[[39822,31369],[14,11],[-25,38],[-16,15],[-27,40],[43,72],[17,67],[4,39],[-7,2],[-6,35],[3,32]],[[39822,31720],[-10,75],[0,102],[-18,0],[3,125],[8,161],[39,27],[3,15],[23,20],[42,-5],[119,1],[85,14],[14,39],[19,70],[-21,5],[7,45],[-42,13],[-48,29],[-45,3],[-34,7],[30,77],[-15,38],[-16,-2],[-7,31],[-15,22],[-60,9],[-80,3],[2,55],[-26,41],[-140,33],[17,55],[-99,48],[-85,20],[-88,6],[1,34],[-31,-5],[-5,44],[-1,77],[8,73],[-57,5],[-45,9],[-14,-3],[-6,33],[-77,3],[-58,13],[-2,-10],[-49,8],[-4,-15],[-55,6],[-30,-78],[-55,38],[8,19],[-48,14]],[[39053,37289],[36,2],[431,0],[1708,-11],[120,-8],[623,121],[231,52]],[[42202,37445],[236,-129],[202,-109]],[[38404,29633],[-18,-28],[7,-33],[-18,-45],[-8,-38],[-26,11],[-37,-59],[-18,6],[-4,-36],[-43,15],[-9,-26],[-45,15],[-18,-6],[-22,7],[-38,-33],[9,-50],[-9,-96]],[[38107,29237],[-42,23],[-21,4],[-80,-5],[-14,44],[-49,9],[12,52],[3,30],[-77,0],[-19,20],[-1,38],[-11,20],[-13,-15],[-79,-79],[-50,25],[-63,13],[-31,17],[-42,34],[-44,23],[-18,15],[-61,35],[-26,11],[-62,44],[-34,2],[-61,30],[-19,3],[-63,24],[-11,50],[-27,63],[-16,20],[-42,30],[-40,22],[-29,-10],[-23,3],[-11,-12],[-30,6]],[[36913,29826],[11,10],[-2,54],[6,4],[16,83],[77,155],[4,19],[-67,-8],[-40,21],[21,22],[3,30],[-20,24],[-10,-1],[10,46],[-8,3],[22,80],[-37,10],[5,52],[37,8],[23,-4],[0,-22],[39,24],[27,-8],[0,41],[6,11],[46,4],[29,-7],[9,23],[53,1],[51,-33],[15,-2],[40,13],[46,1],[41,-11],[6,13],[29,-8],[3,18],[32,-8],[31,50],[11,9],[40,82],[14,6],[-12,31],[15,12],[-13,30],[4,35]],[[37526,30739],[116,38],[58,-27],[41,86],[34,-9],[25,3],[-1,-28],[11,-31],[19,-31],[5,12],[39,3],[12,12],[24,-7],[17,-28],[-6,-14],[46,-40],[31,76],[2,58],[8,13],[47,-5],[61,-11],[-11,37],[24,20],[33,77],[-5,75],[54,9],[1,-22],[17,-3],[-3,-19],[13,1],[0,18],[48,-1],[50,-7],[-1,-9],[120,-22],[-10,-25],[16,-26],[2,-31],[18,-20],[15,-35],[1,-67],[25,-24],[29,-3],[1,9],[28,6],[3,37],[-21,12],[13,38],[35,4],[39,-18],[31,-39],[-19,-13],[0,-14],[17,-27],[12,31],[33,0],[52,-19],[15,-12],[69,-7],[15,5],[35,-3],[22,25],[18,-14],[24,-46],[40,-28]],[[35306,31558],[-16,-40],[20,4],[32,-15],[15,-21],[10,-29],[23,-13],[102,-31],[31,9],[51,-82],[8,-25],[28,-41],[14,-60],[33,-44],[-2,-10],[33,-54],[39,-101],[20,-21],[29,-55],[28,-41],[36,-37],[1,-11],[43,-75],[9,-43],[11,-30],[2,-37],[13,-61],[36,-68],[1,-17],[-14,-63],[28,-29],[25,1],[40,-10],[12,-29],[10,-80],[24,11],[22,-35]],[[36103,30275],[8,-38],[-18,-25],[-15,-4],[2,-33],[-86,2],[-53,4],[-85,26],[-29,5],[-30,-3],[-1,-13],[-40,-5],[-8,-45],[-11,1],[-13,-72],[-67,-2],[-48,3],[-46,-2],[-15,14],[15,14],[-7,19],[-76,25],[13,-55],[10,-65],[-129,-14],[-2,-110],[-8,-5],[-62,10],[-49,-2],[-44,27],[-47,-7],[-5,11],[-28,3],[-34,108],[-24,-1],[-2,10],[-26,0],[-21,-139],[37,-29],[-28,-21],[-28,-28],[-20,9],[-16,-49],[-37,7],[-52,24],[-53,31],[-117,78],[-62,48]],[[34646,29987],[-106,90],[-72,71]],[[34468,30148],[40,-1],[43,-8],[4,36],[25,-7],[101,-11],[36,7],[-2,21],[43,4],[32,7],[12,-3],[-4,31],[6,104],[10,37],[3,40],[-126,8],[7,32],[-33,-4],[-17,14],[-62,5],[3,21],[-68,4],[-16,6],[10,10],[2,38],[-31,36],[-5,41],[-14,4],[-19,28],[-17,1],[-12,51]],[[34419,30700],[33,25],[6,14],[26,12],[-7,10],[15,25],[10,-6],[28,4],[19,-8],[12,-16],[0,-20],[38,-23],[6,14],[-3,29],[22,69],[17,26],[42,16],[7,13],[-24,92],[-14,32],[-7,80],[19,17],[33,4],[29,-17],[29,28],[18,33],[44,23],[51,62],[34,16],[34,-31],[36,6],[16,-10],[59,2],[31,26],[68,-6],[23,-5],[11,10],[7,56],[23,33],[2,45],[12,57],[-42,5],[-21,-3],[-3,79],[-12,118],[71,-17],[62,11],[28,-38],[-1,-34]],[[35304,32086],[12,-57],[-14,-45],[10,-5],[-21,-85],[2,-15],[47,20],[32,-10],[-1,-14],[-45,-30],[27,-18],[22,-43],[22,-9],[-37,-58],[81,-28],[-7,-25],[-20,-39],[-25,-26],[-31,-10],[-34,-26],[-18,-5]],[[34419,30700],[-51,22],[-15,16],[5,23],[-12,26],[20,25],[-10,25],[-23,15],[-7,52],[-9,8],[-13,42],[-25,8],[12,47],[-22,8],[-15,15],[-37,21],[-36,-2],[-70,-11],[-70,22],[-50,34],[-48,23],[-27,23],[-19,30]],[[33897,31172],[-4,37]],[[33893,31209],[-19,16],[-13,29],[-6,41],[-8,18],[-1,43],[-10,24],[-28,15],[-21,29],[-4,18],[37,110],[29,77],[-22,21],[65,89],[9,30],[24,24],[17,35],[6,30],[1,56],[6,16],[-16,28],[15,47],[69,58],[9,50],[11,16],[8,42],[35,119],[-7,4],[-10,90],[-7,34],[-22,-24],[-14,-3],[-18,-19],[-54,-28],[-19,-16],[-21,6],[-47,-16],[-23,-2],[-17,29],[-18,189],[-45,71],[-83,103],[-225,477],[-22,45],[-29,84]],[[33405,33314],[17,39],[59,156],[26,76],[27,91],[43,118]],[[33893,31209],[-58,-13],[-76,23],[-56,11],[13,135],[-57,39],[-4,-26],[-15,5],[-22,-52],[-51,-51],[-12,-1],[-53,18],[-9,-11],[-2,-33],[-13,-29],[-43,-8],[0,81],[-33,-4],[-65,0],[1,68],[-80,-1],[-1,-51],[-56,4],[-34,-94],[2,-21],[24,-7],[-5,-16],[-11,16],[-23,-10],[-19,-55],[-57,84],[8,15],[18,1],[40,-24],[3,5],[-53,31],[-54,21],[-49,30],[-46,35],[-117,62],[0,-17],[-53,30],[-36,16],[-61,31],[-6,-50],[-4,5],[-56,5],[-85,35],[-18,1],[15,16],[-89,37],[2,20],[-47,4]],[[32390,31519],[-16,13],[1,22],[-27,25],[-29,57],[-21,50],[-4,47],[12,29],[0,37],[-7,31],[24,1],[56,28],[28,1],[21,-40],[25,0],[4,14],[22,-6],[13,41],[20,11],[14,80],[5,110],[7,81],[0,155],[2,48],[27,2],[24,-12],[23,11],[41,1],[32,52],[43,64],[56,122],[95,166],[37,81],[130,117],[19,19],[76,60],[138,153],[38,33],[86,91]],[[37526,30739],[-4,34],[36,16],[-2,41],[2,177],[5,108],[3,11],[32,27],[2,15],[-13,15],[-3,23],[15,22],[28,2],[45,28],[9,18],[-4,42],[-26,3],[-52,-8],[-32,8],[13,62],[-40,21],[19,18],[28,40],[39,47],[103,217],[-32,9],[-14,-15],[-41,11],[25,52],[-67,-14],[4,20],[-64,31],[-9,-47],[-21,4],[-3,-24],[-60,10],[-4,-24],[9,-2],[-8,-52],[-17,1],[-63,-24],[-17,-45],[-35,-62],[-46,-20],[-15,14],[11,41],[-16,11],[14,17],[-62,21],[-12,-5],[-26,8],[-34,25],[-37,-20],[-21,-46],[-31,22],[-37,-66],[-51,-20],[-78,-26],[7,-86],[-8,-85],[-45,6],[-37,15],[-16,-56],[44,-62],[-44,-43],[-10,-3],[3,-20],[29,1],[7,-30],[29,-21],[15,-2],[-4,-14],[-59,-109],[-34,35],[-42,16],[-14,-30],[-40,-34],[-9,-14],[19,3],[2,-18],[49,-29],[-9,-43],[-19,-14],[5,-14],[-44,-11],[6,-21],[26,-2],[21,-18],[-29,-54],[-31,5],[29,-72],[-20,-20],[1,-33],[-42,-7],[2,-16],[-13,-16],[-28,-8],[-2,-13],[25,-22],[-1,-19],[-35,-7],[-1,-12],[-27,11],[-88,51],[-39,12],[-5,-42],[-15,-36],[-20,7],[-2,-54],[-23,-40],[0,-47]],[[36335,30376],[-160,12],[-6,-16],[11,-17],[-11,-21],[-1,-38],[-32,-1],[-33,-20]],[[38812,33097],[-6,-68],[-75,13],[-21,-89],[-44,13],[-22,-25],[54,-7],[-7,-46],[-54,-49],[-11,-26],[19,-24],[34,-28],[59,-13],[11,-26],[1,-47],[-7,-31],[-6,-51],[36,-32],[-37,-33],[23,-94],[-109,-33],[10,-60],[9,-24],[-35,-12],[-33,7],[10,-86],[2,-139],[-4,-51],[43,19],[34,-6],[21,8],[33,-9],[23,8],[48,27],[39,12],[0,11],[24,3],[13,-21],[25,3],[25,-37],[56,-1],[54,14],[0,47],[146,33],[-4,-31],[11,-45],[24,-20],[19,-1],[-5,-16],[57,-27],[-32,-95],[-30,3],[23,-25],[15,-26],[39,-31],[-2,-8],[30,-30],[25,-15],[106,-35],[67,-21],[24,0],[21,13],[-6,73],[247,-90]],[[36913,29826],[-20,-31],[-26,-8],[-29,18],[-12,24],[0,24],[-34,-25],[2,-25],[-10,-4],[-20,19],[-23,0],[-14,12],[-27,1],[-25,-13],[-15,42],[-26,-29],[-1,23],[-19,7],[30,37],[-20,20],[-43,6],[-15,-60],[-58,-2],[-44,17],[-31,27],[-34,40],[-25,20]],[[36374,29966],[43,9],[22,15],[-14,17],[13,36],[10,2],[-10,24],[-3,27],[-14,19],[5,28],[-9,17],[20,26],[29,5],[9,60],[-87,29],[-30,-7],[-17,67],[-6,36]],[[38567,27846],[23,-6],[-1,-41],[-5,-26],[35,-16],[-12,-45],[-21,-58],[-29,-2],[8,53],[-6,17],[-46,19],[-11,26],[-48,28],[-35,42],[-21,11],[-18,27],[-26,15],[-13,68],[16,6],[19,27],[-17,24],[-6,49],[-9,29],[-32,-4],[-20,8],[-22,-14],[-10,40],[-15,-5],[-69,-36],[-56,-3],[-45,-46],[-35,-12],[-32,9],[-43,54],[-22,-12],[-14,-18],[-14,-36],[-51,-29],[0,-35],[-19,5],[-52,-11]],[[37793,27948],[-3,9],[27,16],[34,33],[2,39],[-8,13],[-40,19],[-12,21],[-8,40],[0,39],[13,5],[9,48],[43,81],[28,18],[32,-24],[25,25],[18,-9],[23,56],[20,26],[23,-7],[-12,13],[-7,55],[-1,33],[18,45],[-5,28],[8,51],[-14,25],[3,56],[14,61],[-2,85],[-22,11],[18,4],[25,55],[3,26],[37,17],[2,42],[48,-1],[6,27],[-13,37],[5,37],[21,-1],[-14,12],[-2,22],[22,69],[-50,32]],[[37793,27948],[-33,-6],[-26,-15],[-31,-6],[-63,14],[-8,20],[-17,-1],[-19,-15],[-56,15],[-6,-25],[-18,-33],[-30,-32],[-58,-44],[-67,-35]],[[37361,27785],[-49,47],[-44,30],[-85,65],[-34,13],[-16,22],[-11,-1],[-8,31],[-31,11],[-45,-18],[-69,27],[-41,13],[-20,14],[-29,-8],[0,-29],[-20,-49],[-18,-27],[-19,5],[-60,4],[-167,19],[-38,8],[-21,-1],[-55,11],[-30,12],[-24,39],[-37,25],[-18,40],[-29,23],[-35,56],[9,34],[24,28],[28,24],[-29,64],[-13,45],[-43,25],[-23,35],[-19,48],[8,24],[-13,29],[-19,24],[-5,27],[-19,37],[-16,13],[-33,50],[-10,31],[-33,24],[-49,19],[-14,12],[3,124],[8,67],[7,27],[4,45],[-7,18],[-22,11],[-22,27],[17,72],[36,-16],[1,45],[-7,31],[-34,43],[-27,11],[-13,18],[-3,19],[-13,7],[-10,23],[-17,17],[-50,33],[2,14],[-9,58],[44,24],[18,0],[20,33],[22,25],[35,11],[13,28],[35,-21],[72,-26],[58,34],[-49,55],[-76,40],[46,71],[53,129],[29,35],[31,25],[58,35],[23,24],[5,18],[17,-3],[37,-25]],[[32390,31519],[-3,-42],[2,-37],[10,-41],[1,-81],[-23,-88],[-28,4],[-61,25],[-37,3],[-48,15],[-28,-57],[-52,-89],[6,-5],[-26,-46],[-49,-97],[-54,-29],[-82,-69],[24,-57],[11,-18],[-9,-15],[-43,-157],[35,-8],[9,-31],[-27,-38],[-45,6],[-33,9],[-16,-3],[-51,45],[-16,-16],[-24,-4],[-72,20],[-11,-49],[-37,-41],[-4,-68],[-48,-150],[-30,5],[-90,59],[-159,62],[-6,10],[-120,78],[-33,61],[-175,186],[-9,34],[-200,91],[-57,25],[-33,45],[-10,38],[-194,147],[-17,31],[-36,40],[2,31],[-47,48],[-39,-1],[-44,34],[-256,-336]],[[30008,30998],[-163,95],[-21,36],[-18,17],[-143,75],[-116,231],[-5,36],[-290,271],[-14,11],[-14,28]],[[29224,31798],[71,119],[53,77],[41,46],[21,65],[54,111],[1,161],[4,47],[28,130],[82,71],[60,11],[116,-34],[54,-28],[54,18],[154,-18],[12,-13],[59,-91],[24,-4],[123,-42],[54,-45],[141,-25],[32,2],[66,-18],[44,1],[46,-5],[65,27],[28,27],[28,45],[36,84],[23,75],[25,64],[5,36],[6,79],[-6,29],[2,97],[-33,49],[-41,75],[-26,37],[-38,77],[-21,83],[-7,44],[4,69],[8,35],[43,54],[79,40],[76,10],[65,-8],[72,1],[110,14],[68,13],[61,21],[107,104],[40,87],[88,138],[80,61],[91,39],[104,56],[18,12],[75,65],[102,86],[275,228],[228,105],[16,9],[193,-1],[282,-41],[749,-74]],[[48190,30247],[-19,-14],[-744,-515],[-189,-120],[-34,-20],[-79,-55],[-181,-111],[-276,-145],[-40,-36],[-23,-40],[-28,-23],[4,-7],[-33,-23],[-14,-27],[-33,-36],[-4,-40],[10,-60],[-30,-95],[-17,-38],[0,-18],[-13,-35],[-16,-23],[-1,-63],[22,-39],[-14,-6],[-24,5],[-23,-14],[-1,-40],[-34,11],[-22,-10],[-40,-36],[12,-16],[-6,-17],[9,-15],[8,-47],[-14,-24],[32,-27],[6,-29],[1,-38],[11,-14],[-4,-20],[14,-14],[4,-23],[-10,-16],[-6,-35],[24,-24],[4,-27],[-11,-44],[0,-29],[-10,-105],[-5,-25],[-41,-68],[-36,-81],[-91,27],[-1,-7],[-34,10],[-8,-56],[18,-10],[-87,-189],[-69,24],[-8,-39],[63,-29],[-16,-38],[38,-33],[-54,-176],[54,-24],[-24,-56],[155,-45],[28,-1],[35,-14],[63,-13],[8,-7],[34,-64],[39,3],[13,-7],[2,-26],[23,-46]],[[46457,27020],[-71,12],[-57,-11],[-36,-12],[-185,-51],[3,-113],[47,6],[12,-117],[-37,-4],[-35,8],[-1,-25],[-42,-7],[-13,-77],[-56,-5],[-16,-38],[-191,-71],[-31,72],[-55,-29],[13,-21],[-32,-18],[8,-81],[-8,-17],[-20,-7],[-25,16],[-13,-4],[-27,10],[-44,-29],[-37,8],[-43,-78],[-10,-23],[-20,8],[-33,32],[-17,4],[1,21],[-34,2],[-40,20],[-2,-33],[12,-20],[-7,-39],[11,-29],[-4,-37],[-14,-33],[15,-21],[27,-83],[26,-5],[8,-14],[-33,-55],[-13,-7],[-15,-24],[-47,-16],[-43,34],[-8,18],[-29,17],[0,19],[-27,30],[-13,-1],[0,19],[-14,6],[2,20],[-17,28],[-24,21],[-8,-3],[-34,37],[-9,-48],[1,-17],[-17,-10],[-23,-26],[-22,30],[10,8],[-32,50],[-7,22],[-41,8],[-148,-48]],[[44773,26199],[0,5],[-43,96],[-26,62],[-5,52],[-20,55],[-9,35],[-31,41],[24,61],[9,9],[12,35],[-8,26],[0,27],[-13,10],[-8,22],[-48,32],[-12,-4],[-16,45],[38,14],[9,17]],[[44626,26839],[4,8],[45,-16],[51,7],[23,45],[38,-14],[35,101],[-35,52],[62,79],[-14,10],[2,26],[33,122],[-26,94],[164,76],[79,-2],[6,-20],[32,9],[25,-3],[2,21],[-140,27],[11,53],[-43,-14],[-22,54],[-15,-16],[-29,13],[2,12],[-21,21],[7,4],[-7,32],[-12,24],[89,149],[-38,15],[-15,36],[11,66],[31,28],[14,49],[40,5],[-4,6],[58,5],[41,105],[52,-19],[41,62],[36,42],[23,37],[9,34],[-25,14],[-12,19],[-11,41],[-36,25],[-69,-18],[-10,-19],[-33,24],[-13,-2],[-13,23],[12,6],[-7,19],[27,41],[-68,79],[10,35],[-77,45],[12,18],[-23,14],[10,29],[2,25]],[[44626,26839],[-63,15],[6,20],[-68,1],[-23,-56],[-95,7],[-1,24],[-31,4],[-26,-37],[-58,40],[-39,-58],[-58,41],[9,13],[-71,30],[-2,-31],[-24,13],[-21,32],[-40,13],[-22,-72],[-42,19],[16,39],[-43,18],[-18,-37],[-82,35]],[[37361,27785],[-9,-34],[-6,-53],[-12,-52],[-9,-9],[6,-31],[55,-34],[7,-17],[-10,-36],[4,-7],[-33,-9],[-5,-12],[-30,-4],[-11,-14],[-21,-1],[0,-36],[-21,-46],[-20,-4],[-25,-63],[4,-20],[-13,-32],[-21,-9],[-47,-45],[-14,-29],[3,-10],[-16,-48],[-3,-30],[-11,-15],[-24,-54],[-129,-15],[-73,5]],[[36877,27021],[-48,12],[-48,-1],[-37,-16],[-51,-11],[-23,11],[-51,13],[-38,-11],[-49,-31],[-41,-20],[-22,-1],[-21,28],[0,23],[-71,20],[-46,20],[-29,2],[-49,-32],[-30,5],[-40,-26],[-33,18],[-15,44],[-18,11],[-23,-33],[-25,41],[-20,12],[-11,44],[-36,39],[-4,12],[15,29],[-4,9],[25,50],[-27,21],[-48,-4],[-3,87],[24,13],[6,24],[-28,12],[-11,20],[3,31],[-23,3],[-72,-16],[-44,4],[-27,-8],[-73,5],[-45,16],[20,28],[-2,24],[-20,6],[-11,-33],[4,-24],[-47,11],[-44,6],[-23,11],[-51,15],[-48,21],[-55,-33],[-19,-20],[-18,-4],[-51,6],[-70,14],[-12,-4]],[[35219,27514],[-32,-25],[-109,22],[-2,-12],[-25,4],[2,12],[-63,8],[-51,10],[4,18],[-103,23],[-91,7],[-54,-68],[-36,-57],[-76,-50],[-39,5],[-34,26],[-26,1],[6,71],[-68,35],[-20,17],[-26,3],[-5,25],[-42,2],[-8,-27],[-45,-34],[-24,-31],[-2,-17],[-30,5],[-62,21],[-44,7],[-6,-31],[-41,-34],[-96,-10],[-11,21],[-24,-7],[-17,20],[-11,85],[-75,47],[-15,23],[-25,-8],[-61,23],[-20,2],[-37,54],[-5,27],[-18,15],[-51,10],[-10,9]],[[33591,27761],[38,16],[17,23],[0,20],[77,43],[-3,38],[5,99],[4,16],[45,118],[5,54],[55,3],[-11,71],[8,10],[54,2],[37,-17],[9,41],[-22,119],[-19,89],[-1,25],[14,50],[75,3],[88,-32],[107,-46],[81,-31],[30,-8],[103,-37],[35,-16],[18,30],[26,59],[21,63],[4,26],[58,-10],[45,-20],[66,10],[34,13],[53,35],[15,47],[46,21],[-29,20],[-7,109],[13,9],[44,-16],[-2,40],[48,-5],[-12,89],[-25,0],[1,42],[23,-6],[10,11],[-10,19],[11,23],[29,28],[-7,46],[-16,37],[12,24],[-32,53],[-23,1],[-6,10],[-69,27],[-17,14],[-3,46],[-13,33],[-15,15],[-11,34],[4,54],[8,29],[22,29],[15,41],[30,47],[-15,58],[-7,6],[-8,46],[-36,43],[-10,4],[-60,5],[16,42],[4,35],[-15,11],[-6,30],[-30,93],[-1,34],[33,-11]],[[33897,31172],[-58,-8],[-36,-21],[-8,-38],[-20,-11],[-57,-18],[2,-66],[19,-75],[16,-81],[9,-27],[-9,4],[7,-50],[8,-1],[8,-27],[-4,-45],[-115,10],[-72,-24],[2,-22],[26,-40],[-11,-114],[-74,-2],[43,-115],[8,-71],[14,-37],[-3,-56],[12,-74],[0,-55],[-5,-11],[-26,57],[-36,61],[-35,49],[-37,-3],[-32,4],[4,39],[-46,-25],[-6,31],[-64,-47],[-32,-8],[-4,-18],[-47,-7],[-27,20],[-29,1],[-39,-71],[-19,-4],[-42,-33],[-14,-17],[-42,2],[-46,-22],[2,-44],[-15,-85],[4,-8],[-15,-72],[-47,-5],[-34,26],[-68,10],[-7,-53],[-70,16],[-19,-40],[-29,6],[-24,-43],[2,-34],[-30,-1],[-2,11],[-51,10],[-4,-40],[-32,3],[6,-60],[-17,-13],[15,-51],[-11,-5],[7,-57],[-61,12],[-2,-27],[-145,20],[0,-25],[-30,-11],[12,-92],[-8,-175],[-67,-104],[-60,27],[-18,-68],[-36,-140],[-43,-31],[-614,-257],[-21,-5],[-491,-160]],[[30957,28541],[-143,113],[-444,446],[-419,146]],[[29951,29246],[-3,55],[22,328],[42,122],[170,429],[-37,162],[-11,65],[-13,142],[1,139],[3,94],[-107,187],[-10,29]],[[33591,27761],[-38,-14],[1,-10]],[[33554,27737],[-70,29],[-40,7],[-60,-3],[25,60],[-43,-2],[-39,25],[-5,44],[29,14],[6,15],[26,0],[-13,53],[-26,-1],[-28,9],[-82,-20],[-8,33],[1,23],[-8,17],[-89,16],[-12,20],[-23,-2],[-7,-11],[-31,-6],[-86,5],[-26,-4],[10,-23],[-35,-28],[-17,89],[-3,51],[-58,-5],[-15,5],[-17,106],[0,15],[99,-25],[26,98],[-21,5],[3,14],[14,-3],[9,40],[26,-5],[-8,-41],[22,-4],[10,49],[63,-14],[31,72],[-56,65],[32,10],[26,-2],[45,5],[12,21],[48,-6],[20,13],[-7,21],[3,30],[28,24],[16,4],[-12,13],[-7,30],[13,22],[30,2],[51,113],[24,20],[-62,29],[-31,21],[3,48],[40,45],[74,-53],[0,73],[25,-3],[19,22],[23,12],[11,29],[-15,30],[18,8],[35,-11],[24,21],[20,-3],[25,31],[-4,13],[16,14],[20,3],[1,22],[12,39],[16,13],[-9,20],[32,-2],[39,16],[13,19],[-28,37],[3,46],[10,29],[33,-8],[20,4],[38,54],[7,79],[142,-85],[39,18],[-3,16],[-71,113],[18,9],[2,17],[39,-25],[2,42],[-27,6],[14,47],[-37,10],[18,65],[-81,-14],[15,70],[-1,27],[12,51],[28,21],[37,15],[58,-4],[118,-22],[98,-14],[72,22],[-5,49],[13,39],[-1,15],[-27,72],[37,36],[6,12],[39,21],[27,-8],[-3,-10],[36,-3],[2,12],[74,-8]],[[33554,27737],[-2,-7],[-55,-29],[-13,-31],[-17,-18],[-48,-24],[-15,-25],[-3,-23],[-32,-22],[-19,-68],[8,-7],[-11,-32],[-27,-32],[-62,-53],[-22,-6],[-37,-54],[-93,28],[-52,18],[-94,13],[-77,60],[-70,148],[-139,-75],[-348,-140],[-156,-117],[-56,21],[-108,-5],[-390,62],[-593,82],[-19,868],[-47,272]],[[40079,23229],[25,-31],[92,-5],[6,-5],[16,-52],[39,-18],[43,-7],[50,-22],[13,-13],[1,-30],[-27,-95],[33,-99],[-45,-65],[-35,2],[-30,-7],[-7,-10],[-10,-69],[3,-9],[38,-25],[6,-37],[52,-4],[9,-5],[73,82],[225,240],[16,19],[17,-5],[36,-24],[25,-3],[10,-34],[19,5],[44,-4],[46,-40],[7,-15],[36,24],[-6,15],[48,5],[44,-8],[16,13],[20,-4],[4,-14],[24,-5],[4,-26],[17,-29],[6,-59],[34,-75],[18,-11],[12,-23],[18,-12],[44,-9],[21,-14],[1,-34],[13,-16],[21,-1],[9,-16],[-10,-34],[17,-29],[79,3],[24,-34],[-7,-54],[2,-19],[19,-13],[-30,-47],[-71,-20],[10,-55],[46,-5],[-2,-18],[15,-26],[-14,-60],[-12,-22],[0,-71],[3,-39],[9,-36],[5,-69],[-31,-1],[-23,7],[-18,-13],[15,-17],[13,-27],[-77,-21],[1,-18],[-15,-15],[24,-28],[10,18],[32,-60],[-3,-27],[26,-271],[-24,-49],[-25,-41],[-87,103],[-50,21],[-12,0],[16,-44],[-5,-34],[25,-103],[46,8],[55,-125],[14,3],[18,-75],[-9,-32],[-6,3],[-41,-43],[76,-113],[37,-11],[44,-86]],[[41382,20806],[-19,-24],[-42,-37],[-31,-62],[-29,-6],[-1,-27],[-26,-14],[-17,-17],[-11,-62],[7,-41],[-22,-24],[12,-71],[19,-11],[28,-36],[12,-26],[39,-10],[11,-28],[0,-30],[24,-4],[8,-18],[-19,-28],[-2,-29],[17,-36],[3,-29],[11,-8],[29,5],[28,-21],[14,-43],[-6,-16],[-29,-11],[-15,31],[-23,-2],[-25,-46],[-16,3],[-9,-14],[-52,-15],[-8,-23],[-18,-27],[7,-8],[-16,-18],[-5,-23],[-18,-17],[6,-13],[-7,-28],[-16,-6],[8,-33],[10,1],[24,-22],[-15,-42],[16,-16],[12,-31],[-2,-32],[-12,-44],[-94,5],[1,-64],[-27,-4],[-28,-54],[2,-9],[39,5],[13,-25],[25,-14],[54,-5],[33,-56],[10,-3],[-33,-17],[8,-31],[-22,-3],[-41,-30],[-22,19],[-16,-11],[-11,-40],[-3,-59],[-26,-19],[-4,-11],[-59,-9],[-5,-25],[-12,-14],[-95,-155],[12,-52],[-1,-23],[6,-152],[-11,-123],[-21,-61],[-59,-150],[-29,-105],[4,-35]],[[40804,18287],[-813,8],[-780,482]],[[39211,18777],[325,281],[-8,153],[-753,530],[-136,-60],[-134,-305],[209,-376]],[[38714,19000],[-818,15],[-635,504],[-919,-342],[-797,-879]],[[35545,18298],[-5,3],[-628,574],[-119,121]],[[34793,18996],[-459,583]],[[34334,19579],[77,80],[65,62],[773,450],[21,15],[285,283],[117,178],[35,50],[103,130]],[[35810,20827],[478,118],[43,13],[59,8],[134,56],[91,41],[226,113],[74,98],[74,34],[115,-77],[179,-25],[87,-17],[73,-42],[110,12],[31,28],[72,-8],[38,-17],[15,27],[40,-56],[9,-8],[57,-19],[81,-10],[16,7],[1,30],[70,-34],[-9,-17],[35,-35],[17,-29],[3,-21],[30,-22],[17,7],[33,-15],[24,2],[17,-32],[49,2],[32,28],[41,5],[-17,74],[1,18],[36,-15],[43,59],[32,-28],[27,28],[36,16],[26,31],[-12,7],[-50,15],[18,46],[-17,7],[8,25],[32,52],[-26,49],[-21,23],[-1,28],[8,34],[22,27],[-9,5],[4,33],[-2,38],[31,-2],[12,-7],[19,25],[13,44],[2,31],[132,59],[18,13],[3,36],[17,48],[22,17],[-25,45],[-27,11],[-27,-39],[-63,40],[-77,38],[-61,-58],[-32,57],[-39,-42],[-11,8],[-68,-89],[-29,29],[-19,-20],[-10,11],[-79,26],[-61,25],[10,22],[-10,3],[24,40],[44,54],[-45,39],[34,33],[-2,19],[-45,-23],[-45,-2],[-32,-13],[-25,5],[-13,-9],[-12,8],[-4,-16],[-26,-4],[-22,-15],[-44,-10],[-26,7],[-24,-6],[-37,39],[-22,3],[2,-38],[-10,-11],[-27,8],[-23,22],[-24,37],[-19,8],[-3,15],[-20,6],[-12,40],[-28,9],[-39,-20],[-14,10],[-34,4],[0,18],[-29,12],[-45,-40],[-17,-26],[-30,16],[-17,20],[35,69],[-18,25],[8,10],[-26,18],[-25,-15],[-17,2],[-11,24],[5,11],[-8,25],[3,64],[-20,11],[9,17],[-31,26],[-6,51],[10,26],[-1,25],[53,19],[13,-2]],[[37313,22520],[24,-8],[58,-27],[-8,-37],[18,-19],[8,25],[20,-1],[9,18],[28,-23],[30,3],[6,8],[27,-4],[18,-24],[41,-10],[17,17],[-4,37],[38,43],[14,29],[-17,31],[-12,6],[14,19],[7,33],[41,73],[18,2],[15,-15],[34,47],[25,21],[15,27],[34,29],[32,43],[-33,19],[50,74],[-8,5],[-8,32],[62,-43],[6,20],[-10,26],[47,4],[-5,20],[26,36],[21,-13],[30,40]],[[38041,23083],[69,-43],[40,-7],[84,-7],[42,-38],[17,-8],[13,-59],[78,-28],[52,-13],[77,-9],[15,-15],[66,-25],[39,-26],[-12,-43],[-13,-5],[15,-11],[35,-10],[-15,-114],[65,-3],[6,-45],[-3,-53],[36,-38],[18,1],[29,-14],[9,-22],[-6,-30],[2,-31],[17,-42],[-13,-48],[5,-22],[2,-60],[-35,-19],[-21,-28],[11,-22],[-6,-36],[-17,-21],[-21,1],[-7,-46],[22,-35],[-2,-49],[-10,-27],[3,-18],[35,-8],[71,2],[18,50],[-4,19],[6,32],[25,18],[17,29],[6,29],[37,4],[46,0],[-5,-52],[1,-39],[52,-39],[7,-21],[27,-38],[24,-14],[4,85],[16,83],[13,35],[24,106],[17,28],[7,57],[34,47],[32,28],[18,28],[-1,50],[-19,72],[-4,75],[30,-1],[22,-16],[11,-29],[20,0],[-33,73],[-2,24],[25,18],[36,50],[38,26],[20,21],[21,46],[22,18],[24,29],[74,62],[62,2],[-1,36],[10,29],[100,3],[43,16],[46,3],[53,-6],[1,-16],[55,6],[19,9],[11,108],[141,137]],[[38714,19000],[-681,-1402]],[[38033,17598],[-328,-105],[-366,-144],[-743,-421]],[[36596,16928],[-320,316],[-324,466],[-206,272],[-201,316]],[[40804,18287],[113,-157]],[[40917,18130],[-441,-968],[-846,-472]],[[39630,16690],[-204,87],[-46,22],[-108,100],[-199,82],[-82,44],[-180,135],[-535,334],[-243,104]],[[38714,19000],[497,-223]],[[35219,27514],[44,-111],[4,-52],[16,-17],[27,-56],[-16,-36],[-47,-17],[-9,-50],[3,-26],[11,-14],[-5,-28],[21,-13],[-31,-43],[-73,66],[1,-20],[-24,-32],[24,-20],[-30,-98],[-25,18],[-3,16],[-24,17],[-37,-20],[-4,9],[-21,-36],[2,-11],[-16,-18],[-8,-31],[50,0],[3,-20],[-20,0],[1,-11],[22,1],[1,-50],[15,-28],[40,-4],[10,-134],[-18,-45],[-5,-87],[-7,-22],[-98,-126],[-10,-6],[17,-23],[13,-37],[33,22],[41,-16],[38,30],[45,5],[21,-32],[-11,-24],[20,-45],[-8,-2],[5,-48],[29,1],[0,-13],[-18,-80],[-18,-11],[13,-26],[1,-28],[-18,-22],[-24,3],[-9,42],[-19,-13],[-9,-20],[-32,-26],[-5,-23],[-23,-25],[-34,-7],[8,-27],[26,-4],[8,-32],[37,-6],[9,-35],[-28,-11],[1,-8],[41,-52],[15,-5],[2,-38],[16,-4],[44,46],[61,-17],[2,-39],[13,-4],[55,4],[3,-47],[16,2],[-9,-25],[13,-20],[22,22],[19,4],[37,-9],[34,-19],[39,-3],[33,-40],[27,10],[21,-6],[43,-47],[18,2],[39,-71],[-18,-7],[7,-31],[-28,-5],[-6,-60],[27,-11],[-42,-97],[-12,-5],[-1,-31],[-43,5],[-8,-57],[-11,-32],[-19,-9],[-21,-51],[3,-29],[-17,-30],[-3,-26],[17,-16],[10,-32],[-8,-15],[-40,-31],[-29,-41],[-12,4],[-14,-30],[-33,-37],[-48,-37],[-4,-23],[-45,-34],[-21,-29],[-32,-15],[-45,-6],[14,-39],[-43,-7],[3,-25],[-8,-20]],[[35166,24553],[-5,22],[-11,-1],[-4,23],[-222,18],[7,66],[22,47],[139,-9],[5,25],[50,-8],[3,43],[-6,55],[-13,5],[6,67],[-15,39],[-18,71],[-84,-18],[-5,51],[32,35],[21,10],[-57,140],[-33,-3],[-146,-58],[7,-2],[43,-43],[-5,-40],[6,-17],[-36,-1],[-9,-14],[-34,-7],[-2,13],[-53,-3],[6,-22],[-23,-6],[-10,26],[-59,-2],[-34,5],[-73,-1],[0,-12],[-42,0],[-9,-11],[7,-30],[-48,-24],[-16,19],[-17,-27],[-40,-34],[13,124],[-147,27],[-19,-112],[-34,10],[-21,-9],[-21,-52],[-21,-11],[7,-56],[-31,-1],[-16,11],[-25,-135],[55,-27],[-4,-12],[-81,30],[-21,2],[-67,24],[-3,-25],[-19,13],[-81,38],[-10,-15],[-67,-48],[-13,-21],[27,-8],[-7,-33],[-53,17],[-9,-6],[-13,-65],[18,-8],[1,-22],[11,2],[8,-27],[10,-3],[23,17],[2,-36],[7,-19],[19,-7],[11,-18],[0,-24],[-26,-43],[8,-13],[-3,-35],[-16,-1],[-53,-17],[-13,-19],[-19,-6],[-13,-47],[-25,-47],[-5,-40],[-38,-33],[-15,48],[-27,-3],[-6,-64],[9,-23],[-27,-6],[-388,-172],[-118,-108],[-109,-104],[-270,-191],[-104,-125],[-698,-803]],[[31864,22603],[-113,263],[83,1260],[26,144],[130,668],[-22,220],[-687,342],[-358,209],[-162,411],[-154,171],[-171,230],[-12,40],[-323,116],[-244,284],[-191,261],[-65,145],[-69,155],[-87,238],[-33,211],[-8,62],[-40,115],[-21,79]],[[29343,28227],[25,86],[191,460],[196,368]],[[29755,29141],[196,105]],[[36877,27021],[-2,-38],[-31,-6],[-36,9],[0,7],[-34,6],[-10,-66],[29,0],[24,-16],[44,-9],[26,0],[136,-51],[46,-22],[-12,-37],[-20,-12],[-9,-40],[-20,-35],[-17,-13],[11,-58],[-12,-46],[-6,-47],[-19,-39],[3,-8],[5,-98],[21,-37],[-47,-32],[33,-30],[28,4],[21,-71],[29,13],[5,25],[53,-29],[14,-20],[15,-3],[20,-21],[53,-3],[-31,-22],[1,-15],[47,-43],[13,-27],[55,-34],[16,-33],[-40,-12],[-47,-23],[-37,-2],[39,-71],[13,-8],[-22,-17],[-31,4],[-14,-11],[45,-111],[9,-7],[27,-84],[19,-45],[8,-35],[-6,-35],[35,-32],[34,-66],[2,-22],[95,33],[10,-27],[19,-83],[-3,-75],[14,-5],[47,-33],[30,-15],[39,-48],[28,-8],[29,-21],[10,-14]],[[37671,25151],[-2,-21],[-22,-24],[4,-15],[-11,-23],[14,-75],[-6,-52],[1,-50],[-5,-13],[-31,-26],[12,-42],[-13,-20],[-9,-73],[2,-27],[13,-46],[-15,-4],[18,-46],[-30,-3],[12,-52],[-4,-14],[31,-12],[-24,-28],[-26,-18],[-9,-36],[25,-34],[4,-33]],[[37600,24364],[-56,-33],[-20,-24],[-56,43],[-13,24],[14,65],[1,25],[-62,8],[-5,7],[-42,-4],[0,10],[-24,14],[3,15],[-25,12],[-15,18],[-16,-10],[-7,25],[-23,45],[-29,-2],[-23,27],[-27,0],[2,-8],[-23,-22],[-35,-23],[-54,-15],[-24,19],[-12,26],[-18,2],[-34,17],[-34,-9],[-41,3],[4,-41],[-12,-32],[-6,-35],[-20,-36],[-15,-14],[-5,-29],[-18,-10],[-29,62],[-65,-3],[-30,8],[-16,-8],[-10,33],[-19,-4],[6,-24],[-24,-15],[-19,11],[-13,50],[-32,-2],[17,-62],[-11,-30],[10,-28],[-6,-12],[34,-29],[5,-17],[-59,3],[-1,-34],[-25,-18],[-69,13],[-17,-25],[-6,-26],[-39,-39],[-57,-30],[-14,-30],[-5,-44],[3,-25],[-16,-14],[-33,-16],[-25,-3],[-55,3],[-9,-32],[4,-21],[-8,-33],[-22,-57],[-23,-24],[21,-36],[-13,0],[-18,21],[-22,-7],[-60,-1],[-45,13],[-8,12],[9,57],[-19,8],[-30,-4],[-2,-15],[-16,-7],[-42,-2],[-110,-12],[-87,14],[-53,14],[-37,19],[-7,11],[15,66],[-129,63],[-14,29],[-59,-37],[-83,-2],[0,38],[-58,-22],[-1,-80],[-17,-1],[1,76],[-37,-13],[-51,3],[-19,-7],[-43,9],[-42,-16],[-68,-14],[-34,-2]],[[34974,24075],[21,22],[8,19],[-16,41],[7,34],[-18,11],[-34,33],[63,-4],[5,-7],[54,-2],[2,29],[18,58],[-65,24],[5,40],[47,3],[12,73],[32,-11],[1,19],[25,32],[11,51],[14,13]],[[34334,19579],[-443,85],[-348,267],[-175,162],[-199,192],[-178,207],[-34,45],[-153,211],[-492,852],[-25,45],[-112,280],[-226,160]],[[31949,22085],[-85,518]],[[34974,24075],[-10,-10],[2,-33],[-8,-12],[-4,-36],[-38,-24],[-12,-15],[-10,-85],[-12,-53],[-8,-15],[7,-14],[-2,-24],[11,-4],[-5,-22],[-17,11],[-19,-23],[-63,14],[-11,16],[-30,3],[-1,-13],[-20,-15],[-18,5],[-10,-23],[-26,-7],[-42,-1],[-3,7],[-32,1],[-17,-18],[-40,-7],[-25,13],[-21,1],[-27,-24],[-296,-336],[-118,-69],[-68,-69],[-47,-70],[523,27],[68,23],[56,75],[34,-14],[29,21],[3,25],[27,-12],[66,-5],[283,-234],[-54,-194],[-80,-98],[26,-36],[9,-24],[134,-181],[25,-30],[134,-83],[71,-78],[27,-37],[72,-47],[104,-80],[81,-66],[86,-59],[79,-32],[120,-71],[32,-13]],[[35889,21901],[-59,-238],[-25,-142],[-90,-271],[85,-339],[10,-84]],[[35889,21901],[106,16],[129,-2],[9,6],[343,217],[42,69],[418,202],[-28,47],[-14,58],[16,17],[90,-5],[78,-35],[16,25],[-2,28],[3,65],[30,33],[43,0],[17,-74],[9,-58],[62,46],[21,28],[36,-64]],[[40344,25930],[7,-80],[30,-74],[6,-44],[35,12],[16,-22],[52,-38],[20,-22],[18,-90],[-4,-33],[23,-39],[38,-31],[13,-42],[25,-61],[7,-63],[-2,-16],[19,-52],[13,-78],[-3,-21],[-17,-6],[-12,-70]],[[40628,25060],[-11,-27],[-49,-48],[-5,-35],[-39,-19],[-10,-34],[-30,-23],[-9,-32],[-28,-10],[-8,-19],[-24,-20],[4,-37],[-49,-34],[-23,-27],[-6,-19],[-34,-39],[-30,-65],[0,-29],[-69,-69],[-67,-5],[-11,3],[-2,-19],[-51,-38],[-33,-6],[-40,-52],[-19,-9],[-27,-35],[-61,-4],[-21,-10],[-15,-32],[-21,-3],[-17,-14],[-16,1],[-20,-23],[-20,-3],[-12,-29],[-48,-19],[-14,15],[-21,-2],[-6,-11],[16,-46],[-17,-34],[7,-42],[-33,-40],[-39,5],[-28,-14],[-59,-18],[-8,-8],[-5,-54],[18,-23],[0,-24],[-9,-4],[50,-87],[23,-29],[94,-36],[148,11],[16,-1],[17,-24],[28,-68],[1,-15],[-20,-54],[-15,-14],[-21,-6],[-51,6],[-14,-4],[0,-52],[23,-62],[74,-61],[120,-53],[49,-40],[48,-59]],[[38041,23083],[22,12],[78,14],[15,40],[37,75],[8,27],[-3,62],[-19,17],[-2,21],[18,23],[-18,23],[4,19],[20,2],[23,-11],[-1,12],[51,72],[16,59],[-9,21],[40,32],[38,17],[19,29],[58,-5],[35,-10],[-10,56],[-3,36],[-12,68],[-8,75],[-40,-6],[-85,-45],[-22,10],[-104,-34],[4,9],[-62,2],[-27,-6],[-75,27],[-30,6],[-32,55],[-35,12],[5,33],[-12,37],[-21,28],[-8,79],[14,10],[17,49],[-15,16],[-32,12],[-21,36],[-24,17],[-57,21],[-27,-22],[-46,-18],[-42,25],[-45,71],[-9,4],[5,36],[-12,31]],[[37671,25151],[12,13],[21,-7],[34,2],[33,7],[-4,11],[37,10],[28,37],[40,1],[32,12],[20,-6],[23,16],[32,31],[26,1],[95,30],[34,-9],[16,17],[4,23],[50,24],[16,21],[7,-14],[27,10],[17,-19],[7,-24],[20,-7],[10,-20],[41,-8],[22,11],[42,45],[21,16],[49,-5],[42,-27],[20,4],[26,21],[47,14],[70,9],[16,44],[-10,18],[18,15],[7,19],[18,4],[10,16],[16,-4],[19,19],[-2,13],[17,13],[12,24],[-8,37],[14,49],[23,28],[19,2],[9,-13],[46,23],[13,26],[-15,12],[-8,30],[22,10],[8,27],[-20,5],[2,26],[56,52],[3,19],[32,-2],[4,28],[32,2],[1,26],[18,-6],[11,12],[11,-16],[57,-24],[21,2],[47,83],[11,10],[41,15],[36,49],[46,19]],[[40917,18130],[343,-353],[89,-24],[199,153],[137,73],[251,137],[106,24],[250,38],[403,292],[22,9],[55,14],[17,-4],[23,13],[13,45],[-1,40],[-7,27],[2,66],[21,67],[17,68],[22,4],[3,31],[12,-1],[37,44],[45,9],[23,22],[9,22],[57,-7],[32,7],[28,26],[2,17],[-17,48],[14,45],[-8,90],[26,9],[39,23],[16,74],[14,19],[-2,64],[-29,6],[-5,39],[3,53],[35,-4],[23,31],[3,14],[17,9],[35,-2],[29,23],[22,6],[-4,58],[26,17],[22,4],[32,-7],[55,13],[14,24],[-4,32],[6,48],[34,68],[26,40],[-1,44]],[[43548,19877],[20,46],[105,58],[7,53],[-20,73],[30,41],[51,25],[18,0],[50,14],[22,-5],[42,3],[41,93],[10,52],[11,32],[8,50],[15,28],[65,11],[28,-18],[38,-9],[65,15],[47,25],[19,74],[5,36],[35,22],[31,74],[36,50],[40,18],[40,-5],[-26,71],[0,16],[35,34],[9,22],[-2,18],[14,24],[6,34],[9,15],[26,14],[23,84],[11,16],[43,39],[28,59],[-33,27],[-13,22],[-1,25],[13,8],[24,48],[17,19]],[[44590,21328],[27,42],[39,-3],[54,-33],[18,-1],[12,32],[35,-34],[47,-21],[-8,-32],[67,-9],[10,-9]],[[44891,21260],[-53,-30],[-55,27],[-1,-64],[6,-20],[19,-29],[17,-75],[43,16],[44,-7],[107,-61],[38,-30],[24,-12],[17,-18],[38,-26],[37,-17],[26,-43],[-48,-38],[-38,-60],[-19,-39],[32,-23],[40,-11],[12,-19],[3,-42]],[[45180,20639],[-17,-10],[-11,-61],[14,-54],[-6,-4],[28,-75],[12,-9],[9,-60],[4,-51],[-14,-6],[-1,-98],[10,-33],[32,-4],[-10,-31],[-18,-19],[13,-68],[-9,-2],[-11,-24],[7,-29],[-2,-22],[10,-37],[15,-9],[-4,-13],[12,-18],[10,-46],[22,-7],[9,-19],[96,36],[27,-65],[-105,-40],[18,-12],[11,-25],[28,-34],[5,-34],[26,11],[13,-37],[59,-6],[4,-20],[22,10],[33,-11],[4,15],[26,-3],[-5,-38],[8,-11],[36,-4],[17,12],[58,-25],[32,-39],[-4,-43],[19,-11],[31,-6],[33,-35],[-5,-31],[12,-65],[-3,-28],[23,-16],[9,-37],[-14,-32],[11,-64],[-4,-19],[52,-104],[123,55],[77,67],[87,14],[65,-66],[53,-28],[118,27],[39,-16],[60,-32],[32,-13],[119,-40],[60,-30],[95,-52],[71,-27],[87,-39],[203,-134],[245,-161]],[[47391,18544],[-20,-91],[-69,-186],[-30,-114],[-205,-364],[-46,-38],[-169,-105],[-33,-90],[-266,-592],[-25,-131]],[[46528,16833],[-34,-92],[-214,-240],[-172,-14],[-27,-9],[-384,-131],[-170,48],[-13,-288],[-93,-236],[-24,-160],[3,-53],[-69,-131],[-491,-14]],[[44840,15513],[-75,10],[-378,185],[-225,-6],[-15,-3],[-409,-136]],[[43738,15563],[-57,80],[-95,87],[-208,72],[-389,162],[-222,-83],[-263,-86]],[[42504,15795],[-454,-207],[-13,-15],[-69,-97]],[[41968,15476],[-379,126],[-57,20],[-249,89],[-299,93],[-314,-64],[-32,-9]],[[40638,15731],[-249,97],[-33,28],[-163,146],[-20,23],[-543,665]],[[40628,25060],[41,-3],[38,4],[4,29],[13,-35],[23,-23],[17,4],[16,-11],[41,0],[24,16],[25,-3],[-2,27],[59,5],[7,-4],[28,13],[99,-24],[110,-55],[49,13],[23,12],[73,26],[31,-20],[21,18],[20,6],[45,-14],[32,-4],[30,27],[2,11],[25,-11],[14,6],[25,28],[27,54],[-2,50],[34,62],[22,15],[4,29],[14,14],[33,18],[95,-24],[29,8],[12,-17],[16,-6],[40,3],[4,68],[21,114],[16,63],[6,42],[31,10],[36,-31],[38,9],[11,-6],[47,0],[41,34],[10,2],[17,28],[36,13],[-21,52],[-3,32],[49,71],[14,88],[32,7],[16,-9],[14,6],[39,-7],[28,-10],[15,-16],[54,4],[7,44],[14,31],[59,29],[41,-7],[-15,-27],[-5,-25],[81,5],[33,-3],[26,-17],[17,3],[30,26],[11,4],[88,-47],[28,-12],[-7,-51],[-9,-7],[30,-19],[-13,-26],[3,-16],[174,155],[4,-30],[2,-68],[-7,-97],[84,35],[5,-88],[23,28],[29,15],[7,15],[20,12],[30,43],[33,29],[5,19],[21,23],[66,45],[42,17],[26,21],[5,21],[29,-2],[22,14],[15,23],[31,25],[5,26],[-8,14],[-6,38],[7,24],[1,33],[-13,57],[9,45],[16,35],[16,11],[10,31],[18,23],[51,11],[36,30],[59,19],[71,55],[27,37]],[[43820,26497],[94,-118],[35,-30],[67,-25],[-5,-15],[45,-56],[12,-41],[21,-13],[23,-28],[5,-19],[26,-30],[3,-35],[-7,-19],[11,-38],[-9,-24],[8,-23],[-4,-19],[26,-10],[37,2],[28,-12],[34,-7],[32,-23],[43,-9]],[[44345,25905],[2,-11],[-22,-29],[-23,-49],[0,-11],[22,-28],[-3,-15],[23,-56],[-13,-42],[-25,-14],[-26,-38],[30,-54],[-3,-27],[27,-45],[11,-31],[-19,-41],[-48,-16],[-21,2],[-1,-11],[-24,-42],[-22,-24],[-19,-46],[-18,-15],[-111,51],[-8,-8],[6,-27],[19,-12],[-47,-56],[-15,-3],[-62,5],[-10,-28],[-27,-29],[-20,-34],[-44,-102],[-12,-20],[-73,-37],[-18,-3],[-16,-22],[-14,1],[-14,20],[-13,4],[-15,23],[-27,10],[-50,-12],[-38,19],[-26,35],[-15,-7],[-19,-32],[-25,-11],[-21,-20]],[[43458,24967],[-47,45],[-89,16],[-7,-54],[-16,-15],[26,-111],[4,-31],[25,-4],[4,-38],[-25,-3],[3,-48],[10,-34],[-19,-18],[4,-32],[-13,-31],[-2,-26],[-86,-5],[-1,-4],[-73,0],[-39,-5],[-43,-21],[16,-8],[-12,-65],[46,-19],[12,-25],[14,-1],[4,15],[26,5],[15,-10],[8,-29],[3,-35],[16,-29],[30,-22],[52,-23],[19,-19],[2,-46],[14,-33],[-1,-36],[10,-21],[-43,-20],[16,-34],[23,11],[5,-39],[45,40],[18,-20],[-6,-64],[28,-17],[46,-60],[30,12],[38,21],[53,-3],[44,8],[17,36],[18,10],[20,0]],[[43700,24028],[1,-91],[-14,-65],[7,-35],[-39,-3],[-9,-19],[1,-28]],[[43647,23787],[3,-24],[-31,1],[-37,-7],[0,-77],[-26,0],[1,-36],[-102,2],[-1,14],[-54,-6],[7,-36],[-23,-34],[-17,-15],[-28,-1],[-21,13],[-24,-3],[-36,16],[-33,-7],[-32,-43],[-24,-10],[-9,-97],[13,-31],[-8,-21],[18,-47],[-29,1],[32,-65],[-52,-27],[-53,-20],[13,-34],[-12,-12],[8,-18],[-2,-32],[22,-26],[-18,-15],[-8,-18],[-17,-13],[-26,-34],[-1,-16],[16,-22],[9,5],[11,-25],[-14,-28],[14,-41],[-39,-10],[-42,-49],[2,-24],[-13,-10],[7,-11],[-17,-22],[-24,-9],[-2,15],[-46,5],[-6,8],[-25,-9],[-2,-19],[-37,-11],[-27,-26],[-33,52],[-20,45],[-60,-17],[-7,32],[-17,10],[-9,55],[-17,67],[7,15],[-6,52],[-11,14],[-1,69],[-28,-18],[-37,-12],[-19,0],[7,-26],[0,-48],[15,-54],[-19,-17],[48,-191],[-11,4],[-12,-22],[-1,-17],[-20,-41],[-5,-25],[-25,-53],[-2,-20],[-28,-48],[-18,-45],[-39,-8],[-56,17],[-11,-6],[-12,-40],[-25,-9],[-19,21],[-33,-3],[-12,-8],[9,-49],[-3,-18],[7,-69],[-18,-47],[-20,-29],[8,-31],[20,-26],[-15,-20],[28,-97],[6,-46],[-11,-44],[-35,-50],[-81,-40],[27,-80]],[[42191,21805],[-42,-95],[-5,-30],[-27,-33],[-18,-35],[-6,-50],[-41,-63],[-20,-26],[-2,-24],[-131,28],[-26,8],[-20,-19],[-20,-6],[-42,9],[-40,17],[-41,-24],[3,-19],[18,-27],[-38,-21],[8,-25],[-25,-31],[-5,-15],[-42,-36],[-19,0],[-42,-36],[-24,-9],[-1,-34],[-8,-23],[-15,1],[-18,-15],[3,-33],[-20,-28],[5,-23],[-9,-10],[0,-29],[22,-27],[-33,-76],[-15,-70],[-8,-49]],[[41447,20827],[-65,-21]],[[41447,20827],[2,-43],[32,-2],[8,-35],[69,18],[-1,15],[23,65],[12,43],[0,24],[24,13],[23,2],[79,-37],[33,-5],[7,-17],[46,27],[11,2],[11,-49],[15,-32],[29,1],[-1,-53],[27,-13],[-10,-24],[3,-43],[18,-70],[37,21],[-12,45],[73,9],[14,52],[-31,47],[48,25],[1,-11],[23,-3],[28,24],[5,-31],[19,-11],[80,-26],[15,13],[32,-13],[-30,-35],[14,-17],[71,-58],[4,-29],[22,-74],[-4,-59],[-17,-74],[-2,-28],[8,-55],[-10,-28],[-2,-38],[19,0],[5,-53],[21,-5],[16,-45],[42,0],[22,-7],[27,5],[27,-15],[78,-8],[19,5],[29,26],[27,11],[15,44],[7,6],[53,-5],[35,-28],[20,-6],[23,14],[160,32],[11,-2],[102,-48],[35,-8],[53,-43],[32,-1],[31,-23],[47,-6],[-2,-46],[110,-15],[16,-17],[68,-31],[17,-4],[63,-64],[27,-46]],[[42191,21805],[50,15],[29,0],[94,44],[53,28],[39,15],[2,26],[-14,57],[4,17],[-7,34],[8,20],[39,13],[27,-2],[0,9],[38,4],[2,-15],[17,-2],[-2,18],[13,2],[-4,17],[53,1],[10,15],[25,2],[34,10],[55,5],[97,-26],[31,-15],[109,-66],[28,-23],[29,-8],[19,5],[44,23],[26,1],[32,23],[55,-8],[12,35],[35,7],[0,19],[11,27],[-1,40],[12,27],[26,25],[9,52],[16,-6],[30,3],[32,-30],[11,-2],[41,26],[36,-18],[55,-6],[45,-14],[52,-6],[82,-30],[3,-141],[12,-82],[11,-15],[48,31],[88,20],[-5,95],[83,-18],[29,-50],[34,-11],[34,-2],[41,-11],[21,3],[35,18],[0,74],[39,-8],[44,-19],[31,-7],[80,-30]],[[44358,22040],[-5,-50],[-23,-14],[-9,-33],[0,-21],[23,-36],[5,-55],[-12,-56],[12,-9],[36,-47],[40,-11],[53,-60],[-5,-34],[5,-28],[12,-22],[-5,-20],[15,-44],[12,-13],[23,1],[2,-27],[19,-39],[26,-1],[5,-16],[3,-77]],[[43647,23787],[32,2],[29,-27],[19,-29],[2,14],[28,-42],[72,-38],[26,1],[17,18],[29,-22],[31,-15],[5,9],[44,-23],[-12,-74],[-19,-159],[23,-21],[-27,-26],[44,-38],[-30,-51],[65,-9],[0,-97],[41,-2],[2,35],[109,-16],[1,6],[41,-3],[-9,-23],[-1,-30],[17,-4],[67,1],[-5,-62],[47,-4],[11,15],[10,34],[32,24],[11,21],[36,-8],[25,-13],[-6,-31],[27,-6],[3,-28],[-6,-28],[62,-15],[-2,27],[23,3],[9,-12],[45,10],[6,-35],[29,-107],[76,30],[37,42],[5,27],[16,10],[61,79]],[[44845,23097],[52,-161],[43,-33],[-24,-104],[20,-19],[-68,-190],[-104,-33],[-17,58],[-53,119],[-42,-37],[-41,-46],[-36,-16],[25,-74],[-55,-11],[9,-63],[-86,7],[-24,-60],[-12,-61],[0,-72],[-11,-48],[-2,-105],[4,-32],[-1,-49],[-11,-25],[-26,-13],[-27,11]],[[43654,26842],[12,-72],[15,-33],[62,10],[10,-37],[16,4],[7,-50],[-11,-5],[8,-57],[10,-2],[-5,-20],[19,-41],[11,-6],[12,-36]],[[50331,25092],[-1374,-272]],[[48957,24820],[-289,167],[-128,38],[-120,39],[-217,101],[-94,-28],[-380,-149],[-26,-14],[-55,-47],[-51,-19],[-38,-6],[-27,3],[-29,25],[-54,-12],[-39,4],[-26,-3],[-6,25],[-27,37],[-29,11],[-31,0],[-60,-14],[-110,16],[-13,-25],[-29,-19],[-88,-20],[-6,52],[-33,-3],[-29,-10],[10,-52],[-14,-3],[-18,63],[25,8],[15,33],[-23,50],[-14,6],[-29,71],[-13,21],[-11,44],[-23,37],[-19,3],[-19,26],[2,12],[-19,57],[4,32],[-51,-33],[-23,-6],[-55,61]],[[46648,25399],[-32,7],[-9,18],[5,32],[-17,17],[-45,7],[-17,-13],[-23,-4],[-15,13],[-21,-15],[-26,16],[-19,47],[-49,28],[-22,18],[-29,-7],[-8,6],[-26,46],[-22,19],[-39,18],[-5,9],[16,17],[6,27],[-4,29],[22,29],[-9,35],[8,17],[-10,27],[7,16],[30,11],[5,28],[-12,-2],[-34,61],[5,4],[-18,33],[-34,49],[-18,19],[-28,15],[-12,18],[-45,23],[-16,17],[7,30],[13,15],[-7,25],[18,50],[6,29],[29,61],[11,9],[47,6],[29,37],[16,30],[23,16],[8,34],[34,40],[57,44],[12,61],[-3,71],[65,96],[8,45],[27,45],[23,53],[-11,13],[19,33],[-10,11],[-23,0],[-29,32]],[[46648,25399],[-32,-137],[-44,12],[3,-18],[2,-159],[-47,12],[11,-54],[-35,-40],[-17,12],[-26,48],[-32,-45],[-63,50],[-48,-36],[-25,25],[-27,-23],[23,-23],[-26,-22],[-16,-24],[-30,-30],[-38,-64],[-6,7],[-17,-35],[-22,-58],[-25,-78],[7,-28],[-12,-41],[-33,-65],[-21,-100],[3,-23],[-7,-31],[32,-7],[1,-20],[23,-33],[16,-7],[-1,-32],[9,-17],[-7,-24],[14,-10],[18,5],[14,19],[43,-5],[39,-32],[6,12],[30,-11],[30,-18],[48,-15],[22,-27],[26,-17],[9,-21],[-9,-28],[-21,-27],[-26,-21],[-11,-45],[4,-53],[14,-36],[5,-48],[31,-109],[82,29],[15,-49],[12,-15],[-11,-14],[71,-29],[10,-8],[-18,-18],[-20,-36],[-17,-7],[-10,-22]],[[46521,23635],[-44,-50],[-20,-3],[-11,-40],[74,-50],[-22,-35],[-24,-53],[-3,-27],[-17,-39],[-44,-76],[-40,-32],[-65,44],[-40,-1],[-5,-23],[-63,-4],[-21,-15],[-50,-20],[-3,-16],[-81,36],[-83,-115],[-103,13],[-32,-26],[-21,-31],[14,-6],[39,3],[23,-31],[-6,-103],[3,-145]],[[45876,22790],[-37,28],[-7,-10],[-72,-6],[-20,-5],[-23,4],[9,50],[-3,21],[-20,26],[-37,32],[-7,51],[-27,26],[-113,21],[-142,-3]],[[45377,23025],[-24,72],[-3,73],[21,69],[-86,27],[-6,101],[65,31],[-55,78],[84,5],[120,218],[33,5],[11,34],[-2,11],[-31,37],[16,41],[-28,52],[-23,2],[-35,27],[-4,25],[-13,31],[-17,21],[-28,8],[-22,-11],[-21,19],[-26,-10],[8,21],[89,30],[5,76],[-62,14],[-6,14],[13,21],[-9,11],[12,34],[60,-7],[-6,87],[-44,7],[-37,-23],[-9,24],[-55,-29],[3,19],[-8,42],[-3,42],[-87,-27],[-46,-38],[-93,-44],[18,-51],[-51,-21],[-45,-33],[-14,-5],[-65,-12],[-31,-12],[-33,11],[-11,15],[-23,-2],[-17,14],[-135,18],[-62,-1],[-31,-7]],[[44528,24179],[-1,19],[-49,67],[-24,-7],[-53,11],[-11,14],[-59,1],[-47,14],[-61,3],[-53,35],[9,29],[-21,20],[6,7],[-61,108],[-38,-57],[-200,108],[8,29],[-6,20],[-83,27],[-3,16],[-51,28],[-36,2],[-27,-10],[-46,12],[-17,0],[-17,54],[-18,14],[-83,25],[-9,17],[-6,37],[-13,19],[1,37],[-21,28],[-3,17],[24,14],[-1,30]],[[44345,25905],[-12,64],[1,32],[-6,27],[15,17],[35,15],[20,26],[43,-11],[16,1],[32,24],[77,22],[138,54],[69,23]],[[43700,24028],[30,6],[36,-2],[15,6],[21,28],[34,6],[34,12],[54,-13],[46,19],[37,-33],[52,-29],[21,11],[23,-32],[24,-5],[0,20],[43,-4],[12,-25],[84,24],[2,-10],[20,1],[29,23],[62,84],[15,41],[44,36],[19,-16],[21,-4],[50,7]],[[45377,23025],[-12,-26],[-42,-21],[-37,8],[-43,16],[-32,0],[-21,-7],[-25,4],[-25,-9],[-39,22],[-7,10],[-18,-7],[-18,21],[-83,41],[0,9],[-62,37],[-24,-2],[-44,-24]],[[48957,24820],[-126,-175],[-318,-640],[-24,-109],[-5,-49],[-10,-153],[-219,-23],[-229,-9],[-19,-4],[-60,-74],[-13,-7],[-35,69],[-16,7],[-7,28],[-90,33],[-17,47],[-28,28],[-45,9],[-32,-10],[-27,20],[-12,-5],[-17,28],[-19,-5],[-45,20],[-6,18],[-43,3],[-5,16],[-38,1],[-5,-37],[7,-6],[7,-46],[-12,-98],[-23,-171],[-16,2],[-49,-25],[-11,2],[-43,-14],[-24,-26],[-26,8],[-19,-33],[-19,-10],[-42,2],[-30,-17],[-26,-47],[-3,-15],[-63,-51],[-226,51],[-201,189],[-23,16],[-20,26],[-64,51]],[[51375,24283],[-1571,-1168],[-275,-182],[-589,-354],[-29,-91],[-33,-89],[-55,-71],[-121,-225],[-29,-57],[-118,-215],[-60,-228],[-4,-150],[-4,-71],[-57,-142],[-98,-235],[-19,-40]],[[48313,20965],[-430,48],[-67,5],[-340,160],[-67,15],[-33,22],[-55,1],[18,33],[47,-12],[8,40],[-165,32],[-9,-55],[-12,-9],[-31,27],[-79,26],[44,89],[-57,30],[0,54],[-40,9],[-8,-6],[1,-28],[-192,-26],[-14,11],[4,24],[-41,28]],[[46795,21483],[13,20],[-23,34],[-13,5],[7,79],[-21,12],[14,24],[26,3],[22,25],[-4,13],[26,40],[25,8],[28,-1],[31,26],[10,19],[-8,35],[48,39],[11,26],[-47,46],[-38,-25],[-42,-13],[-52,5],[10,44],[-58,7],[-48,20],[-7,25],[-36,18],[-31,62],[-47,47],[6,10],[-6,38],[-18,50],[-7,-6],[-12,37],[9,4],[-10,22],[-28,37],[-30,-8],[-17,-36],[-16,-16],[-39,5],[-9,20],[-14,4],[9,184],[-141,27],[15,36],[-85,17],[17,78],[-79,-7],[-60,29],[35,73],[-15,31],[-3,27],[-16,25],[-35,42],[-42,-13],[-7,-10],[-13,-58],[-14,-16]],[[45966,22752],[-51,2],[-39,36]],[[45180,20639],[18,-7],[19,-22],[36,22],[16,-2],[64,6],[16,-14],[59,23],[49,-37],[51,-11],[48,3],[40,-17],[36,16],[56,33],[34,36],[7,20],[25,12],[11,14],[36,5],[12,-8],[12,18],[12,-12],[27,7],[7,-14],[30,-5],[43,22],[30,30],[52,5],[16,-23],[18,-11],[23,19],[26,-15],[58,-47],[-67,-90],[-5,-13],[29,-20],[-28,-70],[19,-51],[-10,-20],[9,-26],[58,10],[5,-19],[49,-8],[30,16],[11,-2],[12,-25],[12,-6],[2,-28],[17,-44],[21,-10],[48,7],[20,-20],[36,-21],[24,7],[69,-41],[16,5],[17,-12],[15,-44],[37,-19],[21,-4],[1,-12],[50,-20],[31,-2],[19,-23],[52,-27],[34,-35],[41,-2],[14,10],[31,0],[5,-13],[34,-7],[18,-11],[6,12],[27,-5],[73,4],[30,15],[248,20],[247,-198],[85,-63],[154,-106],[86,-57]],[[47920,19617],[-13,-43],[-78,-320],[-23,-96],[-4,-47],[-151,-236],[-19,-26],[-241,-305]],[[44891,21260],[37,-40],[25,-3],[31,20],[26,8],[34,-14],[24,28],[29,2],[4,-37],[18,-19],[15,-32],[39,-26],[48,-48],[72,-43],[56,-17],[49,8],[90,32],[38,42],[31,-9],[12,26],[-40,44],[13,3]],[[45542,21185],[75,-81],[27,-2],[16,-17],[-3,-58],[11,-14],[29,-5],[36,17],[23,-7],[34,26],[50,31],[29,35],[9,-10],[36,-7],[22,28],[5,17],[60,-9],[-1,-7],[69,-22],[2,6],[78,-9],[6,22],[13,-2],[123,-235],[69,-36],[27,21],[49,3],[12,-12],[36,-13],[15,-13],[-12,-24],[17,-15],[-33,-45],[74,-9],[-2,21],[56,11],[58,17],[61,-14],[4,22],[42,-7],[48,1],[49,-30],[24,5],[13,-21],[26,-20],[17,-21],[37,-21],[97,-42],[18,-15],[34,-5],[17,-18],[15,2],[84,-45],[5,-19],[42,-8],[4,-14],[32,-4],[30,24],[81,17],[126,37],[89,13],[198,19],[382,-22]],[[48232,20602],[9,-253],[-12,-104],[-259,-562],[-50,-66]],[[48313,20965],[-7,-50],[-74,-313]],[[45542,21185],[41,35],[14,-20],[45,-4],[24,77],[-7,14],[-40,23],[37,48],[6,49],[-7,89],[80,-5],[0,14]],[[45735,21505],[79,4],[3,-16],[16,1],[31,34],[26,-21],[6,-22],[-7,-26],[16,-36],[-6,-47],[40,-35],[83,-15],[50,-14],[49,-17],[41,-6],[62,6],[39,-11],[30,-2],[21,-10],[65,8],[10,25],[26,16],[-19,39],[60,46],[-1,9],[39,15],[-4,-48],[20,-43],[25,-16],[20,4],[25,-7],[46,22],[74,40],[27,27],[68,74]],[[45735,21505],[-4,143],[123,17],[20,69],[-5,11],[4,34],[30,43],[66,73],[14,61],[22,22],[-3,15],[29,7],[21,38],[-21,29],[11,21],[-21,33],[-36,20],[-6,17],[-20,9],[-19,25],[24,50],[14,15],[-16,21],[-14,5],[-10,17],[-64,-11],[8,41],[22,25],[9,27],[14,14],[29,84],[32,17],[12,19],[4,34],[-82,32],[44,170]],[[48894,11686],[-254,77],[-695,424],[-480,506],[-137,-26],[-155,-10],[-37,18],[-34,8],[-23,-16],[-68,-35],[-62,-54],[-50,-4],[-29,-9],[-72,14],[-51,-5],[-8,-32],[-29,11],[6,16],[-46,3],[-15,31],[-57,18],[14,-46],[-57,-11],[-21,13],[-78,137],[2,44],[-1,85],[47,7],[-45,111],[5,21],[25,39],[-31,7],[3,9],[-32,15],[9,16],[-23,3],[0,16],[-16,-20],[-78,36],[-32,11],[-15,-66],[-7,2],[-2,-64],[-25,3],[1,8],[-53,5],[4,48],[-32,61],[-186,70],[-31,123],[-37,13],[-12,-10],[-30,12],[9,41],[-20,6],[-51,3],[-6,-15],[14,1],[9,-19],[-123,5],[0,57],[-82,2],[-201,197],[-431,55]],[[44982,13652],[315,1170],[-180,449],[-277,242]],[[46528,16833],[279,-154],[156,-109],[63,-67],[17,20],[40,-13],[-10,-56],[131,-137],[18,18],[2,-53],[8,-20],[-6,-62],[4,-28],[25,-18],[17,-57],[-14,-42],[125,-35],[-5,-15],[61,-20],[69,-28],[43,-5],[11,-26],[-1,-39],[34,-14],[17,-14],[70,-28],[-25,-73],[-2,-20],[-18,2],[-17,-21],[24,-19],[25,-6],[-5,-23],[38,-26],[36,-4],[19,-18],[3,-18],[77,-5],[267,41],[-3,18],[18,30],[66,-27],[80,-40],[20,23],[9,25],[27,-11],[11,25],[42,-25],[435,-270],[1051,-418]],[[48876,10291],[-1462,529],[-168,16],[-162,-24],[-133,-36],[-107,10],[-41,-1],[-30,11],[-34,-2],[-3,-34],[-30,-81],[-15,-29],[-3,-51],[-43,8],[-102,-7],[-5,20],[-109,15],[36,107],[-12,17],[36,26],[14,40],[-55,7],[5,52],[-53,5],[-7,27],[-143,41],[23,30],[-22,17],[-4,-11],[-199,-8],[2,-110],[-24,-18],[-28,57],[4,35],[-19,30],[-27,4],[-45,16],[0,-36],[19,-10],[-9,-43],[-57,-29],[-13,23],[-42,23],[-29,25],[-64,8],[0,11],[-57,-12],[2,-35],[44,3],[0,-16],[-55,-5],[6,-49],[-40,-29],[-326,-36],[-678,-269],[-429,-42],[-906,-117]],[[43277,10364],[49,181]],[[43326,10545],[194,273],[66,302],[54,285],[109,583],[261,1306],[10,348]],[[44020,13642],[257,48],[264,-55],[433,8],[8,9]],[[49428,6830],[-496,-520],[-1183,-1113],[-1094,-995],[-1177,-76],[-753,212],[-1311,735],[-1272,644],[-1297,635]],[[40845,6352],[937,1295],[113,198],[1071,1900],[311,619]],[[44020,13642],[-73,55],[-76,64],[-64,57],[-228,212],[-30,135],[-137,585],[47,64],[202,263]],[[43661,15077],[77,486]],[[42504,15795],[356,-582],[801,-136]],[[43326,10545],[-249,618],[-55,118],[-63,133],[-89,141],[-92,123],[-281,400],[-98,436],[54,314],[1,60],[-13,42],[16,31],[-37,-4],[-8,-10],[-64,88],[-139,-106],[-55,89],[22,24],[9,31],[-38,151],[13,73],[-6,93],[-18,24],[12,17],[9,-8],[28,22],[81,-44],[13,-37],[11,-2],[4,35],[1,47],[-35,61],[-12,41],[0,28],[-13,16],[27,45],[1,45],[-86,130],[-148,66],[-7,12],[-79,60],[-38,52],[-62,228],[-13,230],[40,129],[184,552],[23,68],[-45,74],[-64,195]],[[40845,6352],[-311,359],[-758,1209],[-639,1132],[-819,1246],[-547,100]],[[37771,10398],[206,1131],[-68,1338],[-27,168],[-110,549]],[[37772,13584],[856,806],[141,106],[465,88],[66,34],[45,38],[17,20],[17,-28],[32,-27],[24,-30],[82,-37],[48,-31],[41,-40],[39,76],[25,30],[-17,17],[14,15],[9,-9],[26,29],[17,-16],[40,44],[-14,33],[-31,45],[37,46],[106,-98],[70,-91],[27,47],[19,20],[-10,8],[32,48],[26,10],[19,-18],[-19,-21],[11,-23],[105,112],[276,23],[197,159],[-1,12],[29,750]],[[37772,13584],[-219,575],[-99,289],[-161,395],[-54,208],[-101,163],[-43,87],[-48,213],[-245,627],[-163,434]],[[36639,16575],[-29,166],[-14,187]],[[27869,33950],[15,-5],[13,-33],[34,-18],[3,-27],[17,-56],[30,-62],[-2,-11],[12,-36],[2,-36],[43,-65],[15,-41],[-6,-6],[-3,-63],[27,-26],[0,-12],[24,-35],[31,-22],[38,-12],[38,-47],[-7,-4],[10,-27],[11,5],[16,-18],[55,-16],[38,-24],[-19,-19],[-26,2],[-3,-11],[-35,3],[-15,-8],[-48,-63],[-56,-58],[-30,33],[-1,9],[-58,43],[-43,16],[-25,-17],[-38,-33],[-11,-25],[-28,-13],[-25,-38],[-16,2],[-2,-30],[12,-31],[16,3],[30,-11],[19,-27],[38,-34],[9,-57],[-16,-11],[-11,-20],[12,-15],[-2,-17],[20,-33],[-17,-15],[-10,-23],[20,-16],[-10,-15],[-81,-19],[-52,-54],[18,-69],[107,-82],[120,95],[20,34],[63,-17],[75,-63],[17,-115],[-49,-61],[-46,-48],[14,-78],[18,-54],[17,-34],[62,-72],[136,-86]],[[28393,32001],[-92,-119],[-18,-31],[-138,-86],[-58,-30],[-30,4],[-67,41],[-69,46],[-35,8],[-84,-8],[-101,-20],[-58,17],[-81,-15],[-36,3],[-43,-19],[-38,-22],[5,-75],[16,-49],[-1,-39],[-17,-14],[-13,-38],[-17,-71],[38,-25],[-11,-29],[-12,-56],[-13,-36],[22,-8],[3,-117],[-58,13],[-22,-161],[-8,-3],[-55,33],[-27,-57],[-71,76],[-25,15],[-14,24],[-20,-8],[-20,4],[-32,-13],[-32,-6],[1,-34],[-6,-17],[-25,-27],[-29,-52],[2,-46],[-11,-29],[2,-29],[-30,-35],[-4,-46],[-50,-57],[5,-40],[15,-1],[61,-40],[37,-5],[33,-23],[11,-18],[6,-45],[-1,-61],[25,-61],[11,-16],[1,-35],[-6,-40],[22,-172],[3,-39],[20,-63],[30,-48],[-20,-17],[-16,-79]],[[27148,29955],[-28,13],[-8,19],[-25,12],[-68,26],[-34,24],[-20,3],[-18,-18],[-1,-21],[-19,-12],[-12,-26],[-22,-20],[-12,-42],[-11,-24],[-17,-65],[-21,-105],[-19,-19],[-39,69],[-87,-22]],[[26687,29747],[-25,5],[-34,20],[-62,-2],[-10,7],[-25,-6],[-25,-28],[-14,-75],[-22,-33],[-19,-16],[-8,-21],[-89,-78],[-50,-26],[-29,-24],[-42,-24],[-39,19],[-38,1],[-20,10],[-21,-1],[-84,-52],[-26,17],[-29,11]],[[25976,29451],[14,34],[13,6],[13,69],[-15,32],[6,87],[21,104],[-87,45],[-13,10],[-61,28],[-41,28],[-68,38],[-25,21],[-61,62],[-213,202],[-43,47],[33,35],[40,32],[-42,60],[4,6],[-21,48],[-16,25],[-19,56],[-5,27],[-12,21],[7,36],[-55,36],[-30,61],[-9,9],[49,208],[-116,-42],[-142,-61],[2,9]],[[25084,30830],[17,45],[-1,36],[-38,-20],[-33,62],[-4,26],[5,32],[10,17],[0,54],[-11,56],[-20,43],[8,48],[-6,20],[11,8],[2,53],[-29,48],[10,8],[42,-3],[0,21],[26,27],[2,15],[26,29],[5,22],[-29,73],[-65,11],[-2,31],[-37,5],[-36,18],[-28,8],[-25,15],[-36,4],[-195,35],[0,11],[-43,17],[-64,-1],[-31,8],[-1,38],[26,71],[37,51],[11,26],[-29,18],[-3,46],[9,9],[28,62],[-18,24],[-25,12],[-17,-4],[-13,-48],[-49,-1],[2,16],[-14,2],[-16,20],[-28,0],[-24,-10],[-8,26],[28,16],[-5,24],[7,14],[-10,10],[20,31],[23,3],[14,28],[38,-24],[26,20],[-6,15],[14,10],[-7,21],[8,37],[17,10],[-1,17],[-16,18],[10,16],[25,-6],[18,17],[-9,13],[12,12],[56,16],[28,-1],[1,9],[38,13],[-24,41],[31,2],[23,10],[-1,22],[27,15],[34,-3],[64,15],[10,17],[-24,18],[2,25],[19,-7],[45,1],[40,11],[34,27],[-5,28],[-29,11],[6,20],[-16,13],[-4,21],[-14,15],[-21,-17],[-9,7],[3,52],[23,6],[4,40],[15,-15],[37,20],[-33,56],[0,54],[22,29],[6,-29],[32,18],[32,-9],[8,9],[-10,23],[5,9],[39,9],[28,42]],[[25111,33015],[-3,14],[27,18],[-8,12],[12,10],[36,-3],[32,27],[33,3],[48,31],[32,3],[60,-10],[56,-3],[31,15],[27,39],[32,5],[4,19]],[[25530,33195],[20,-1],[23,-38],[8,30],[-4,12],[13,26],[-14,85],[6,35],[34,15],[5,13],[146,-19],[2,-48],[11,-5],[86,-12],[-47,121],[12,11],[53,-34],[41,-18],[50,-10],[238,-7],[46,-11],[34,-17],[46,22],[27,17],[21,0],[33,93],[23,-13],[148,-29],[7,-19],[76,11],[15,-9],[-18,-67],[-15,-71],[1,-30],[23,-9],[184,52],[12,1],[73,-48],[14,17],[-8,25],[-16,16],[-8,27],[-39,-19],[-15,8],[5,18],[-14,6],[22,17],[-15,23],[-17,-6],[-25,10],[-10,22],[17,15],[88,-68],[21,32],[-22,27],[43,-6],[59,15],[-5,29],[39,2],[-2,38],[96,4],[-2,51],[15,-5],[60,14],[18,34],[-21,17],[1,80],[-17,46],[4,44],[19,33],[18,15],[49,-23],[28,65],[5,42],[19,7],[43,3],[32,25],[15,20],[42,17],[41,46],[-5,86],[9,42],[53,-15],[22,-20],[20,10],[20,-1],[18,21],[21,11]],[[27684,34141],[49,-12],[-37,-45],[0,-25],[34,0],[29,-30],[41,-20],[43,-33],[0,-25],[26,-1]],[[25111,33015],[-16,32],[-19,24],[9,6],[1,38],[18,48],[-12,22],[23,13],[15,29],[-1,17],[21,0],[30,54],[-10,18],[11,24],[-15,24],[7,20],[-44,3],[-72,23],[5,43],[-90,17],[-4,95],[-74,-26],[-81,22],[-70,45],[-37,17],[-32,4],[-25,10],[-74,22],[-8,32],[-23,6],[-49,41],[-27,9],[-22,35],[-39,-1]],[[24407,33781],[-13,22],[1,28],[-33,4],[-17,68],[8,58],[-43,11],[-39,-10],[-26,32],[-5,46],[-13,43],[-10,14],[-49,24],[-14,-7],[-18,32],[-28,33],[-29,8],[-67,-14],[-26,0],[-150,225],[-16,20],[-26,5],[-110,-16],[-29,-1],[-17,-21],[-41,-24],[-19,-35],[-40,-31],[-17,5],[-95,64],[-104,48],[-37,20],[-92,43],[-44,-4],[-23,-15]],[[23126,34456],[-16,18],[-64,38],[-88,57],[-365,70],[-162,27],[-43,54]],[[22388,34720],[-138,171],[-30,43],[-29,50],[-1,11],[19,46],[5,43],[14,-7],[-1,50],[-15,9],[16,74],[-24,3],[2,12],[27,0],[-6,41],[-23,14],[29,35],[24,-7],[12,24],[-10,23],[-3,27],[34,10],[-6,31],[-27,1],[7,-14],[-19,-42],[-40,-6],[-12,-21],[-37,15],[-11,31],[-30,15],[-24,25],[-51,11],[-17,-24],[-25,-17],[-57,-14],[-37,-43],[-51,-16],[-65,12],[-22,19],[-45,14],[-1,-5],[-96,62]],[[21624,35426],[59,275]],[[21683,35701],[11,-14],[92,-31],[54,148],[55,12],[12,83],[34,102],[95,165],[72,-31],[33,18],[20,68],[2,81],[-20,124],[60,86],[45,58],[80,82],[62,-24],[37,-8],[28,1],[72,8],[109,-46],[20,-43],[32,-6],[28,-28],[21,-9],[24,-28],[3,-15],[18,-20],[-20,-36],[19,-34],[0,-18],[14,-18],[4,-19],[-15,-21],[-34,-17],[-19,5],[55,-61],[59,96],[16,-23],[19,-38],[30,-11],[20,9],[19,-22],[27,-3],[18,-11],[35,9],[16,-5],[27,16],[40,8],[7,35],[23,41],[21,17],[29,-25],[32,13],[17,-2],[20,30],[33,5],[16,45],[37,-12],[39,-4],[18,-43],[49,16],[35,-3],[21,-9],[29,0],[24,19],[18,4],[25,-8],[19,9],[13,19],[6,44],[36,18],[10,25],[8,53],[36,67],[23,22],[-3,27],[7,25],[54,24]],[[23814,36692],[20,28],[16,10],[43,-1],[64,21],[33,-11],[45,16],[12,39],[26,26],[21,8],[44,35],[8,24],[47,33],[23,25],[32,21],[35,3]],[[24283,36969],[-2,-41],[-9,-49],[9,-16],[-17,-31],[11,-17],[-1,-19],[-21,-14],[13,-15],[42,-23],[-29,-58],[23,-35],[-6,-11],[15,-23],[-20,-40],[59,-26],[10,19],[49,-10],[-22,-4],[-27,-63],[45,2],[5,-49],[-29,-4],[9,-23],[-57,-136],[19,-7],[-7,-55],[39,3],[-5,-40],[30,-16],[44,3],[5,-102],[-51,-24],[-82,-54],[-100,-86],[20,-156],[-21,-83],[26,-124],[-45,-23],[5,-20],[127,-58],[103,-43],[34,-10],[53,-36],[29,-13],[31,-5],[9,10],[28,-9],[88,-63],[94,63],[53,15],[105,0],[86,-25],[12,-17],[35,26],[11,18],[25,13],[20,-10],[46,41],[22,-12],[26,16],[-1,23],[27,28],[10,26],[-41,48],[27,20],[44,22],[4,-24],[22,36],[36,-1],[87,-50],[73,-6],[30,-9],[45,-30],[42,-51],[54,-14],[30,-15],[21,31],[4,38],[9,26],[25,30],[15,7],[3,18],[-4,51],[13,20],[20,51],[19,19],[39,18],[39,-17],[37,-2],[31,32],[-4,33],[9,23],[25,0],[-2,47],[71,42],[25,-10],[12,-15],[18,11],[27,4],[123,-20],[14,12],[1,25],[196,43],[3,-85],[38,-6],[-1,-63],[60,-9]],[[26622,35757],[-1,-173],[7,-52],[15,-67],[4,-52],[11,-11],[10,-43],[24,3],[-3,-53],[-12,1],[2,-69],[-40,-44],[-53,-101],[-6,-67],[-26,-23],[-99,-145],[-96,-134],[-48,-29],[-62,-10],[-18,-25],[-4,-53],[-9,-62],[-45,-61],[-22,-14],[-86,7],[-72,-148],[-19,-66],[-10,-67],[-48,-9]],[[25916,34190],[-47,6],[-112,-7],[-68,-21],[-49,-22],[4,-12],[-64,-9],[-46,-13],[22,-41],[7,-47],[-54,-183],[-28,-13],[-26,-47],[7,-30],[1,-74],[10,-21],[3,-62],[22,-11],[15,-20],[-7,-38],[-17,-20],[15,-22],[-11,-29],[-20,-20],[50,-98],[10,-16],[11,-45],[19,-35],[-16,-9],[-17,-36]],[[25916,34190],[-3,-71],[-7,-54],[-15,-13],[64,-13],[-6,-19],[15,-7],[34,2],[26,14],[69,20],[5,20],[30,16],[-8,14],[55,26],[32,-4],[-1,-22],[36,8],[26,-17],[11,-66],[38,-25],[24,3],[12,-16],[26,-5],[57,-4],[-2,13],[35,-15],[22,-23],[39,9],[-4,24],[6,14],[23,17],[8,-20],[14,-8],[24,22],[8,36],[23,32],[40,19],[37,-15],[27,8],[60,-19],[29,-1],[11,-11],[29,9],[67,9],[31,-6],[27,-19],[51,-9],[23,5],[71,-30],[50,-9],[62,11],[17,13],[-14,26],[-12,-1],[-11,49],[7,33],[-12,53],[9,34],[-2,19],[7,42],[24,1],[12,-9],[19,15],[-1,26],[21,15]],[[27311,34336],[34,-1],[17,-7],[4,-14],[30,-18],[36,-9],[28,5],[44,-3],[34,10],[51,-6],[80,-28],[-10,-41],[27,-46],[-2,-37]],[[26622,35757],[44,-46],[5,24],[34,-5],[7,20],[-21,12],[21,95],[-2,13],[-51,27],[-16,4],[15,55],[16,-5],[19,70],[31,-8],[4,13],[63,-10],[11,18],[8,-7],[32,-2],[51,-27],[21,-2],[34,12],[13,25],[13,2],[0,40],[26,10]],[[27000,36085],[13,-22],[30,-15],[19,-22],[-25,-49],[-33,-53],[-48,-67],[15,-13],[-30,-152],[-32,0],[-6,-98],[8,-102],[-32,-30],[-2,-19],[31,-10],[9,-15],[19,6],[36,-44],[17,-38],[-6,-13],[9,-32],[-53,-54],[-8,-17],[12,-21],[44,-8],[10,14],[49,-3],[31,-8],[18,9],[-3,-52],[6,-15],[-11,-33],[7,-12],[5,-94],[21,-67],[7,-46],[-2,-22],[-19,-30],[-26,-19],[4,-32],[20,-49],[9,-39],[-24,-99],[36,-30],[4,-55],[26,-20],[98,-99],[58,-60]],[[24407,33781],[5,-36],[26,-10],[0,-36],[49,-62],[21,-2],[13,-19],[53,-16],[2,-44],[10,-63],[-3,-29],[-23,-4],[-8,-49],[15,-76],[7,-24],[-3,-23],[-40,0],[-119,9],[-40,-11],[15,-47],[-47,2],[3,-77],[37,-42],[-18,-7],[8,-101],[-2,-29],[23,-10],[13,-16],[35,-72],[9,-29],[19,2],[-6,-16],[-35,-57],[-18,-45],[20,-31],[4,-28],[32,-35],[-2,-16],[17,-13],[-3,-34],[51,-51],[-53,-41],[6,-19],[49,-63],[-214,-52],[13,12],[-17,12],[7,29],[-148,20],[-65,12],[-1,22],[-44,-6],[-8,12],[2,-33],[-44,-4],[-29,-9],[-38,-21],[1,37],[-19,-7],[-85,-11],[-37,13],[-36,-21],[-113,170],[-145,125],[32,50],[-11,17],[-91,-14],[-30,-9],[-44,23],[-93,15],[-26,-4],[-37,11],[-45,-5],[-23,6],[-16,38],[-4,26],[23,6],[-3,17],[-22,-2],[-36,14],[-17,15],[16,44],[-210,71]],[[22872,33030],[7,31],[12,6],[-19,27],[1,43],[14,27],[-10,40],[11,27],[34,16],[-5,23],[6,29],[23,32],[-9,13],[2,29],[13,11],[-12,33],[10,26],[105,32],[46,10],[34,2],[12,-19],[2,50],[-10,46],[9,15],[-22,15],[6,21],[-38,33],[-7,28],[21,21],[-15,13],[7,40],[11,21],[-25,28],[-10,39],[4,23],[36,71],[-4,12],[-29,20],[-2,27],[-17,9],[-19,36],[-2,105],[43,172],[40,143]],[[26687,29747],[52,-32],[24,-22],[21,4],[25,-14],[20,-21],[15,-47],[-3,-14],[17,-51],[3,-36],[-11,-70],[-21,-61],[-8,-10],[7,-30],[9,-2],[10,-97],[26,-15],[-28,-13],[8,-66],[-5,-78],[-45,8],[2,-45],[14,-3],[-10,-31],[28,-6],[-64,-150],[8,-22],[6,-70],[-1,-24],[9,-44],[-12,-48],[3,-37],[8,-30],[26,-23],[41,-26],[-17,-22],[-6,-24],[6,-14],[34,-11],[3,-22],[29,-14],[39,8],[7,-7],[32,2],[5,13],[40,6],[47,-3],[25,-44],[59,1],[17,-7],[27,6],[16,24],[37,16],[18,0],[17,14],[25,40],[30,13],[39,-9],[25,-26],[4,-15]],[[27419,28446],[-9,-53],[-25,-79],[5,-44],[9,12],[122,74],[36,28],[43,9],[81,-16],[26,-51],[27,-8],[-11,-30],[32,-27],[26,-6],[29,11],[47,-5],[74,-38],[118,-70],[98,-54],[18,-45],[-2,-31],[-28,-56],[-6,-44],[-17,-50],[-14,4],[-10,-48],[20,-40],[-4,-23],[28,-3],[-5,-24]],[[28127,27739],[-17,-44],[-33,-40],[-39,-29],[-19,-37],[-37,7],[-22,-4],[-50,7],[-7,-49],[-20,-43],[-13,-4],[-20,-23],[-53,-9],[-20,-119],[-1,-24],[-30,-3],[-25,-12],[-8,-16],[-36,-16],[-5,-16],[-18,-11],[-18,1],[-27,-12],[-87,-20],[-8,-8],[10,-30],[-17,-31],[-11,-36],[-41,-18],[-22,-22],[-37,-20],[-17,-25],[-6,-24],[-3,-69],[-46,-62],[-18,-4],[-12,-42],[0,-18],[-10,-26],[5,-30],[-19,-11],[-51,17],[-2,-35],[33,-13],[-11,-27],[-22,-24],[-23,-3],[-20,25],[-32,12],[-10,-53],[-19,-2],[5,65],[-69,-3],[-16,-4],[-28,6],[-43,-11],[-16,4],[-6,-23],[-18,10],[-49,3],[-9,-67],[-24,-53],[-34,12],[9,51],[-7,11],[-24,-4],[18,63],[-38,8],[-6,-45],[-7,-14],[-41,9],[-1,-9],[-90,-20],[-21,-17],[-16,-45],[-13,-18],[-27,34],[-49,-43],[7,-20],[25,-28],[-18,-27],[-77,-6],[-27,-33],[-42,-15],[-41,15],[-29,36],[-46,14],[-12,17],[-21,4],[-29,21],[-14,24],[-11,-32],[-9,-42],[-22,-19],[-14,-28],[-36,9],[-38,-18],[-16,-19],[-26,-12],[-33,-23],[-49,140],[-37,-22],[-59,-20],[-18,28],[8,44],[-8,14],[-31,9],[-34,-6],[-39,-15],[-14,3],[-29,-11],[-14,6],[-61,-36],[-15,1],[15,-42],[-15,-11],[-55,32],[-23,-8],[-20,16],[-19,-18],[-39,-9],[-16,-10],[-40,0]],[[25352,26447],[-26,14],[-11,49],[-21,52],[-43,12],[-16,10],[-33,4],[-32,19],[3,20],[-64,-1],[-28,-31],[-55,19],[-82,-5],[-27,-24],[-31,-5],[-61,2],[-26,-17],[-71,-9],[-85,-23],[-43,-17],[-44,-12],[-23,9]],[[24533,26513],[-22,19],[-28,43],[-41,3],[-32,20],[-19,37],[-16,66],[9,39],[32,47],[-4,17],[-67,16],[-2,20],[7,40],[-4,17],[-22,20],[-8,51],[6,33],[-18,46],[-67,32],[-41,5],[-19,12],[-60,-25],[-21,38],[-91,-7],[-23,17],[-97,20],[-39,11],[-19,-1],[1,31],[-38,-10],[-22,3],[-54,25],[-28,39],[-43,-34],[-9,-15],[-57,-4],[12,41],[-12,24],[-38,34],[-16,30],[4,6],[89,9],[55,49],[20,47],[38,23],[39,14],[23,17],[35,40],[8,39],[-11,7],[-7,27],[-35,32],[-19,76],[-19,9],[-2,19],[15,-15],[41,20],[3,19],[10,-8],[21,35],[-115,133],[-8,-15],[-14,11],[-26,-6],[-32,12],[1,47],[-9,8],[-23,-20],[-46,16],[51,36],[59,-7],[63,-24],[10,1],[12,76],[-48,21],[-9,26],[45,-24],[28,-5],[-12,25],[-12,49],[54,10],[9,16],[-8,11],[-77,16],[-1,17],[-19,-4],[-27,6],[5,22],[25,-2],[2,38],[-18,1],[-29,33],[-2,29],[16,54],[28,4],[44,-6],[38,7],[0,57],[-62,-1],[-62,-4],[-7,51],[12,17],[36,17],[35,0]],[[23738,28527],[123,-15],[33,-20],[44,7],[32,-4],[31,8],[36,-6],[49,-34],[54,-25],[13,25],[27,-24],[24,-60],[36,-23],[34,0],[92,33],[12,-13],[7,-47],[16,-26],[25,-10],[18,-19],[5,-27],[13,-17],[22,18],[19,5],[38,-21],[17,-1],[19,13],[21,-4],[9,-32],[16,-20],[55,-28],[62,-1],[9,9],[31,61],[-2,14],[-65,82],[-47,54],[-4,19],[22,66],[24,37],[28,28],[34,10],[41,-7],[21,8],[49,76],[7,42],[3,52],[7,15],[40,24],[9,14],[-10,62],[17,30],[44,31],[40,15],[42,0],[11,5],[23,30],[33,18],[30,-14],[29,8],[64,26],[26,22],[30,52],[19,23],[4,32],[15,18],[31,-8],[26,-28],[21,-9],[13,-23],[45,20],[47,7],[63,2],[57,16],[37,7],[23,22],[13,28],[35,20],[18,26],[50,-17],[14,2],[41,38],[14,28],[0,24],[13,16],[41,26],[44,9],[-9,6],[1,22],[-39,50],[-4,26],[17,20]],[[28393,32001],[53,16]],[[28446,32017],[77,-116],[6,-18],[-12,-44],[2,-18],[-26,-61],[-8,-44],[4,-60],[-8,-59],[-19,-53],[21,-39],[-48,-96],[-30,10],[-27,21],[-92,-131],[-41,-68],[-26,-67],[5,-39],[13,-38],[-2,-26],[-27,-19],[-11,-18],[-7,-61],[7,-17],[48,-58],[-58,-15],[14,-78],[11,-112],[19,-71],[21,-53],[20,-36],[18,-22],[4,-15],[-7,-58],[2,-52],[-14,-35],[-8,-51],[2,-32],[-8,-36],[26,-34],[31,-9],[24,-37],[-14,-16],[10,-12],[25,1],[22,-10],[46,8],[25,-23],[42,-28],[9,-46],[-15,-61],[14,-15],[6,-29],[81,-165],[9,-81],[17,-94]],[[28619,29581],[-30,7],[-67,23],[-50,25],[-90,-3],[-52,-4],[-53,-10],[-58,3],[-55,-22],[-68,18],[-46,2],[-51,19],[-30,7],[-38,-4],[-48,13],[-8,19],[-40,-2],[-7,14],[-33,5],[-17,-5],[8,-27],[-42,12],[-78,-4],[-60,12],[-74,48],[-40,11],[-56,61],[-56,28],[-70,9],[-24,15],[-31,46],[-23,10],[-23,-3],[-10,23],[-51,28]],[[29755,29141],[-517,143],[-115,58],[-190,56],[-160,85],[-93,60]],[[28680,29543],[-61,38]],[[28446,32017],[56,72],[166,30],[97,12],[45,-16],[333,-263],[62,-51],[19,-3]],[[28680,29543],[-178,-111],[-176,-66],[-46,-30],[-6,5],[-30,-14],[-13,-15],[-13,-36],[-28,16],[-19,1],[-17,-24],[-6,-30],[-14,-7],[-26,25],[-19,-9],[-14,-39],[-33,-6],[-45,-31],[1,-32],[-51,-10],[10,50],[-35,-3],[-11,-63],[-44,-20],[-69,-41],[-33,-41],[43,-7],[66,-15],[105,-53],[-13,-70],[-267,49],[-26,-9],[-6,-24],[-22,-26],[-58,-6],[-17,-74],[26,-13],[-23,-41],[9,-24],[-4,-17],[12,-20],[-5,-38],[5,-68],[-33,-2],[3,-9],[-25,-35],[-10,5],[-23,63],[-27,-15],[4,-10],[-17,-26],[-10,-30],[-33,-51]],[[29343,28227],[-101,-32],[-223,-97],[-155,-20],[-118,-19],[-83,-26],[-57,-20],[-91,-66],[17,-74],[4,-46],[12,-29],[-38,-9],[8,-32],[-56,-8],[10,-34],[-14,6],[-15,-9],[-4,29],[-31,3],[-14,-7],[-20,12],[-12,-5],[-76,-4],[-24,-21],[-9,-24],[-73,15],[3,16],[-56,13]],[[31949,22085],[-955,-355],[-111,-50],[-110,-41],[-519,-172],[-99,-47],[-129,-63],[-51,-28],[-200,-76],[-504,-157]],[[29271,21096],[-501,420],[-366,334],[-441,-3],[-99,-18],[-196,-68],[-211,-96],[-56,-33],[-17,-143],[-39,-171],[-33,-113],[-41,-119],[-74,-196]],[[27197,20890],[-130,-5],[-100,4],[-49,24],[-76,68],[-47,-1],[-176,58],[-30,8],[-68,1],[-40,-21],[-104,20]],[[26377,21046],[-14,14],[-22,100],[-13,37],[-1,34],[-18,1],[-2,39],[-17,28],[-17,53],[0,51],[-13,22],[-56,52],[-41,43],[-33,54],[-41,19],[-41,8],[-38,79],[-37,24],[-23,10],[-42,-7],[-49,18],[-47,-26],[-4,-6],[-42,6],[-14,-14],[-41,12],[2,27],[-18,7],[-3,22],[-30,11],[-29,59],[-50,-5],[-6,-17],[-15,1],[-16,-20],[-20,13],[-24,-13],[-4,-17],[-25,-18],[-49,2],[-45,-10],[-28,20],[-5,19],[-39,14],[1,12],[-18,23],[-6,18],[-22,21],[10,19],[-4,29]],[[25268,21914],[71,26],[22,25],[-1,34],[20,49],[33,35],[19,60],[5,39],[-2,36],[4,119],[8,19],[16,105],[9,73],[-23,72],[-4,30],[34,107],[-35,0],[-43,10],[-29,49],[-3,36],[-18,40],[-35,50],[11,14],[1,24],[11,12],[34,-15],[-10,32],[1,32],[13,17],[-15,39],[1,17],[-16,100],[-24,63],[-1,18],[-25,37],[0,41],[7,17],[-5,37],[-9,23],[3,21],[-15,27],[-52,22],[-45,12],[-23,17],[-1,27],[-24,55],[-15,22],[-31,22],[14,27],[-2,31],[-9,24],[-11,-4],[-9,66],[8,-3],[8,46],[-9,2],[-25,49],[20,39],[-5,52],[8,25],[35,1],[33,-33],[37,-17],[18,26],[14,0],[22,20],[39,15],[75,-17],[21,5],[21,32],[-21,4],[8,16],[-14,15],[23,9],[-13,31],[-22,99],[-10,21],[18,38],[-13,15],[13,35],[-15,35],[-5,27],[3,64],[20,44],[3,121],[-22,1],[-21,17],[-28,-6],[-31,-25],[-35,-13],[-80,-7],[9,54],[20,54],[26,10],[-18,7],[34,80],[13,37],[17,-11],[15,-34],[8,4],[-16,38],[17,27],[-26,4],[30,66],[17,-7],[8,11],[-15,15],[32,64],[2,45],[12,0],[103,199],[39,89],[17,52],[-29,29],[-7,-23],[-36,-20],[-175,69],[9,58],[-7,17],[-25,-2],[-7,22],[-13,8],[-16,29],[-10,4],[-21,43],[-24,13],[-43,13],[-5,29],[-2,55],[24,3],[-17,17],[27,28],[-17,12],[11,30],[27,41],[20,20],[21,33],[17,12],[8,40],[12,29],[28,16],[9,26],[-4,30],[25,43],[-13,29],[6,37],[-6,21],[15,10],[3,32],[13,34],[-8,54],[-24,3],[-11,20],[14,23],[39,27],[11,16],[41,25]],[[27197,20890],[580,-579],[773,-231]],[[28550,20080],[-6,-29],[-227,-496],[119,-510],[27,-51],[71,-83],[172,-268],[52,-144],[124,-246],[30,-74],[0,-48],[4,-10],[39,-37]],[[28955,18084],[-124,-347],[5,-7],[-9,-52],[30,-54],[-34,-73],[4,-36],[-21,-33],[3,-36],[-10,-23],[-19,-15],[-10,5],[-15,-20],[3,-32],[-34,-14],[-12,-64],[-15,-15],[-3,-22],[-30,-77],[-59,-64],[2,-15],[-25,-36],[-11,-36],[-17,-35],[0,-64],[-24,-28],[-31,-82],[-4,-26],[-23,-7],[-29,-19],[-11,-19],[-30,-17],[-19,-21],[-24,-36],[-42,-30],[-34,12],[-52,-106],[-3,-48],[-18,-53],[-18,-7],[-17,-36],[0,-49],[-25,-56],[-23,-24],[-6,-27],[-52,-60],[-14,-4],[17,-14]],[[28072,16162],[-60,-47],[-27,1],[-13,-31],[-18,9],[-23,-50],[-21,17],[-62,13],[-25,-5],[19,-32],[-81,-61],[-56,-69],[-31,-22],[-19,-21],[-48,-22],[-18,-55],[-4,9],[-38,-34],[-28,-4],[8,55],[-14,19],[-14,-2],[-18,-20],[-21,4],[-16,-18],[-58,3],[-1,15],[-24,21],[-3,51],[-101,-37],[-13,50],[-1,24],[8,76],[-28,11],[-47,5],[-29,-3],[-4,93],[-30,8],[-40,105],[-9,63],[-13,-7],[-30,28],[-17,8],[10,36],[-13,-8],[-44,7],[-20,-5],[-24,23],[-28,-2],[-48,-52],[6,-11],[-11,-19],[-18,0],[-27,-19],[-4,21],[-13,10],[4,28],[-19,27],[-42,3],[-12,12],[-31,4],[-19,-5],[-23,6],[-103,-19],[-27,-12],[23,-46],[3,-39],[37,-33],[38,-47],[18,-8],[3,-16],[41,-153],[-10,1],[-6,-36],[-49,-103],[-23,-31],[-72,-62],[-23,-37],[-52,26],[-26,-60],[27,-32],[-39,-21],[-149,-69],[-105,-54],[-17,-4],[45,-93],[1,-18],[24,-29],[16,-57],[19,-12],[39,-16],[9,-61],[-10,-9],[-13,-101],[-25,-119],[-8,-128],[-3,-83]],[[26211,14785],[-54,-23],[-204,7],[-95,0],[-119,9],[-58,18]],[[25681,14796],[0,16],[-14,71],[-13,43],[-8,87],[-4,109],[-27,3],[-15,13],[-72,3],[2,35],[-27,102],[-17,-3],[-22,-20],[-22,2],[-62,19],[-22,-5],[-32,-24],[-46,-21],[-44,1],[-17,-14],[-35,-10],[-13,3],[-35,-21],[-11,8],[-54,-2],[-8,-7],[-92,-32],[-261,-18],[-12,3],[1,-24],[36,-106],[12,-62],[-2,-54],[-18,-66],[-36,13],[-23,-27],[-23,-1],[-55,27],[-33,-8],[-25,7],[-22,-4],[2,-24],[-34,-11],[-29,18],[-29,9],[-34,-9],[6,-14],[-12,-9],[-5,15],[-12,-8],[-71,9]],[[24292,14808],[-22,7],[-100,10],[-13,-13],[-25,21],[-60,-14],[-15,-21],[-30,-1],[-5,-16],[-47,-1],[-24,16],[-13,-10],[-50,-16],[-12,47],[-36,42],[-50,69],[-7,22],[-38,-2],[1,16],[-95,-5],[-87,94],[-23,12],[-38,-8],[-25,-11],[-60,-58],[-13,-41],[-76,-1],[-11,33],[-24,-5],[-157,-75],[-82,-42],[-3,36],[23,37],[3,21],[18,27],[20,119],[35,95],[7,5],[61,-3],[62,18],[12,18],[8,36],[-27,87],[-24,26],[-25,19],[150,119],[253,258],[164,265],[-73,32],[66,29],[40,30],[74,18],[42,33],[34,-45],[17,6],[119,-121],[52,3],[4,-14],[31,-33],[26,21],[45,20],[41,12],[59,4],[0,25],[-20,77],[-5,118],[31,49],[23,51],[21,17],[31,62],[66,33],[33,20],[39,18],[26,6],[-57,44],[-52,53],[-120,103],[-100,126],[-17,19],[34,31],[-2,9],[26,0],[23,10],[-18,96],[-9,36],[-5,44],[-12,37],[0,113],[2,37],[-10,47],[-21,37]],[[24276,17353],[29,22],[38,-5],[57,-1],[42,14],[10,10],[42,9],[44,-4],[2,42],[-10,24],[11,35],[-1,55],[-9,39]],[[24531,17593],[16,4],[46,29],[18,4],[34,28],[14,51],[29,34],[-5,32],[15,7],[6,25],[13,2],[6,42],[18,24],[10,28],[62,49],[29,57],[4,26],[-37,6],[31,30],[22,9],[3,15],[-29,17],[-24,-5],[-39,1],[-12,26],[-25,24],[-10,62],[7,13],[-5,21],[-31,-2],[-73,-25],[-25,15],[2,15],[-39,63],[-22,21],[-117,-9],[-23,66],[-20,77],[-21,103],[4,25],[-7,10],[-8,47],[-2,42],[10,7],[23,-4],[29,4],[15,17],[20,51],[-49,48],[-7,24],[-48,0],[11,101],[6,39],[12,30],[4,29],[12,7],[-1,25],[60,149],[38,74],[19,-1],[29,34],[-1,72],[18,32],[27,77],[56,135],[23,85],[11,64],[5,69],[-4,69],[-14,73],[77,3],[50,22],[42,22],[60,-8],[40,4],[179,93],[294,172],[-6,45],[30,21],[21,54],[11,71],[2,58],[19,37],[96,60],[14,39],[23,2],[70,-33],[36,6],[23,-11],[53,-1],[19,15],[28,8],[19,-19],[57,-31],[24,22],[16,-20],[22,-7],[22,31],[-4,10],[21,1],[7,11],[-2,28],[31,22],[-2,28],[24,21],[18,30],[151,-8],[21,43],[16,60],[39,46],[27,26],[39,61]],[[29271,21096],[-200,-362],[-227,-344],[-294,-310]],[[24531,17593],[-32,79],[-40,-11],[-11,-19],[-40,13],[-47,4],[2,15],[-20,12],[-28,-5],[-44,-21],[-23,22],[-12,0],[-21,19],[-27,11],[-26,-2],[-7,-34],[-43,25],[-12,56],[30,1],[29,12],[86,19],[-8,44],[-21,7],[-83,8],[-55,21],[-31,-42],[3,-18],[-13,-39],[-66,11],[-87,8],[-31,21],[-24,6],[-49,-2],[12,33],[9,48],[-66,-66],[-9,-12],[-33,-1],[-53,12],[-50,-10],[-71,19],[-17,-12],[-35,-73],[-41,-7],[-15,10],[-27,0],[0,-42],[-137,-29],[-47,108],[-17,25],[-42,17],[-1,26],[-53,12],[-27,21],[-39,-5],[-39,4],[-72,14],[-40,-25],[-52,-25],[-3,38],[20,33],[19,66],[48,133],[-33,72],[-42,98],[-111,-32],[-98,-26],[-141,-41],[-15,-21],[-24,-1],[-72,-30],[-56,-31],[-89,-65],[-62,-19],[-44,-35]],[[22115,17995],[-34,-2],[-81,32],[18,52],[46,64],[-29,87],[-12,56],[-2,82],[-106,105],[-40,25],[-24,-10],[-17,33],[-20,-6],[-28,16],[-36,5],[-49,12],[-155,33],[-71,18],[-67,29],[-56,75],[-66,146],[-71,151],[-24,48],[-32,14],[-54,-8],[-47,19],[-63,12],[-54,-13],[-11,34],[-18,7]],[[20912,19111],[-39,109],[-14,90],[-66,292],[24,163],[-275,83],[-95,17]],[[20447,19865],[38,22],[87,58],[116,88],[44,25],[57,-1],[24,16],[39,7],[25,19],[7,92],[24,18],[11,35],[29,25],[34,12]],[[20982,20281],[10,4],[43,40],[40,-20],[105,-152],[57,-81],[24,1],[35,31],[60,70],[111,-1],[273,-41],[75,21],[105,201],[64,7],[7,-41],[63,15],[28,93],[-3,18],[-17,44],[5,4],[-5,40],[107,53],[63,42],[41,47],[-8,18],[37,47],[37,29],[24,-1],[31,18],[38,39],[38,60],[42,16],[41,22],[37,36],[40,31],[-6,12],[17,23],[14,33],[-4,27],[-27,52],[-11,49],[-20,65],[14,51],[19,26],[28,66],[12,40],[4,54],[-4,9]],[[22666,21498],[72,-18],[47,-35],[31,-12],[43,12],[34,0],[39,-28],[9,-17],[42,-47],[16,-54],[36,-46],[30,8],[100,54],[61,25],[68,57],[10,133],[75,64],[24,163],[3,5],[20,125],[-23,136],[-6,69],[4,18],[4,185],[21,-6],[42,-29],[106,22],[27,26],[18,-17],[4,19],[32,-12],[38,24],[36,6],[63,-27],[54,-66],[-5,-26],[16,-43],[23,15],[16,27],[75,-43],[24,-59],[26,-28],[55,-27],[37,-36],[77,9],[54,-5],[47,-8],[58,-1],[39,-18],[52,-62],[4,-48],[41,-58],[32,-25],[24,-2],[32,19],[24,22],[26,34],[10,0],[78,-40],[35,16],[59,-23],[36,6],[22,-18],[33,-8],[10,-9],[35,-4],[23,-18],[11,2],[53,39],[0,32],[14,13],[28,56],[32,-8],[11,5],[81,4],[18,-17],[48,20],[8,-6]],[[20912,19111],[-13,-16],[-28,3],[-24,10],[-43,-14],[-5,-11],[-25,-3],[0,14],[-16,3],[-28,-19],[0,-23],[-56,-18],[-20,-2],[-33,-49],[-91,-18],[-14,-9],[7,-11],[-11,-19],[-27,-21],[-35,-4],[53,-169],[-338,-211],[-120,-122],[39,-149],[40,-102],[-64,-13],[-81,-30],[-123,-56],[-42,-23],[-32,-59],[-26,-149],[83,-217],[23,-199],[128,-198],[84,-157],[60,-118],[12,-30],[-41,-12],[-17,2],[-53,-45],[-21,-10],[-19,11],[-41,-16],[-27,-3],[-18,8],[0,-21],[-13,-3],[-35,15],[-20,-13],[-19,10],[-77,-45],[-7,-53],[-20,-47],[-25,0],[-39,-28],[-11,-29],[12,-33],[-61,-39],[-43,-12],[-63,-25],[-37,17],[-34,-10],[-23,-26],[-54,-13],[-40,22],[-7,-15]],[[19293,16489],[-68,63],[-97,6],[-141,4],[-115,24],[-166,4],[-96,-33],[-127,-7],[-104,8],[37,89],[-3,7],[-61,-16],[-14,-10],[-27,53],[-114,-66],[-34,69],[23,31],[-41,25],[55,106],[-34,0],[-21,-10],[-11,22],[-53,-5],[-37,-17],[-19,8],[-6,17],[13,16],[-24,48],[-13,35],[-3,25],[-19,29],[8,9],[23,60],[8,38],[1,34],[-72,31],[-14,65],[-6,268],[-162,146],[-109,135],[-234,-151],[-231,76],[36,162],[-389,90],[-9,3],[26,301],[-96,51],[-23,-3],[-52,18],[-90,37],[-24,-6],[-27,17]],[[16537,18395],[-34,197],[13,-5],[26,79],[21,84],[-4,28],[4,147],[14,2],[20,75],[-16,22],[9,22],[-40,16],[-37,6],[-69,3],[0,14],[33,14],[40,180],[35,-9],[21,98],[-2,222],[-33,113],[-52,66],[-10,26]],[[16476,19795],[95,156],[9,53],[7,8],[9,79],[-17,44],[-45,62],[63,95],[27,20],[24,58],[4,31],[47,35],[25,12],[60,-20],[29,2],[58,29],[31,9],[16,-2],[60,13],[11,7],[18,49],[29,23],[102,18],[-18,183],[-23,340],[46,287]],[[17143,21386],[313,-79],[19,-10],[98,-14],[36,-19],[68,0],[28,15],[59,40],[96,12],[38,-9],[60,6],[50,-11],[90,-50],[38,-14],[19,-30],[13,-6],[63,6],[39,-25],[12,-17],[67,-1]],[[18349,21180],[-18,-39],[16,-43],[29,-27],[22,-6],[54,7],[18,-8],[13,-21],[17,-52],[-7,-41],[-21,6],[-14,-55],[51,-17],[223,-67],[151,-46],[68,-33],[13,-11],[3,-88],[208,39],[-1,-18],[-60,-210],[-12,-34],[7,-2],[17,-102],[27,-57],[25,0],[45,-10],[22,-21],[34,-10],[24,6],[45,-15],[34,0],[27,-25],[115,-77],[40,-32],[109,-35],[20,-11],[85,-27],[22,59],[36,-10],[104,-17],[64,-21],[7,-30],[-2,-72],[70,-27],[7,18],[17,-6],[-5,-13],[349,-14]],[[16537,18395],[-347,83],[-30,0],[-84,45],[-28,6],[-31,-1],[-43,5],[-45,-5],[-42,-14],[-23,-14],[-64,4],[-131,-18],[-74,-11],[-39,0],[-30,-8],[-13,-13],[26,-76],[35,-17],[26,-112],[25,-113],[83,-375],[29,-132],[51,-419]],[[15788,17210],[-110,14],[-342,-4],[-83,-23],[-61,-10],[-202,-37],[-50,-8],[-25,-8],[-34,14],[-5,-7],[-54,24],[-49,28],[16,22],[-20,15],[-22,32],[-21,13],[-166,42],[-76,26],[-58,24],[-5,14],[33,18],[17,36],[39,26],[16,37],[10,75],[12,66],[1,37],[87,-13],[1,20],[-8,103],[-21,57],[4,117],[-21,14],[-93,14],[3,68],[14,70],[-2,27],[-14,11],[-9,31],[2,61],[42,106],[-208,305],[-82,-13],[-352,-73],[-237,-46],[-84,39],[-187,-57],[-28,-26],[-133,48],[-117,62],[-175,105],[-19,34],[-20,12],[-40,-4],[-8,5],[-26,-14],[-53,7],[-30,34],[-162,70],[-513,186],[-96,14]],[[11964,19050],[339,614],[21,99],[23,157],[-21,132],[269,1463],[41,227],[54,359]],[[12690,22101],[991,11],[110,-124],[-21,-84],[50,13],[24,11],[18,-17],[1,-22],[-28,-55],[-6,-36],[7,-43],[-11,-28],[-41,-50],[-8,-38],[9,-28],[17,-20],[-17,-29],[-63,-26],[-10,-15],[1,-33],[9,-45],[-6,-43],[-18,-50],[8,-34],[24,-45],[-4,-53],[8,-20],[43,-15],[16,-13],[163,-150],[-14,-15],[-233,-354],[-47,-75],[45,-18],[35,-27],[33,64],[32,17],[46,-41],[2,-29],[27,-32],[17,-8],[60,3],[35,11],[20,-9],[47,-60],[18,-34],[28,-35],[59,-23],[27,57],[25,14],[27,23],[84,-21],[80,155],[18,-17],[58,-35],[124,-66],[22,-13],[8,12],[73,33],[6,-25],[78,-29],[29,43],[60,-20],[36,-27],[-32,-69],[43,-4],[90,-58],[40,-33],[32,-16],[210,-21],[204,-24],[54,-30],[93,-15],[55,-61],[60,-38],[46,-24],[116,-42],[26,-4],[60,-20],[100,-24],[299,-118],[48,-16],[11,-27]],[[19293,16489],[-14,-18],[-38,-1],[-7,-11],[-15,6],[-7,-14],[-34,-18],[-9,-21],[-29,-15],[-23,-35],[-54,-26],[-2,6],[-32,-12],[25,-170],[20,-336],[-17,-30],[-315,-133],[3,-57],[-11,-3],[-7,-48],[0,-65],[-12,-94],[-9,-24],[67,7],[0,-7],[38,-85],[15,-59],[10,-22],[16,-65],[5,-106],[23,-2],[-6,-43],[185,-71],[84,4],[46,-23],[10,4],[30,-35],[-32,-9],[-18,-49],[25,-22],[28,-10],[5,-29],[-24,-13],[-7,-13],[-14,5],[-13,-13],[-31,5],[-20,-8],[3,-86],[-9,-336],[-4,-81],[18,-18],[11,-34],[-6,-22],[-27,-17],[-3,-15],[-17,2],[-26,-108]],[[19068,13996],[-208,150],[-304,100],[-187,64],[-105,105],[-166,65],[-29,7],[-40,45],[-83,30],[-28,14],[-8,-11],[-30,21],[-18,-2],[-75,27],[-50,-2],[-63,2],[-12,-4],[-69,6],[-34,6],[-82,7],[-69,9],[-29,1],[-31,-25],[-28,3],[-16,8],[-13,-7],[-12,10],[-23,-19],[-37,-6],[3,28],[-21,2],[-23,20],[-21,-3],[-81,2],[-36,18],[-88,-14],[-26,0],[-42,26],[-54,-28],[-26,-39],[-61,-12],[-43,-4],[-32,6],[-26,-5],[-35,-29],[-29,-42],[-20,-9],[-19,9],[-65,9],[-20,-1],[-16,-26],[-28,-16],[-14,-26],[-25,-8],[-19,-16],[-176,17],[-56,51],[-53,63],[-74,118],[-41,23],[-25,18],[-11,-18],[-15,4],[-33,-17],[-2,21],[-87,15],[-17,-33],[-17,-5],[-50,-43],[-72,-1],[-45,22],[-6,33],[-145,-27],[-54,-13],[0,-58],[-51,-10],[-45,-22],[-48,-53],[-53,-33],[-91,-23],[0,-14],[-45,-38],[-34,-13]],[[15006,14406],[-9,62],[0,28],[-55,-12],[-24,-12],[-55,5],[-21,-9],[0,12],[63,12],[-45,31],[-18,2],[4,25],[-20,46],[-40,40],[-19,26],[-3,27],[25,33],[-19,30],[-21,47],[1,13],[18,44],[5,42],[14,19],[0,17],[34,111],[9,8],[45,149],[16,71],[-136,-38],[-22,-37],[-33,11],[-15,17],[24,3],[2,24],[14,16],[52,22],[1,28],[-31,-1],[-10,22],[-69,-4],[-40,76],[-46,36],[-25,85],[-7,35],[-11,-1],[-22,21],[-45,11],[-27,15],[8,24],[107,304],[-107,115],[12,97],[36,2],[15,-7],[22,4],[115,-70],[102,-6],[71,-13],[95,-12],[52,28],[96,85],[13,21],[32,27],[32,17],[-1,34],[21,0],[62,42],[50,-12],[20,-12],[54,11],[84,36],[14,15],[6,97],[12,31],[0,76],[-4,45],[16,20],[49,26],[24,34],[26,28],[42,51],[3,19],[204,99],[-40,340]],[[15006,14406],[9,-83],[-282,55],[-75,69],[-76,-5],[-9,-30],[-187,-71],[-167,-15],[-58,30],[-112,65],[-19,15],[7,22],[-110,46],[-36,60],[-109,56],[-19,25],[-47,29],[-13,18],[-72,48],[-75,56],[-96,44],[-60,15],[-34,-2],[-62,13],[-46,0],[-138,-76],[-408,85],[-1298,280],[36,2094],[-606,-12],[-278,212]],[[10566,17449],[815,847],[287,394],[167,242],[129,118]],[[28072,16162],[13,-43],[35,-39],[-14,-25],[22,-16],[44,71],[15,-4],[9,11],[25,6],[23,-14],[43,-50],[19,-5],[27,-23],[3,-22],[41,-30],[34,3],[8,-31],[24,-1],[-1,-32],[15,-28],[23,8],[77,-31],[12,8],[40,-23],[5,34],[68,-7],[2,-16],[59,0],[1,-13],[25,2],[12,-14],[75,-2],[-19,-45],[43,-18],[-6,-78],[-38,-19],[-16,-22],[-6,-30],[53,7],[34,10],[28,-19],[-2,-58],[5,-18],[28,-14],[-1,-17],[29,-20],[-15,-28],[2,-74],[-83,-149]],[[28892,15244],[-44,-10],[-33,-14],[-26,-61]],[[28789,15159],[-163,-160],[-13,-16],[-88,-72],[-44,-7],[-69,12],[-12,-30],[-4,-37],[3,-32],[-60,-21],[-14,-18],[3,-40],[-21,-14],[-18,-24],[-48,-113],[-37,-97],[14,-19],[92,-112],[33,-46],[9,-33],[11,-68],[27,-112]],[[28390,14100],[-179,71],[-130,-39],[-710,-667]],[[27371,13465],[-135,184],[-62,135],[-8,11],[-45,25],[-18,64],[20,19],[-1,32],[-9,33],[-25,9],[-45,7],[-36,34],[-11,-3],[-17,20],[-18,49],[10,45],[-27,24],[11,38],[-4,23],[-22,37],[-47,60],[12,17],[95,8],[0,29],[92,-27],[26,0],[5,106],[-49,2],[-5,32],[5,33],[12,-1],[12,23],[-15,2],[1,19],[-22,2],[-2,31],[11,11],[7,31],[-21,5],[11,28],[-59,24],[-53,-3],[-50,-10],[-80,-27],[-53,-2],[-27,11],[-62,45],[-69,-7],[-67,6],[-143,35],[-183,51]],[[28892,15244],[107,-25],[162,-95],[120,-123],[32,-17],[56,-14],[210,-56],[62,-10],[50,-17],[28,-30],[12,-5],[35,5],[55,-36],[78,-8],[45,-27],[24,-34],[24,-57],[-6,-40],[16,-28],[48,-34],[10,-34],[40,-44],[78,-58],[39,-38],[45,-31],[32,-1],[224,-44],[68,-31],[33,-21],[51,-46],[319,-162],[129,-47],[49,-78],[153,-86],[160,-130],[50,-39],[124,-117],[77,-93],[187,-200]],[[31918,13293],[48,-212],[101,-283],[48,-163]],[[32115,12635],[-1494,-326],[-2184,908],[355,724],[-178,70]],[[28614,14011],[37,87],[115,230],[3,50],[37,-19],[15,46],[40,-17],[20,19],[0,17],[14,10],[35,-10],[3,20],[-58,14],[-6,8],[20,97],[24,0],[-103,47],[-38,14],[18,32],[15,9],[40,-41],[61,4],[51,-6],[26,88],[25,36],[23,68],[11,47],[-63,-13],[-11,22],[-15,-4],[-5,74],[-66,126],[-93,93]],[[28614,14011],[-224,89]],[[25681,14796],[-38,-48],[-65,-104],[-17,-16],[-6,-39],[16,-24],[7,-29],[46,-21],[15,11],[-58,-115],[-38,20],[-16,-27],[-7,-30],[-78,6],[-20,-36],[-224,24],[-309,39],[-135,-148],[6,-67],[6,-140],[-4,-134],[1,-2],[-18,-107],[-16,-66],[-30,-88],[-15,-33],[39,-53],[55,0],[0,-49],[18,-21],[-54,-54],[-26,-15],[-57,-18],[0,-58],[-5,-90],[138,-57],[-49,-199],[-24,-27],[6,-15],[14,4],[-20,-81],[-10,-23],[24,3],[20,14],[15,-45],[33,24],[17,-71],[9,-23]],[[24827,12768],[-31,-49],[10,-59],[-13,-9],[-5,-18],[-25,-42],[-50,21],[2,-13],[-19,0],[0,-40],[-8,-20],[12,-12],[22,-49],[-11,-13],[-11,-53],[9,-32],[-20,-20],[-6,-19],[4,-30],[-14,-29],[-11,-5],[6,-19],[19,-11],[-53,-49],[-6,-13],[-16,6],[-38,-10],[-3,-16],[-21,0],[4,-13],[-34,-19],[-18,-22],[11,-36],[-11,-4],[-8,24],[-23,7],[-69,-26],[-31,-30],[-33,-63],[-100,-159],[-53,13],[-19,-102],[53,-41],[-26,-57],[-215,115],[-15,41],[-89,16],[-418,70],[-77,11],[-23,-81],[58,-87],[-11,-43],[-138,76],[-35,156],[-48,4],[-128,58],[-47,10],[-95,-41],[-106,-5],[-129,-26],[-65,219],[-69,148],[-56,132],[-41,129],[-9,114],[57,113],[99,139],[-75,178],[-2,1]],[[22516,13084],[6,37],[-16,5],[8,21],[-50,15],[5,17],[-28,1],[-61,231],[105,30],[42,-1],[-18,69],[100,-27],[44,154],[47,52],[54,67],[53,42],[212,172],[-48,39],[-3,116],[23,1],[129,-13],[16,24],[131,26],[154,-1],[136,-16],[79,-8],[142,4],[-29,178],[111,-6],[14,-16],[72,15],[76,27],[17,93],[17,11],[24,-31],[21,-13],[46,18],[24,-7],[24,9],[15,17],[31,52],[21,86],[20,140],[10,94]],[[27371,13465],[-654,-614],[-579,-300],[-54,55],[-179,-12],[-209,-180],[-139,8],[-131,150],[-31,-5],[-27,46],[3,59],[33,18],[-8,18],[2,28],[-15,21],[-8,-9],[-13,25],[-79,81],[-44,15],[-21,-13],[-54,-96],[-16,46],[-47,-19],[-31,-19],[-11,4],[-28,-16],[-64,-11],[-65,2],[-75,21]],[[22516,13084],[-269,104],[-293,156],[-15,5],[-49,-3],[-84,0],[-28,6],[-47,31],[-55,19],[-11,9],[-20,48],[-8,10],[-200,78],[-187,78],[-33,9],[-76,52],[-34,15],[-31,6],[-41,19],[-89,26],[-28,3],[-69,17],[-20,2],[-196,-31],[-25,0],[-81,10],[-54,16]],[[20473,13769],[4,46],[30,284],[12,118],[-2,2],[13,228],[11,127],[-114,-15],[-49,-17],[5,53],[27,16],[2,38],[18,3],[-31,43],[-9,24],[-18,20],[7,20],[-15,15],[43,69],[59,-5],[0,49],[-22,180],[91,19],[-48,217],[-6,33],[-3,120],[36,-1],[3,-102],[14,-31],[44,-17],[22,-28],[30,-105],[11,-58],[33,-2],[220,39],[-5,55],[1,51],[-12,145],[5,22],[-9,25],[-4,49],[-11,71],[-5,6],[-12,74],[-30,-16],[-114,264],[8,2],[-86,170],[1,3],[98,35],[-21,153],[188,26],[-23,94],[12,3],[-10,52],[121,25],[65,10],[68,3],[-24,68],[77,30],[-15,49],[52,-8],[24,3],[36,61],[33,13],[33,30]],[[21332,16719],[50,31],[18,5],[44,-68],[-7,-4],[35,-23],[53,43],[10,-36],[-7,-27],[4,-27],[-7,-64],[87,-47],[-8,-68],[44,-24],[14,-17],[14,8],[64,-67],[27,-23],[102,-58],[43,-28],[85,-48],[47,-32],[3,14],[17,-11],[52,40],[-5,9],[115,75],[19,9],[54,12],[10,94],[8,42],[37,-2],[25,158],[69,-32],[-10,97],[50,14],[-13,45],[107,-2],[-18,61],[44,2],[-35,101],[32,-2],[387,-1],[29,17],[-23,-45],[22,-83],[34,-85],[10,-2],[108,-63],[-55,-157],[-12,-151],[1,-77],[143,17],[35,43],[-52,-7],[-4,30],[76,9],[14,12],[-82,63],[21,13],[-27,53],[56,39],[137,42],[-90,155],[33,21],[-4,18],[73,19],[82,51],[18,-6],[73,22],[2,48],[98,25],[-43,112],[-26,53],[54,29],[54,11],[51,16],[66,5],[59,22],[107,21],[33,20],[5,13],[68,45],[38,43],[30,17],[72,57]],[[22115,17995],[49,-126],[12,-26],[37,-47],[-214,-77],[-80,-40],[-191,-197],[-80,-41],[-112,-62],[-75,-82],[2,-36],[-42,-41],[-37,-86],[-9,-33],[10,-101],[19,-31],[32,-40],[-24,-72],[-61,-64],[-23,-38],[4,-36]],[[20473,13769],[-48,13],[-16,-2],[-172,-58],[-60,2],[-52,-41],[-25,-11],[-87,14],[-108,27],[-47,6],[-67,-18],[-63,5],[-68,-7],[-16,3],[-73,45],[-20,3],[-136,-27],[-18,3],[-298,179],[-2,14],[12,37],[-2,11],[-39,29]],[[28955,18084],[54,-27],[84,-52],[44,-29],[162,-93],[26,-55],[24,-44],[60,-58],[73,-55],[138,-37],[67,-100],[90,-102],[127,-42],[92,-43],[165,1],[18,10],[201,11],[33,5],[48,-11],[139,-38],[142,-7],[36,-4],[129,-243],[198,-86],[64,-60],[34,-54],[120,-163],[24,-16],[173,-44],[91,-15],[188,-35],[7,-5],[18,-64]],[[31824,16529],[17,-58],[171,-337],[-4,-23],[2,-40],[23,-127],[169,-178],[93,-5],[31,-6],[87,-26],[98,7],[107,32],[57,-7],[13,-108],[10,-64],[16,0],[1,-15],[25,-1],[0,-12],[41,-10]],[[32781,15551],[1,-35],[47,18],[0,-79],[-87,-2],[-12,-54],[-1,-35],[-13,-58],[-2,-55],[-7,-63],[0,-83],[3,-42],[-3,-47],[-12,-46],[-33,-59],[-5,-101],[-9,-26],[3,-97],[-4,-36],[3,-23],[-10,-72],[3,-36],[10,-31],[17,-13],[109,-185],[-40,-54],[-93,-24],[-27,-17],[-376,-329],[-6,-15],[-137,-269],[-182,-290]],[[34793,18996],[-691,-1036],[-101,-130],[-64,-168],[-6,7],[-17,-38],[-66,4],[-37,32],[-3,-36],[-32,-4],[-6,-35],[-21,-2],[-1,-18],[16,-1],[-8,-75],[-12,-2],[0,-66],[-24,2],[-22,-23],[-71,-16],[0,-20],[-25,11],[-20,-7],[-68,1],[-69,5],[-46,-5],[-32,4],[-21,-20],[-20,-4],[-7,-29],[53,3],[15,-86],[11,-4],[-12,-46],[-106,-4],[-11,-28],[-32,-43],[-40,-32],[-23,-24],[-28,-139],[3,-17],[-18,-13],[-25,-3],[-1,-17],[-46,-24],[-4,-21],[-18,-20],[-4,-42],[-21,-19],[-25,-2],[-68,-101],[-2,-27],[46,-70],[-7,-25],[-16,-14],[-39,12],[-41,3],[-44,12],[-47,0],[-29,-12],[-15,17],[-29,1],[-53,9],[-58,4],[-32,-9],[-25,29],[-105,-4],[-8,-43],[-21,-36],[-570,37]],[[36639,16575],[-344,-225],[-917,-320],[-95,-22],[-38,-17],[-52,-6],[-3,-14],[-33,-8],[-89,-8],[-93,6],[-84,-13],[-3,20],[-83,-22],[-46,-9],[-138,-52],[-41,-36],[-38,-5],[-21,19],[-37,-23],[-6,-19],[-14,-2],[-33,19],[-9,33],[-17,42],[-11,8],[-58,-21],[-23,-1],[-20,-23],[-24,-4],[-22,-13],[-19,-24],[-48,-17],[-27,2],[-40,-10],[6,49],[-3,22],[-51,-3],[2,-27],[-26,-6],[-23,11],[-33,-4],[-16,-19],[-19,-9],[-33,8],[-11,-6],[1,-23],[-16,7],[5,30],[-27,46],[-14,8],[-19,31],[-20,11],[-14,-2],[-8,20],[-35,-2],[-54,-17],[6,-18],[-15,-9],[-31,2],[-66,13],[-51,-8],[-127,-13],[-35,7],[-36,-11],[-60,6],[-42,21],[-52,-18],[-20,-17],[-29,8],[-17,-8],[-64,-49],[-31,1],[-17,-15],[21,-51],[-1,-37],[-37,-20],[-68,-18],[-9,-35],[-27,-22],[-4,-16],[-45,-55],[-13,-5],[-51,-4],[-3,-13]],[[37771,10398],[-2110,236],[-2560,2216],[-986,-215]],[[22666,21498],[-41,1],[-16,23],[2,34],[-18,37],[-13,13],[-103,38],[-62,55],[-8,45],[-19,33],[-8,32],[-1,60]],[[22379,21869],[0,42],[11,31],[95,82],[40,27],[65,65],[14,27],[11,80],[83,67],[16,40],[-15,71],[13,63],[52,-41],[3,3],[-19,102],[-50,46],[-19,8],[-27,25],[-9,19],[40,58],[-49,13],[43,94],[0,68],[-9,20],[-22,6],[12,27],[7,49],[21,6],[-7,23],[-20,24],[-59,142],[5,4],[117,485],[-4,3],[-203,60],[3,23],[-32,4],[-7,-16],[-113,33],[-296,151],[-369,141],[-74,27],[-86,3],[-86,20],[-56,-4],[-152,52],[-130,25],[3,15],[-93,-5],[-35,-17],[-74,32],[-34,20],[-33,4],[-20,12],[-21,25],[-8,-7],[-50,28],[-9,-4]],[[20743,24270],[-32,1],[-49,19],[-27,28],[-35,27],[-8,-7],[-44,13],[-10,-19],[-156,87],[-78,24],[-20,3],[-235,6],[-81,20],[-24,-1],[-103,-21]],[[19841,24450],[1,57],[273,401],[217,149],[3,36],[25,-3],[-4,16],[-21,-9],[8,90],[69,213],[-4,169],[17,237],[-72,120],[4,64],[-12,20],[1,21],[-14,-4],[-3,14],[19,23],[29,7]],[[20377,26071],[6,-26],[-3,-72],[12,-2],[48,40],[6,30],[22,-3],[20,-19],[22,33],[3,18],[20,-11],[93,25],[26,0],[54,-9],[28,-45],[27,-22],[65,-43],[18,-31],[31,-9],[38,-27],[46,18],[10,15],[19,8],[31,1],[54,-26],[15,-18],[30,-5],[19,12],[15,-8],[34,5],[26,-26],[32,-13],[29,15],[50,12],[19,0],[44,-24],[42,8],[10,-6],[63,9],[24,21],[22,38],[37,1],[27,11],[15,-9],[21,18],[44,2],[14,28],[21,11],[17,24],[56,20],[28,42],[19,11]],[[21846,26093],[22,-2],[27,-33],[20,6],[22,-12],[17,22],[112,-33],[37,-4],[39,-12],[23,-29],[61,3],[23,-15],[45,-3],[26,-14],[41,26],[36,2],[5,10],[39,12],[68,39],[16,22],[40,31],[20,7],[27,-4],[29,-28],[60,-36],[15,21],[14,4],[81,-25],[38,-25],[35,-1],[53,8],[63,-15],[91,-3],[12,-8],[-3,31],[24,-21],[-3,-33],[20,2],[11,-60],[61,-10],[17,23],[22,-3],[2,14],[84,11],[-5,-36],[45,-23],[51,-15],[-12,91],[93,-20],[43,89],[111,-56],[19,108],[32,6],[20,-4],[28,8],[8,-7],[62,-18],[45,24],[12,40],[3,32],[39,-21],[100,-3],[61,9],[35,-2],[42,12],[48,-64],[24,-5],[11,12],[15,-24],[27,1],[40,-10],[16,9],[-3,15],[15,26],[28,4],[7,28],[-12,39],[6,26],[-2,25],[11,5],[-2,24],[-22,31],[5,19],[-18,47],[1,23],[16,15],[38,7],[2,-15],[37,3],[16,30],[44,18],[14,15],[1,37]],[[19841,24450],[-272,-150],[-14,-3],[-168,5],[-24,-5],[-58,-31],[-45,-37],[-18,-9],[-127,-31],[-20,-10],[-61,-45],[-22,-7],[-35,6],[-22,12],[-18,-23],[2,-26],[-32,5],[-23,-33],[-155,-185],[-142,-264],[-230,-51],[-18,-32],[-14,4],[-17,-36],[-14,23],[-8,30],[-52,40],[-139,32],[-15,-70],[10,-37],[-15,-2],[8,-115],[-2,-112],[1,-36],[17,-102],[-12,-53],[-53,-82],[-230,66],[-197,69]],[[17607,23155],[-8,387],[-2,319]],[[17597,23861],[-30,199],[-23,406],[-7,82],[31,326],[6,151],[63,368],[-172,63],[-333,103],[12,45],[49,206],[35,84],[214,167],[13,29],[-19,46],[-29,19],[22,-1],[6,24],[-22,5],[6,44],[-22,-5],[-14,16],[12,20],[-11,14],[-31,13],[-13,15],[7,27],[-13,19],[-41,20],[-33,7],[-21,-3],[-10,25],[-45,31],[-12,32],[-29,-6],[-9,21],[16,23],[3,24],[-30,10],[-21,28],[-22,10],[-2,-30],[-8,0],[-5,55],[-21,17],[-26,5],[-10,-10],[-17,8],[-16,36],[23,9],[-17,28],[-21,-8],[-16,17],[-13,-8],[-5,14],[-34,8],[-57,30],[-12,25],[-24,-11],[-32,8],[-2,20],[25,42],[1,17],[42,-6],[-4,-15],[26,-10],[8,14],[15,-3],[-1,21]],[[16877,26841],[14,0],[-4,17],[25,0],[25,-15],[42,-15],[13,9],[18,-5],[42,4],[24,-5],[9,8],[30,0],[-3,-27],[23,3],[22,-6],[16,-26],[22,0],[11,-10],[-2,-18],[93,-32],[19,-11],[-9,-9],[16,-8],[4,-25],[18,9],[16,-7],[13,16],[53,-2],[9,-31],[-30,-22],[3,-16],[17,-13],[34,27],[47,11],[14,-8],[7,-29],[25,-20],[17,-3],[15,-24],[19,-14],[13,11],[34,-22],[69,62],[98,131],[86,-13],[78,69],[30,21],[38,47],[40,7],[46,70],[3,0],[3,124],[-41,8],[12,55],[30,-2],[18,77],[122,-23],[-35,51],[-19,57],[33,-7],[43,-18],[39,11],[7,10],[102,-14],[161,-68],[66,-17],[18,-17],[43,-8],[31,-17],[64,-10],[41,3],[121,-16],[32,-16],[15,-20],[13,-32],[-34,-80],[16,-1],[30,-45],[37,-84],[10,4],[17,25],[47,83],[131,25],[28,-45],[9,-105],[-48,-53],[24,-35],[13,-27],[26,-28],[19,-11],[56,-2],[81,5],[-7,-50],[151,-4],[4,-59],[-9,-58],[56,22],[7,-28],[14,-5],[36,17],[18,38],[-6,29],[9,19],[8,45],[17,4],[20,65],[24,31],[23,19],[34,17],[20,-1],[47,18],[22,61],[175,169],[-60,146],[73,15],[14,-7],[-1,24],[62,3],[3,-16],[13,16],[63,3],[57,-24],[31,-140],[78,-203],[-16,-273],[9,-36],[-10,-32],[-1,-199],[-7,-1],[8,-40],[0,-68],[15,-26],[-15,-42],[-2,-42],[-20,-15],[-23,4],[-19,14],[-25,6],[-33,-9]],[[17143,21386],[-241,198],[26,111],[-45,212],[-26,129],[-80,368],[-13,24],[141,56],[-33,119],[-9,15],[169,44],[89,10],[-36,90],[522,393]],[[20743,24270],[-9,-30],[9,-2],[-15,-42],[22,-6],[-23,-77],[18,-17],[-29,-191],[-40,10],[-7,-96],[2,-3],[-19,-80],[-16,-2],[-9,-63],[-149,0],[1,-57],[-11,-29],[-5,-63],[-36,-52],[-45,-31],[-49,-66],[-3,-9],[29,-6],[15,22],[40,-4],[11,66],[37,19],[-1,-126],[60,8],[2,52],[25,-9],[-1,-40],[84,-9],[18,5],[51,24],[47,9],[5,-23],[-4,-39],[42,28],[53,25],[-16,-109],[-63,-281],[62,-8],[-52,-110],[-33,-79],[-53,-66],[16,-4],[122,-41],[25,-14],[44,-6],[23,-21],[19,-56],[-15,-15],[87,-5],[53,-19],[38,-10],[3,-16],[23,-1],[11,-20]],[[21137,22485],[-3,-6],[-165,-147],[38,-44],[-120,-108],[-57,35],[-29,-28],[-60,41],[17,21],[-40,24],[-6,-9],[-45,19],[-26,-76],[-57,80],[-17,-2],[64,-253],[-112,-55],[19,-23],[-21,-10],[6,-20],[-57,-28],[19,-67],[-43,-12],[-19,-12],[45,-94],[29,9],[18,-41],[-27,-18],[4,-7],[-53,-28],[7,-6],[-64,-30],[7,-9],[-107,-50],[3,-15],[-79,-38]],[[20206,21478],[-478,183],[-97,-22],[-18,-13],[-42,-1],[-54,-24],[-30,-3],[-4,-11],[-29,-6],[-19,-20],[-54,-8],[-27,-11],[-21,5],[-41,-23],[-14,-26],[-17,-17],[8,-137],[-172,10],[-58,-32],[-10,-14],[-72,28],[21,11],[25,24],[20,28],[-32,25],[-76,-73],[-158,58],[4,14],[-19,20],[-37,-42],[-18,-34],[-36,-83],[-53,-4],[-118,-3],[-20,-50],[-57,26],[-69,-30],[15,-43]],[[20982,20281],[-8,7],[4,45],[-150,19],[-17,4],[17,48],[-142,16],[-4,-19],[-32,-1],[4,26],[-96,15],[-62,21],[-5,-47],[-71,-1],[-4,3],[4,58],[23,-1],[2,18],[-27,4],[-5,-71],[-4,-11],[-32,-3],[-9,63],[-92,-6],[1,14],[-101,-1],[17,165],[-81,-1],[7,59],[2,57],[21,12],[-52,-3],[-45,7],[0,11],[34,-5],[5,23],[13,-4],[30,27],[29,8],[-6,11],[17,7],[9,20],[26,12],[30,44],[65,32],[8,12],[14,74],[10,19],[-7,18],[4,23],[-91,280],[17,10],[2,26],[-48,53]],[[21137,22485],[19,6],[-9,37],[155,-26],[75,-11],[-22,-81],[82,-53],[-53,-151],[-125,-51],[14,-109],[45,21],[48,1],[62,-6],[16,-41],[18,8],[-14,34],[76,-5],[106,-23],[19,-70],[27,-86],[-1,10],[29,4],[-19,-14],[333,15],[63,3],[106,-18],[95,-1],[97,-9]],[[21846,26093],[-36,-6],[-74,92],[-75,79],[-37,10],[-12,-34],[-21,-5],[-31,-49],[-14,-8],[-9,14],[14,14],[1,21],[21,2],[4,28],[-6,35],[28,30],[8,37],[-14,4],[-6,64],[17,23],[14,3],[-13,15],[19,4],[-8,16],[22,27],[29,17],[4,15],[-30,130],[-3,45],[6,91],[27,55],[28,4],[20,18],[-11,44],[51,22],[-15,244],[83,192],[28,-37],[175,-53],[-2,-86],[-4,-27],[86,-29],[23,59],[119,262],[38,183],[3,6],[114,-20],[12,35],[6,49],[-7,62],[23,34],[6,39],[18,16],[13,28],[41,29],[2,29],[-15,24],[-17,77],[-40,5],[-8,77],[51,19],[5,31],[14,18],[29,12],[-14,30],[-32,37],[-3,50],[17,11],[22,-10],[49,40],[27,3],[45,31],[13,24],[-9,23],[35,9],[7,18],[-8,17],[25,14],[17,22],[20,5],[39,-10],[23,19],[38,-9],[19,-30],[41,-34],[21,-11],[23,12],[22,-18],[48,-11],[18,20],[-13,28],[8,40],[29,8],[27,-2],[32,-20],[15,-31],[-1,-17],[26,-24],[77,12],[37,17],[8,36]],[[23288,28527],[92,8],[59,3],[77,-4],[39,7],[16,17],[11,-4],[62,4],[43,17],[60,6],[-9,-54]],[[23288,28527],[11,22],[-17,44],[-22,21],[-4,26],[-28,58],[9,35],[-3,40],[-48,27],[-18,1],[-44,20],[-52,2],[-25,12],[-55,6],[-35,16],[-55,12],[-71,33],[-160,31],[-100,40],[-46,23],[-60,11],[-24,12],[-10,19],[-23,15],[-24,4],[-39,30],[27,57],[1,29],[-10,41],[-30,29],[-26,36],[-52,93],[16,157],[25,19],[-8,56],[-24,9],[-12,16],[-28,6],[4,11],[-66,39],[-10,28],[-15,21],[1,18],[-16,23],[26,61],[1,31],[12,53],[-9,33],[14,25],[17,10],[34,36],[12,-2],[11,15],[10,67],[-54,26],[-31,25],[-21,8]],[[22144,30163],[17,87],[7,-2],[20,107],[68,83],[-12,20],[-59,61],[-74,33],[39,122],[46,119],[44,-27],[36,0],[45,14],[82,-11],[26,-6],[19,-29],[66,-34],[24,-27],[27,34],[9,28],[20,11],[17,19],[-1,18],[19,5],[-2,22],[13,30],[-8,7],[22,23],[35,-6],[29,-21]],[[22718,30843],[17,-46],[-2,-18],[27,-21],[5,-16],[68,-7],[49,-44],[41,-18],[33,14],[31,-14],[33,2],[-7,-23],[8,-24],[22,-16],[25,-3],[37,-17],[7,-28],[30,-33],[49,-37],[-4,-3],[49,-35],[15,0],[-1,61],[-6,44],[9,15],[23,-7],[24,14],[1,18],[19,11],[0,34],[14,7],[55,-11],[32,-34],[22,-1],[8,-11],[35,-6],[15,-21],[76,-53],[50,-25],[29,-10],[44,-51],[28,-2],[204,-5],[12,29],[62,26],[5,24],[21,8],[22,24],[8,19],[52,-5],[7,16],[25,1],[30,21],[2,27],[36,16],[10,12],[22,7],[13,-12],[24,0],[60,19],[18,0],[48,-31],[48,26],[11,26],[25,4],[27,23],[19,-6],[19,24],[0,18],[27,14],[38,-15],[30,18],[14,-6],[56,28],[35,41],[44,-11],[13,-25],[17,-17],[-1,-47],[149,67],[35,17],[69,27]],[[22872,33030],[-2,-28],[62,-47],[35,-14],[19,-37],[34,-17],[34,-4],[4,-22],[19,-27],[-7,-16],[-28,-15],[-17,0],[-39,-30],[0,-21],[11,-23],[13,-7],[-12,-14],[28,-17],[43,-3],[0,29],[28,-6],[-5,-20],[14,0],[-21,-19],[29,-40],[32,-3],[9,-21],[25,18],[1,-17],[-16,-10],[29,-46],[33,1],[-2,-59],[9,-13],[10,-43],[-17,-40],[17,-21],[16,7],[22,-20],[-5,-16],[18,-16],[-8,-35],[57,-40],[7,-16],[-10,-15],[8,-13],[-11,-21],[23,-30],[-10,-22],[26,-63],[16,-13],[23,-42],[30,-4],[50,-32],[-2,-17],[39,-36],[2,-36],[-22,-43],[-159,-169],[-21,-15],[-19,-25],[-36,-32],[-17,16],[-45,64],[-15,11],[-31,3],[-38,-9],[-34,10],[-69,-3],[-33,-33],[-17,-36],[-19,-65],[-14,-33],[-45,-86],[-24,-52],[-4,-63],[2,-17],[0,-89],[17,-41],[22,-17],[21,-31],[-18,-8],[-19,8],[-82,14],[44,-185],[-4,-20],[-61,-51],[-77,-58]],[[22144,30163],[-17,12],[-18,26],[-41,5],[-49,23],[-28,36],[-52,24],[-20,17],[-24,31],[-15,31],[-41,3],[-56,29],[-15,20],[-36,14],[-60,8],[-40,24],[-27,23],[-56,26],[-41,30],[-21,2],[-36,15],[-37,-6],[-43,1],[-29,-31],[-59,-17],[-7,-27],[4,-12],[-10,-28],[-21,-25],[-37,-6],[-40,-51],[-29,-9],[-10,-22],[-15,3],[-7,22],[-33,1],[-39,-43],[-31,-6],[-19,-17],[-34,-4],[-15,8],[-2,29],[-18,6],[12,9],[-33,25],[-22,-19],[-24,1],[-7,-12],[-24,0],[-30,-15],[-14,11],[-18,-14],[-32,-8],[-17,-17],[-9,-61],[-18,4],[-22,-9],[-2,-11],[28,-8],[-2,-8],[-29,5],[-53,-6],[-12,15],[-16,-8],[-14,14],[-1,-35],[-26,-25],[-27,-6],[-49,-19],[-15,-31],[-39,-4],[-54,16],[-23,-10],[-14,10],[-17,-2],[-29,-22],[-60,-17],[0,-20],[-16,-9],[-76,-3],[-40,14],[-19,-7],[-18,30],[-11,5],[-47,-21],[-24,-34],[-38,9],[-23,-20],[-13,6],[-7,23],[-59,6],[-41,9],[-32,-4],[-24,18],[3,20],[-24,-12],[-9,6],[18,26],[-23,11],[-7,15],[-80,7],[-43,0],[-21,-14],[-34,9],[4,24],[-15,12],[-47,16],[-13,-8],[-37,-1],[-13,18],[-19,1],[-21,-13],[-33,32]],[[19306,30222],[29,28],[13,25],[33,22],[16,24],[12,38],[-9,56],[11,35],[14,23],[5,38],[23,28],[-17,8],[0,17],[26,68],[-46,62],[-12,45],[-14,72],[-25,30],[-78,119],[-48,64],[-53,80],[-29,76],[16,72],[19,21],[40,4],[33,-21],[90,12],[27,10],[-27,0],[-13,29],[3,24],[-15,86],[1,39],[20,37],[2,69],[9,84],[21,37],[-30,41],[-21,50],[4,21],[31,24],[15,30],[24,15],[18,36],[-2,52],[17,78],[-1,33],[9,18],[20,15],[28,46],[-4,40],[-30,16],[-15,16],[-70,21],[-33,24],[-15,29],[-14,-15],[-18,8],[9,25],[-21,14],[9,5],[27,63],[70,39],[-4,38],[-18,39],[9,12],[-16,34],[15,65],[-5,41],[4,9],[-5,40],[-9,24],[-40,194],[-61,276],[38,149],[-121,31],[9,126],[152,1],[21,82],[18,46],[55,123],[131,-24],[9,68],[95,-18],[61,-60],[98,-47],[83,-220],[9,-4]],[[19918,33452],[-32,-24],[32,-39],[-22,-15],[47,-72],[76,-87],[-61,-37],[49,-15],[-2,-15],[55,-8],[14,5],[87,-124],[101,205],[91,-44],[50,93],[51,-1],[6,-11],[29,-14],[30,-22],[54,-26],[5,-15],[31,-30],[32,-17],[40,4],[34,-34],[100,-30],[35,-39],[51,-9],[-4,-10],[21,-7],[15,-17],[14,2],[56,-32]],[[21003,32967],[73,-32],[25,-467],[-29,10],[-55,41],[-73,34],[-8,-37],[6,-24],[-2,-62],[22,-40],[22,-52],[11,2],[7,-19],[19,-2],[10,-20],[-7,-27],[24,-26],[69,7],[6,-9],[33,20],[16,16],[18,-9],[34,21],[19,23],[20,5],[-70,52],[173,47],[12,-6],[39,-49],[97,-77],[59,96],[4,-2],[48,77],[23,24],[23,15],[16,-1],[9,-15],[93,-210],[48,18],[27,-78],[45,-1],[17,-22],[67,10],[14,7],[81,25],[4,-19],[51,-10],[4,-18],[17,-5],[79,2],[5,39],[1,81],[49,4],[-2,47],[40,17],[27,-31],[14,2],[44,23],[31,-15],[17,-53],[3,-25],[21,-2],[5,16],[39,-11],[20,-14],[34,16],[-14,85],[4,16],[62,26],[54,-19],[41,27],[11,20],[-4,44],[21,54],[24,22],[27,-23],[43,30],[83,33],[-8,15],[-77,5],[-9,-5],[-8,23],[7,13],[-14,47],[-4,34],[-13,8],[-38,-21],[-44,3],[-18,-5],[-10,70],[4,18],[-31,12],[-8,13],[-20,56],[-33,-7],[-35,-26],[-14,9],[11,96],[-18,13],[-45,81],[-39,60],[-71,37],[-20,5],[11,24],[-62,24],[-6,-15],[-139,85],[-5,14],[12,27],[-28,28],[86,121],[-158,49],[-52,-57],[-53,10],[16,17],[-45,11],[-17,-19],[-42,13],[12,76],[60,51],[41,12],[44,-15],[17,68],[-35,1],[0,74],[-56,2],[-38,-32],[-29,40]],[[21922,33752],[44,32],[-23,61],[49,32],[-12,67],[23,2],[35,50],[5,38],[15,30],[39,57],[11,122],[-56,8],[-21,30],[-20,-1],[-17,24],[-28,25],[-23,0],[-45,74],[-10,5],[13,62],[-25,52],[-2,35],[-21,42],[-21,22],[136,21],[22,116],[101,-69],[5,-41],[174,9],[3,25],[27,-1],[-11,-23],[38,2],[1,16],[25,-5],[21,14],[14,35]],[[21003,32967],[5,62],[67,71],[3,8],[1,60],[-26,55],[-8,80],[-1,96],[-5,22],[-1,53],[38,62],[13,1],[-3,25],[60,-1],[2,42],[24,4],[20,19],[11,36],[25,10],[22,-28],[23,-18],[215,-8],[168,7],[78,-4],[1,7],[56,-9],[46,10],[-3,23],[3,53],[32,21],[24,25],[29,1]],[[19918,33452],[52,-19],[13,-33],[30,159],[38,274],[11,153],[59,82],[-56,204],[-103,426],[0,4]],[[19962,34702],[179,62],[162,84],[141,58],[39,-7],[98,-10],[58,-20],[34,189],[-47,49],[139,4],[95,62],[74,67],[184,75],[102,-60],[179,-5],[197,49],[28,127]],[[19962,34702],[-6,23],[-26,22],[-21,40],[-25,12],[6,8],[-29,16],[-1,18],[-18,3],[-11,29],[-10,-4],[-25,24],[-29,0],[0,11],[-21,6],[3,13],[-24,3],[-25,-9],[-4,13],[-25,-3],[-25,-15],[-21,15],[-40,5],[-83,-4],[-20,14],[-25,-1],[-13,11],[-22,-14],[-7,18],[-26,-9],[-30,30],[-33,24],[-31,15],[-31,9],[-56,6],[-8,8],[-107,7],[-44,-8],[-16,-19],[-24,2],[-17,14],[-20,-5],[-33,15],[-20,-9],[-38,2],[-7,14],[-19,-10],[4,-12],[-18,-11],[-18,10],[-28,-15],[-46,7],[-34,16],[-3,18],[-22,-8],[-43,19],[-10,-15],[-52,-7],[-20,6],[-22,-12],[-24,22]],[[18519,35060],[-1,114],[-33,-26],[-7,28],[-1,171],[39,8],[-1,69],[-131,76],[-128,70]],[[18256,35570],[-33,437],[-46,205],[-23,52],[-12,37],[33,22],[0,29],[-11,36],[-7,56],[-14,57],[9,72],[75,59],[59,18],[48,20],[57,4],[40,16],[22,29],[24,13],[34,-1],[24,-18],[43,-2],[44,28],[63,27],[57,1],[37,27],[43,15],[90,-33],[121,-60],[119,-57],[112,-186],[17,-36],[63,14],[62,22],[141,-17],[-8,56],[2,19],[-54,75],[100,59],[123,129],[-15,247],[0,127],[9,338],[-34,122],[130,110],[101,-11],[179,181],[12,-6],[-2,20]],[[20090,37922],[70,-25],[67,-40],[38,-31],[74,-66],[89,-13],[64,-28],[25,-5],[27,-15],[52,-12],[28,-18],[26,1],[9,-15],[45,-14],[13,3],[-32,-135],[8,-29],[-5,-21],[-34,-287],[43,-200],[-24,-28],[-115,66],[-18,61],[-46,-4],[-36,-62],[4,0],[13,-64],[66,13],[47,-23],[4,-118],[39,-32],[-75,-42],[173,9],[134,135],[36,-17],[202,-106],[62,30]],[[21163,36790],[19,-73],[-52,-263],[85,-35],[-2,-194],[4,-55],[-17,-77],[-23,-83],[38,-32],[-14,-241],[152,16],[245,-13],[81,5],[4,-44]],[[16877,26841],[7,19],[-2,30],[96,280],[20,201],[-131,45],[-76,61],[-215,618],[63,-4],[133,-49],[20,-3],[110,16],[52,-6],[22,13],[71,132],[51,185],[43,67],[35,79],[8,7],[90,35],[23,5],[70,-4],[50,-29],[20,-4],[57,4],[40,-12]],[[17534,28527],[36,-15],[74,-11],[75,-16],[36,-3],[67,16],[19,-10],[42,-10],[32,4],[61,-18],[32,-6],[52,-17],[45,-28],[14,-1],[59,20],[17,-6],[59,-50],[28,-2],[23,23],[37,13],[39,-1],[51,-16],[33,9],[29,36],[-3,25],[-17,-1],[-2,27],[-29,-11],[-5,62],[-27,40],[-9,57],[45,30],[-13,102],[31,-4],[54,4],[-9,37],[105,20],[2,75],[41,-13],[47,110],[43,-17],[63,-13],[21,62],[186,2],[-1,25],[17,139],[91,182],[4,12],[25,8],[155,24],[-5,29],[18,37],[13,44],[-20,123],[-25,12],[-24,119],[-13,35],[-25,26],[-17,49],[-98,-19],[-7,23],[-20,-1],[-18,62],[85,42],[5,27],[63,-4],[-8,33],[-38,42],[-53,5],[10,39],[-24,13],[-31,8],[-131,17],[-44,3],[-154,-6],[-9,-4],[-39,62],[1,22]],[[18701,30260],[62,3],[38,-5],[15,-16],[35,6],[41,-29],[28,0],[41,9],[22,15],[45,16],[24,-16],[33,1],[16,-7],[29,-25],[17,7],[-4,13],[11,28],[26,-1],[4,-14],[18,16],[22,-4],[7,-19],[-14,-18],[37,17],[16,-1],[9,-16],[27,2]],[[18701,30260],[-45,3],[-21,-7],[-19,-26],[-44,2],[-6,28],[-22,1],[-20,-10],[-35,4],[-4,-14],[-27,1],[-10,-17],[-26,10],[-16,-22],[-25,1],[-39,-50],[-29,-1],[-2,34],[-12,3],[-49,-16],[-29,-14],[-4,-14],[-21,-5],[-14,-24]],[[18182,30127],[-6,-2],[-40,97],[50,31],[49,19],[29,34],[11,33],[-5,24],[-31,16],[2,70],[-64,-1],[-36,-5],[-8,47],[6,14],[32,38],[40,109],[-5,22],[-26,42],[-114,264]],[[18066,30979],[18,70],[-80,78],[10,46],[8,0],[21,24],[5,25],[-6,12],[-24,5],[-12,11],[-30,-7],[14,208],[-153,51],[-25,26],[-25,1],[-37,20],[14,60],[10,-6],[52,68],[-115,62],[18,24],[17,-3],[23,58],[-91,11],[20,130],[74,-27],[15,146],[-7,35],[-84,8],[4,73],[122,-29],[55,97],[-23,29],[-18,-7],[-29,11],[-4,15],[-33,6],[14,28],[-1,25],[-12,72],[24,2],[0,17],[-25,-8],[0,15],[49,42],[137,-15],[2,41],[56,-11],[7,111],[-21,0],[-3,21],[-32,-21],[2,46],[132,394],[42,117],[-22,20],[-161,253],[-82,83],[-115,265],[51,-17],[60,-2],[57,230],[-113,-28],[-6,37],[-47,81],[142,37]],[[17905,34145],[190,50],[17,-7],[22,117],[-66,53],[27,57],[139,-78],[53,-40],[18,65],[-16,0],[58,94],[-3,21],[-18,-29],[-36,23],[-3,-4],[-41,25],[-11,-11],[-12,11],[12,11],[-7,12],[96,103],[1,-9],[46,30],[70,24],[1,65],[24,13],[45,-31],[1,-16],[86,8],[-10,76],[-9,38],[-98,230],[9,12],[14,-6],[15,8]],[[17534,28527],[11,60],[63,293],[-400,-14],[-83,81],[-8,30],[265,116],[7,15],[-54,219]],[[17335,29327],[16,9],[52,49],[-1,19],[14,14],[8,28],[26,39],[14,4],[48,-36],[31,-12],[9,11],[41,9],[24,24],[18,5],[24,18],[-5,46],[13,19],[25,13],[29,2],[20,20],[-13,23],[21,15],[21,-11],[31,14],[13,18],[-3,14],[15,18],[-15,30],[17,8],[-9,56],[2,14],[24,75],[17,13],[51,-10],[100,31],[14,26],[-4,28],[-22,50],[11,30],[37,24],[40,15],[48,-26],[34,7],[27,25],[-16,32]],[[18066,30979],[-241,11],[-10,-143],[-73,4],[11,122],[-152,-35],[-65,43],[-8,38],[-2,45],[-22,21],[-78,-34],[-11,8],[7,-74],[-120,-19],[22,-70],[-260,-55],[10,-34],[-79,-33],[-12,64],[-80,-40],[-4,13],[-68,-25],[-93,8],[-212,-11],[-9,22],[3,26],[-77,42],[9,20],[14,-5],[68,150],[-123,10],[-38,89]],[[16373,31137],[44,32],[41,11],[41,18],[-11,97],[47,-2],[1,70],[79,0],[25,10],[-7,48],[25,11],[-211,192],[-45,32],[-15,21],[15,12],[-7,16],[12,12],[-22,22],[22,41],[17,4],[15,16],[-12,25],[20,1],[33,22],[-13,22],[15,15],[-33,37],[-8,16],[-74,203],[-18,64]],[[16349,32205],[-39,140],[-195,86],[-80,43],[-271,82]],[[15764,32556],[62,238],[32,-19],[112,-31],[125,-95],[-24,84],[68,20],[-21,56],[58,8],[39,16],[5,-9],[18,11],[43,3],[41,-175],[16,-24],[54,9],[-17,110],[127,21],[-2,78],[38,-2],[7,32],[88,-15],[7,90],[26,101],[-42,33],[-13,114],[-7,35],[1,38],[507,149],[22,-56],[23,4],[4,33],[38,125],[2,26],[73,-1],[109,163],[35,82],[-38,23],[-198,36],[-73,-18],[-50,95],[-6,-12],[-72,-20],[-5,-8],[-27,-3],[-11,-13],[-11,11],[-13,-8],[-10,11],[-15,-12],[-26,111],[-152,341],[-122,273]],[[16589,34615],[14,6],[-32,84],[13,69],[45,10]],[[16629,34784],[-13,-28],[440,-501],[113,-144],[392,202],[1,4],[343,-172]],[[16629,34784],[59,123],[22,30],[41,40],[35,-3],[47,55],[43,44]],[[16876,35073],[8,7],[188,16],[73,139],[-89,79],[87,133],[3,17],[-26,21],[-24,-2],[5,21],[-26,15],[5,24],[-9,48],[-12,13],[-16,62],[-16,-3],[-4,27],[-13,17],[-22,9],[-11,26],[-21,-1],[2,25],[-29,-2],[-9,34],[-22,-5],[-6,10],[8,19],[-30,1],[2,37],[-27,13],[-36,27],[4,17],[-25,11],[-1,35],[-26,9],[-19,-14],[-7,26],[-18,-5],[-15,11],[8,26],[93,169]],[[16803,36185],[402,-98],[14,-110],[259,-116],[-43,-165],[42,-1],[141,-25],[189,4],[88,-18],[181,-45],[180,-41]],[[17335,29327],[-28,-6],[-40,11],[-82,55],[-38,-8],[-32,2],[-6,-34],[-15,-13],[-35,-12],[-5,-40],[-17,11],[-55,10],[-17,22],[-14,-17],[-23,5],[-14,-22],[-30,22],[-16,-5],[-24,16],[-51,-33],[-8,12],[-23,6],[-23,-13],[-20,17],[-53,2],[-43,-6],[-4,16],[34,24],[-7,18],[-16,1],[4,26],[-31,-3],[-14,-24],[-46,-14],[-14,1],[-13,17],[-17,2],[-6,-29],[-18,-12],[-6,-17]],[[16469,29315],[4,55],[16,43],[-3,22],[1,69],[-19,71],[-21,119],[2,159],[-73,0],[-9,217],[85,53],[44,15],[-21,23],[-62,-3],[-54,-39],[-52,-2],[-34,10],[-37,-2],[-54,23],[-13,10],[-43,14]],[[16126,30172],[12,25],[3,80],[11,123],[2,72],[-2,29],[-12,35],[-23,-10],[-2,17],[-14,-1],[88,161],[26,-14],[27,50],[-19,7],[12,30],[-21,16],[-70,41],[15,46],[-9,16],[73,86],[67,54],[38,56],[19,5],[26,41]],[[16126,30172],[-32,16],[-71,59],[-21,-25],[11,-1],[13,-286],[-6,-25],[-131,19],[-53,-8],[2,14],[-33,1],[-11,27],[-41,0],[-8,-19],[-53,-5],[-40,24],[-43,-22],[-5,12],[-30,4],[14,31],[-44,0],[-22,10],[10,28],[-16,49],[2,47],[10,31],[-57,21],[5,33],[-135,49],[-59,-64],[-29,42],[-27,50],[-138,-52],[-119,-9]],[[14969,30223],[-89,152],[-144,73],[8,10],[-34,23],[-14,-13],[-36,18],[89,244],[40,70],[73,98],[18,-24],[-14,-18],[21,-20],[6,9],[27,-51],[17,12],[-14,41],[16,9],[-7,27],[8,32],[44,2],[6,23],[34,-13],[22,78],[51,-16],[7,17],[30,-13],[11,31],[39,-13],[12,56],[-123,-1],[1,4],[-153,-2],[0,15],[112,48],[-8,50],[41,22],[-12,114],[-59,4],[1,-13],[-144,8],[-28,-62],[-118,14],[12,31],[-68,28],[-58,2],[51,151],[48,-4],[16,53],[-72,37],[-3,33],[-57,19],[7,18],[58,-31],[35,98],[15,-5],[16,45],[-11,15],[34,98],[-86,132],[-37,49],[-18,17],[20,20],[38,53],[10,-7],[15,144],[17,11],[1,-25],[16,-38],[86,-11],[16,-24],[47,-34],[50,-10],[23,-11],[38,0],[17,-17],[106,-44],[48,-6],[86,-39],[39,-5],[67,6],[-1,23],[28,-6],[23,15],[31,-6],[44,12],[387,107],[309,26],[1,-16],[17,2],[-2,15],[184,16]],[[10316,30060],[-144,37],[-190,105],[-78,68],[-58,41],[-151,91],[-84,19],[-74,13],[-122,197],[-152,250],[-119,167],[-320,274],[-231,99]],[[8593,31421],[174,56],[185,26],[166,68],[-6,37],[49,-37],[73,-39],[7,14],[-16,14],[-25,4],[-5,23],[18,10],[30,1],[3,18],[30,22],[16,-12],[11,6],[-5,17],[5,28],[77,33],[21,-6],[27,-25],[24,0],[11,-18],[23,-2],[12,-13]],[[9498,31646],[11,29],[52,-8],[26,5],[4,28],[-5,24],[23,35],[12,1],[74,56],[23,-22],[4,22],[13,8],[9,31],[135,2]],[[9879,31857],[7,-34],[40,-360],[7,-73],[-6,-62],[-16,-67],[9,-2],[12,55],[28,1],[0,-9],[51,3],[4,-27],[45,11],[49,0],[105,-23],[7,-13],[177,-41],[55,-5],[-1,-5],[135,-15],[30,0],[9,-88],[-27,-3],[10,-59],[70,10],[5,-3],[-13,-41],[31,0],[25,14],[34,10],[9,-21],[-22,-2],[2,-9],[-41,-5],[-31,-18],[-54,-41],[13,-24],[-22,-4],[-9,17],[-10,-4],[24,-42],[-17,-11],[9,-28],[43,-3],[-6,-43],[9,-7],[-46,8],[-34,-11],[-6,25],[23,5],[-5,18],[14,3],[-8,32],[-17,33],[-82,-25],[-1,5],[-116,-22],[-1,-19],[11,-13],[17,-61],[-9,-3],[8,-27],[-60,-16],[56,-33],[37,-16],[-79,-119],[-127,-97],[75,-324],[8,-69]],[[9879,31857],[24,1],[13,62],[34,65],[-6,56],[80,7],[3,-74],[-11,-69],[4,-7],[38,-11],[33,2],[34,15],[25,20],[-18,14],[-8,22],[11,35],[30,52],[-16,29],[21,9],[36,35],[-12,1],[-14,132],[65,11],[16,11],[10,-6],[130,24],[124,8],[59,17],[-10,23],[65,75],[35,80],[-85,11],[-10,-22],[-16,7],[9,19],[18,-2],[55,123],[58,-4],[5,57],[58,-55],[9,-18],[19,5],[47,72],[94,-40],[18,-10],[64,-3],[-34,-77],[-13,4],[-5,-23],[56,10],[-12,-41],[15,0],[8,30],[33,1],[2,22],[-87,-15],[39,87],[26,-21],[70,27],[159,30],[132,113],[-8,43],[44,9],[8,-43],[218,41],[54,20],[20,-14],[106,20],[5,-25],[21,6],[13,-35],[-82,-15],[-45,-82],[-31,-70],[98,5],[53,-1],[93,11],[-36,35],[-7,31],[38,2],[1,-10],[63,6],[122,136]],[[12154,32853],[17,-39],[212,146],[181,71],[118,52],[58,38],[253,156],[143,65],[260,-89],[78,-21],[27,-3]],[[13501,33229],[27,-24],[30,-44],[9,-36],[-2,-61],[-10,-30],[-31,-56],[-32,-20],[-25,-9],[-85,-47],[-7,-37],[-11,-25],[9,-32],[-5,-25],[-19,-60],[5,-54],[19,-31],[2,-59],[-17,-10],[-10,-21],[18,-50],[-20,-7],[-35,13],[-12,-20],[-29,13],[-60,-11],[-42,26],[-19,-5],[-1,-13],[-52,0],[-45,31],[-10,29],[-36,3],[-299,-110],[-20,-12],[-20,-32],[10,-26],[-9,-23],[-28,-16],[-10,7],[-38,-6],[-3,-17],[-23,-41],[-7,4],[-22,-27],[1,-19],[-14,-6],[-26,-35],[-12,-27],[-4,-47],[-26,-23],[-24,-35],[-5,-50],[4,-11],[32,-26],[0,-31]],[[12462,31948],[-28,-13],[-30,1],[-53,48],[-53,-6],[-37,3],[-28,-8],[-33,4],[-23,-25],[-19,7],[2,16],[-32,10],[-61,-3],[-179,29],[-115,-25],[8,-100],[-17,-18],[-12,3],[11,-142],[-27,0],[-178,-11],[-88,-78],[-27,3],[-24,32],[-50,37],[-49,17],[-19,-39],[-66,48],[-24,-29],[-60,-83],[97,-48],[-1,-30],[24,7],[5,-33],[14,-18],[-4,-25],[-18,-10],[-44,-48],[-14,-57],[43,-88],[3,-24],[-26,-51],[-24,-75],[9,-31],[-12,-36],[-4,-29],[-15,-51],[3,-38],[-18,-68],[-17,-7],[14,-26],[17,-15],[22,-7],[42,20],[13,-18],[-14,-24],[-12,8],[-6,-15],[-34,-18],[-12,-20],[10,-7],[-5,-132],[-30,-188],[-85,-970]],[[11072,29454],[-485,413],[-117,65],[-154,128]],[[8593,31421],[-34,-11],[-59,15],[-121,18],[-99,5],[-112,2],[-60,-2],[-30,3],[-133,5]],[[7945,31456],[78,366],[10,58],[-11,99],[-29,180],[-7,30],[-42,116],[-43,94],[-46,96],[-33,52],[-63,79],[-24,23],[-77,66],[-48,26],[-165,60],[-108,25],[-260,30],[-38,0],[-60,340],[-81,181],[-42,72],[-24,27],[-49,89],[-58,113],[-56,162],[1,52],[80,192],[111,234]],[[6861,34318],[539,-15],[89,-85],[65,26],[51,40],[17,23],[18,12],[45,13],[37,23],[38,29],[18,40],[9,42],[4,74],[17,42],[10,13],[34,21],[32,9],[31,2],[73,-4],[36,6],[37,26],[43,8],[33,24],[51,83],[29,36]],[[8217,34806],[54,-56],[23,-19],[-13,-27],[-10,-65],[123,-75],[18,20],[156,-131],[156,-129],[78,-67],[281,-180],[-18,-60],[-48,-170],[-60,-204],[200,-91],[115,-84],[116,-46],[62,76],[21,14]],[[9471,33512],[-2,-111],[3,-53],[17,-76],[18,-59],[5,2],[36,-121],[67,-211],[-4,-5],[42,-96],[-88,-80],[-14,-40],[-47,-59],[-57,-84],[-34,-64],[17,-37],[-4,-39],[-18,-49],[-27,-9],[-48,-36],[-12,-29],[4,-18],[-20,-41],[9,-30],[40,-13],[27,-52],[3,-44],[52,-147],[11,-40],[12,-86],[-6,-20],[-28,-31],[22,-29],[59,-20],[-8,-39]],[[9471,33512],[29,19],[78,-6],[58,-45],[49,-53],[61,-80],[22,-22],[45,102],[-18,64],[-72,107],[-31,48],[-23,29],[-83,131],[-12,13],[260,76],[24,5],[46,19],[13,24],[32,34],[14,37],[59,41],[6,42],[-16,25],[3,17],[28,40],[10,24],[-32,19],[-18,45],[-24,24],[-15,-5],[-27,29],[-53,37],[2,18],[29,-15],[50,27],[13,18],[23,12],[18,25],[35,14],[44,-16],[14,-31],[29,-13],[41,3],[64,-12],[31,-17],[45,-5],[37,45],[12,9],[36,8],[121,35],[156,43],[116,16],[250,-36],[228,-53]],[[11278,34427],[89,-108],[200,-237],[54,-158],[0,-9],[-55,0],[-73,-25],[-36,-53],[46,-40],[74,-41],[11,5],[24,-13],[22,11],[41,-8],[29,-15],[29,-54],[18,-19],[17,-32],[13,-50],[33,-68],[25,-12],[12,-19],[41,-43],[24,-7],[50,-22],[40,-7],[26,-23],[12,-36],[31,-22],[15,-19],[20,-11],[17,-55],[-1,-25],[-17,-22],[-21,-51],[6,-26],[-4,-26],[2,-86],[62,-148]],[[11072,29454],[39,-59],[78,-105],[122,-401],[15,-41],[109,-150]],[[11435,28698],[1,-34],[69,-492],[12,-45],[249,-833]],[[11766,27294],[-3,-45],[-561,-367],[-127,-78],[-221,-127],[-302,-216],[-579,-393],[-69,-42],[-165,-110],[-546,-347],[-272,-176],[-847,-582],[-808,-596]],[[7266,24215],[-940,-161],[-3387,-520],[-2939,-414]],[[0,23120],[0,6144]],[[0,29264],[6850,522],[911,1227],[184,443]],[[12462,31948],[28,-53],[43,-10],[27,-13],[-19,-62],[36,-29],[-5,-19],[22,-10],[14,4],[-3,-26],[26,8],[16,-191],[33,3],[4,-47],[61,-22],[-16,-18],[24,-13],[-22,-99],[38,-12],[3,-81],[-12,-11],[-18,30],[4,33],[-23,1],[-19,-91],[13,-63],[-29,-5],[-14,-15],[11,-15],[55,2],[9,-22],[7,-62],[-35,-12],[-16,-23],[10,-18],[15,-7],[14,26],[14,10],[9,-50],[28,-56],[1,-18],[12,-9],[9,-49],[20,-68],[18,-26],[30,-109],[1,-14],[-42,-64],[9,-34],[-30,-32],[-33,11],[-21,16],[-19,3],[-9,-22],[12,-23],[29,-1],[11,-15],[-8,-26],[-22,-21],[-25,-13],[-11,-23],[-18,0],[-19,27],[-30,0],[-48,-30],[-25,-32],[-29,-1],[-23,-12],[-15,-30],[54,-56],[4,-14],[-25,1],[-84,14],[-4,-24],[24,-35],[8,-24],[-7,-21],[-39,-5],[-25,29],[-17,8],[-23,-10],[-3,-40],[-35,-41],[-7,-18],[6,-32],[17,-28],[44,-23],[39,-33],[38,-47],[-7,-30],[-67,-85],[-17,-66],[-461,-711],[-78,-116]],[[11855,28888],[-420,-190]],[[14969,30223],[83,-146],[-70,-112],[-103,-162],[-7,-113],[-75,1],[-108,-10],[-82,48],[-85,-7],[-5,4],[-249,-43],[-12,81],[-38,-23],[3,-7],[-36,-42],[-40,-9],[-51,-117],[-36,-93],[74,6],[1,-57],[-55,-1],[-4,-14],[-45,27],[-69,5],[9,38],[-22,20],[-7,-90],[-19,-32],[-27,-3],[-53,20],[-15,-36],[-27,8],[-22,21],[-59,11],[0,12],[-35,-5],[-47,-24],[-37,-3],[-32,11],[-34,-8],[-8,-22],[-16,-11],[-41,0],[-23,-7],[-12,-12],[-3,-38],[-19,-19],[-19,9],[-17,-8],[-3,-36],[-67,17],[-3,-16],[-12,11],[-18,-11],[-33,-1],[-10,18],[-25,1],[-2,-8],[-36,-13],[-1,-12],[-27,9],[-27,1],[-6,-10],[-23,-2],[-6,11],[14,13],[-25,10],[-15,-11],[-14,-26],[-14,9],[-4,-22],[-17,-10],[2,-15],[-27,-1],[-7,23],[-21,6],[-23,-26],[-19,0],[-23,-44],[-26,16],[-16,-1],[-10,30],[-22,12],[-8,45],[-16,7],[-17,-14],[-20,2],[-17,13],[-23,3],[-6,21],[-77,-27],[-115,-107],[-286,-190],[-369,-58]],[[13501,33229],[-129,115],[1,48],[79,22],[192,-33],[-4,-39],[195,-166],[137,-119],[13,-31],[-1,-48],[5,-21],[23,-30],[7,7],[27,-20],[32,-12],[17,-20],[8,3],[27,-41],[-1,-25],[27,-22],[24,-9],[-2,16],[11,16],[-10,14],[24,5],[4,23],[29,18],[3,30],[36,10],[-1,24],[-19,9],[10,20],[18,4],[9,39],[-7,9],[8,49],[21,6],[14,18],[-3,20],[17,1],[13,-13],[18,28],[-6,21],[-18,-12],[-12,13],[26,12],[26,1],[-6,14],[11,16],[4,-17],[21,3],[25,14],[-7,20],[-15,11],[14,19],[-6,8],[11,27],[23,7],[-17,21],[9,29],[29,43],[23,-3],[5,-17],[17,26],[17,9],[22,0],[-1,25],[26,-1],[32,24],[24,23],[9,23],[30,17],[25,-17],[22,24],[-4,19],[11,9],[14,-15],[18,5]],[[14775,33535],[10,-30],[29,-28],[165,-106],[18,-76],[46,-10],[59,-24],[99,-122],[33,-7],[65,-36],[20,4],[38,-17],[50,-32],[3,-18],[87,-118],[39,-87],[37,-58],[74,-28],[-19,-63],[-15,-76],[30,-12],[121,-35]],[[14775,33535],[15,12],[11,28],[26,12],[-5,17],[15,10],[-10,16],[12,35],[14,0],[9,16],[-1,20],[27,23],[-1,36],[-17,12],[14,21],[-19,12],[13,16],[-8,54],[1,63],[47,103],[15,22],[5,23],[2,69],[13,22],[-6,17],[13,-1],[11,42],[13,20],[14,4],[-9,13],[-16,-14],[13,25],[-11,12],[26,14]],[[15001,34309],[54,19],[43,0],[13,14],[71,10],[25,-12],[19,1],[18,18],[14,2],[8,21],[26,10],[22,18],[43,-6],[127,48],[106,41],[-30,50],[313,72],[208,46],[127,29],[222,49],[93,21],[66,-145]],[[15001,34309],[-32,55],[-25,6],[-1,23],[16,44],[12,0],[-5,21],[9,22],[33,40],[-11,14],[0,29],[-12,19],[28,27],[4,13],[-12,13],[16,1],[-25,46],[-45,-10],[-26,9],[-4,12],[-30,-20],[-8,19],[-35,-5],[-30,50],[-46,55],[-49,37],[-41,18],[-1,26],[-69,31],[55,215],[7,21],[-19,-10],[-61,89],[-92,-63],[-11,48],[100,117],[-17,13],[-185,49],[29,7],[70,81],[-15,110],[50,9],[-41,98],[-21,-15],[-5,8],[76,60],[-39,56]],[[14493,35797],[286,-15]],[[14779,35782],[95,-111],[115,7],[77,-147],[66,-121],[154,40],[126,78],[124,82],[177,122],[380,-146],[104,-16],[19,60],[174,-36],[-77,-44],[180,-50],[27,-187],[65,-60],[11,-20],[3,-50],[67,122],[195,-73],[-42,-94],[57,-65]],[[17597,23861],[-325,136],[-102,46],[-64,23],[-49,-2],[-153,-11],[-59,6],[-126,9],[-48,0],[-81,-19],[-60,-20],[-171,-44],[-115,61],[-67,1],[-57,-6],[-52,19],[-108,4],[-50,11],[-21,12],[-55,1],[-68,34],[-73,1],[-170,28],[-8,6],[-199,179],[-18,17],[-43,14],[-13,14],[-22,6],[-128,10],[-74,-17],[-212,42],[-53,13],[-111,22],[-58,14],[-115,21],[-197,41],[-30,8],[-97,19],[-498,-47],[-22,5],[-113,-4],[-30,4],[-169,-42],[-55,-10],[-10,-8],[-31,-3],[-1148,-520],[-36,-2]],[[12033,23933],[-1693,-93],[-540,-379],[-2534,754]],[[11766,27294],[430,172],[466,198],[200,355],[105,71],[55,34],[157,65],[132,57],[127,63],[51,27],[54,33],[18,34],[38,0],[26,21],[46,1],[38,-11],[68,42],[101,71],[25,9],[115,3],[103,14],[69,1],[184,-22],[167,-18],[-9,54],[11,40],[60,-19],[20,69],[73,30],[29,-32],[90,18],[3,-28],[95,20],[10,-38],[32,3],[-24,92],[64,21],[-3,5],[47,12],[1,-28],[12,-9],[19,27],[-6,92],[50,8],[20,-3],[25,32],[31,28],[-1,40],[29,1],[52,109],[20,22],[35,27],[6,-135],[172,0],[-4,23],[86,4],[74,0],[-6,98],[40,-12],[22,165],[-66,-5],[-23,86],[13,3],[-18,62],[33,-12],[12,5],[21,29],[23,18],[26,1],[9,16],[-9,36],[29,-7],[16,17],[36,21],[17,1],[25,-28],[46,-15],[47,-38],[21,-9],[46,3],[47,-22],[15,-20],[-4,-18],[34,-6],[17,7],[28,-27],[20,-5],[4,-18],[25,15],[23,2],[30,16],[41,9],[10,17],[36,2],[26,-46],[21,-5],[27,12],[15,-6],[1,-19],[14,4],[19,-11]],[[12690,22101],[116,770],[-3,0],[-770,1062]],[[10566,17449],[-16,12],[-450,703],[100,665],[-115,186],[-1224,429],[-1561,-161],[-4199,986],[-3101,770],[0,2081]],[[8217,34806],[38,34],[32,21],[18,21],[6,19],[3,50],[13,30],[38,50],[3,19],[-20,69],[-5,56]],[[8343,35175],[14,61],[28,36],[42,21],[21,26],[43,-6],[23,-16],[18,-26],[27,-55],[7,-35],[-11,-24],[1,-29],[12,-9],[34,15],[13,-6],[3,-22],[18,-10],[24,4],[25,28],[11,23],[25,10],[40,-5],[20,8],[22,31],[58,-21],[21,-2],[72,22],[4,-12],[-15,-48],[19,-13],[32,13],[11,37],[-3,39],[27,5],[31,35],[24,6],[32,44],[-4,33],[21,35],[39,-4],[35,17],[21,-12],[33,-3],[18,29],[25,0],[31,13],[13,-15],[3,-21],[13,-8],[28,5],[2,90],[-36,6],[1,56],[-129,-12],[4,56],[85,-2],[-7,53],[20,-6],[-6,43],[31,6],[44,-6],[5,65],[-42,15],[11,37],[18,7],[17,-12],[18,213],[4,57],[42,29],[8,49],[-13,7],[-68,4],[-92,8],[26,161],[-156,72],[-4,-24],[-31,5],[-2,-12],[-61,11],[94,183],[32,41],[-69,45],[-504,362],[-21,7],[-1,21],[-28,21],[8,17],[-49,-7]],[[8543,37035],[-19,20],[19,48],[41,66],[27,10],[0,11],[22,2],[1,16],[-23,14],[20,51],[32,22],[44,-2],[20,-31],[65,-19],[15,-20],[17,-3],[49,7],[32,47],[8,27],[33,29],[1,13],[21,16],[4,21],[27,27],[24,-6],[-19,-22],[4,-35],[55,-55],[16,23],[143,-73],[89,141],[107,143],[139,383],[-35,124],[55,-14],[0,-3],[152,-54],[28,-21],[1,15],[42,-6],[-5,-35],[28,-19],[25,163],[27,-10],[-6,25],[123,-60],[45,136],[35,98],[8,-5],[17,19],[-19,4],[22,37],[73,179],[-30,19],[-16,-37],[-45,19],[13,39],[-69,-4]],[[10026,38515],[17,74],[-7,3],[11,32],[-23,8],[-5,-16],[-75,39],[-5,-13],[-21,12],[11,34],[-99,53],[-10,-34],[-20,10],[13,40],[-19,8],[8,26],[-35,19],[51,166],[22,19],[-14,27],[-32,24],[-9,39],[-73,39],[-72,25],[-31,17],[-27,2],[-19,-34],[9,-47],[-23,1],[-33,125],[-33,27],[-14,22],[-46,50],[-51,13],[-22,-2],[-73,18],[-17,-22],[-51,29],[-24,-58],[-30,-28],[-16,22],[-48,111],[51,-9],[7,15],[-71,37],[-28,24],[26,48],[-13,14],[-54,-34],[-21,19],[-43,17],[-85,68],[8,23],[-34,43],[2,-11],[-37,42],[-5,30],[12,10],[4,36],[8,20],[16,71],[16,0],[19,83],[-19,2],[34,47],[6,21],[57,64],[19,53],[-8,119],[12,30],[-18,40],[-6,30],[4,38],[-15,33],[-27,19],[-12,23],[-18,16],[38,27],[-2,19],[44,33],[32,0],[12,16],[53,-8],[28,7],[69,4]],[[9152,40574],[-8,-11],[32,-9],[58,10],[23,-10],[6,-14],[24,3],[-1,-17],[72,-46],[18,-19],[-8,-13],[22,-17],[10,11],[19,-19],[63,-30],[24,-25],[63,-11],[-6,-13],[29,-148],[16,-67],[19,-31],[86,-83],[230,-85],[81,-7],[-109,224],[84,-36],[9,21],[18,-8],[-9,-22],[96,-42],[22,34],[109,-20],[0,-11],[117,-23],[82,-12],[-23,69],[104,-55],[6,78],[40,-21]],[[10570,40099],[155,-81],[193,-104],[168,-46],[219,-37],[0,-152],[-41,-56],[21,-12],[-45,-72],[18,-12],[69,-19],[68,-32],[5,10],[105,-24],[-9,-49],[31,-4],[3,45],[14,-6],[-2,-43],[45,-13],[-6,-9],[21,-13],[-14,-43],[-49,-67],[145,-82]],[[11684,39178],[-40,-96],[0,-44],[14,-24],[-27,-7],[-53,-39],[-31,-45],[-17,-5],[-16,-33],[3,-23],[27,-11],[12,-22],[14,-4],[31,10],[21,-39],[42,-13],[32,-15],[3,-72],[67,-14],[32,-73],[-218,-243],[-54,-67],[-61,-136],[-8,-62],[168,-132],[30,-13],[36,3],[25,-7],[65,-1],[22,22],[122,-9],[108,-83],[18,-57],[194,-55],[7,-5],[110,-184],[40,-85],[-17,-10],[-8,-27],[103,26],[48,-39],[34,5],[75,3],[37,9],[36,-32],[-3,-71],[2,-150],[7,-61],[11,-124],[30,4],[58,50],[34,16],[65,18],[151,22],[65,30],[22,-15],[151,91]],[[13303,37240],[207,13],[-1,24],[113,-15],[11,-236],[126,-13],[28,23],[432,19],[44,52],[57,6],[-13,-169],[-23,-35],[-28,-12],[1,-21],[125,-49],[-2,10],[25,19],[2,-20],[115,32],[6,5],[8,36],[26,11],[-2,9],[40,30],[13,145],[-14,13],[22,3],[-3,37],[89,14],[217,-90],[51,-23]],[[14975,37058],[-76,-239],[-57,-197],[26,-22],[49,-21],[-28,-9],[-11,-21],[29,-24],[2,14],[65,-27],[-27,-106],[-31,-113],[-137,-511]],[[14493,35797],[-42,2],[-214,124],[-312,-243],[-173,-46],[55,-197],[12,-49],[13,-151],[-38,-52],[-7,-21],[-40,-8],[-39,11],[-12,-15],[10,-71],[-91,-29],[-35,0],[-2,6],[-60,-7],[-4,7],[-58,-16],[-39,-25],[-23,-76],[-117,-13],[-40,26],[-83,37],[-12,13],[2,30],[-32,-9],[-156,-56],[-102,-34],[17,-95],[-134,-27],[-13,39],[-90,-37],[1,-25],[-166,-38],[-175,169],[-95,2],[-31,44],[-189,-7],[-20,-60],[-63,-44],[-42,182],[-68,25],[13,-52],[-102,-28],[-33,89],[-12,7],[-22,-11],[-44,-12],[20,-46],[18,-28],[76,-86],[-38,-17],[27,-65],[19,-36],[1,-54],[-4,-14],[-35,-13],[-71,7],[-22,-10],[-32,-29],[-20,11],[-15,-17],[-109,138],[-19,-104],[-39,-102],[-65,-164]],[[13303,37240],[101,64],[101,60],[121,75],[-16,2],[11,14],[-23,25],[4,31],[45,-41],[8,23],[-4,26],[-12,17],[-33,21],[-30,36],[-8,27],[15,22],[133,80],[52,15],[30,21],[-28,10],[-23,32],[16,14],[-76,29],[-102,44],[-91,50],[-5,27],[-17,-7],[-19,41],[-12,54],[17,6],[-4,164],[-65,-3],[-1,63],[42,67],[5,301],[-84,66],[7,19],[-5,16],[-30,0],[-21,7],[-1,133],[1,147],[-45,-13],[-4,47],[-22,52],[-61,-5],[-8,85],[-61,-13],[-37,11],[-13,23],[64,52]],[[13115,39277],[23,23],[9,19],[5,53],[7,27],[45,92],[6,20],[102,13],[138,57],[111,-28],[40,32],[57,28],[3,25],[16,54],[22,24],[30,-9],[14,33],[-15,8],[7,52],[13,14],[34,15],[30,21],[19,61],[17,29],[32,21],[37,0],[44,11],[19,-1],[52,-18],[48,-40],[54,24],[108,19],[95,9],[52,11],[32,-7],[81,7],[30,6],[25,13],[19,27]],[[14576,40022],[10,-61],[-51,-140],[0,-5],[47,-175],[39,-143],[93,-44],[18,-11],[12,14],[28,6],[11,-5],[38,22],[12,1],[28,-29],[18,13],[4,-18],[25,16],[-11,18],[13,15],[60,8],[12,18],[19,-13],[24,26],[-3,21],[30,-12],[14,-17],[3,-32],[59,-77],[34,-34],[227,-301],[26,-17],[5,24],[-30,14],[15,32],[11,-2],[4,27],[21,16],[0,21],[12,49],[77,6],[119,-75],[221,-139],[16,-46],[-18,-12],[6,-36],[12,-13],[16,-49],[-112,-51],[41,-30],[100,-63],[62,-164],[-109,-3],[-24,-78],[-23,-38],[-44,34],[-10,-75],[-10,3],[-8,-26],[14,-3],[-3,-22],[-57,-84],[0,-5],[-56,-79],[2,-26],[-40,-124],[-64,17],[-65,-218],[65,-2],[-31,-98],[40,-7],[0,-16],[-39,-3],[-21,15],[-21,-13],[-23,0],[-8,9],[-19,-13],[-16,13],[-7,-25],[-21,-7],[13,-41],[2,-42],[-6,-43],[19,-18],[3,-31],[-3,-39],[13,-29],[-12,-31],[-33,8],[-36,-49],[0,-56],[11,-21],[-69,-28],[-43,-20],[-279,-203]],[[10026,38515],[-158,-11],[16,66],[-216,100],[-8,-27],[-84,-41],[11,-11],[-104,11],[-37,26],[-40,6],[-7,-23],[-42,7],[6,45],[-61,7],[-30,8],[-6,-29],[-54,6],[-59,2],[-8,-28],[-30,22],[-43,-21],[-41,-13],[-97,21],[-29,53],[-9,54],[-87,41],[-38,-12],[4,27],[-39,6],[16,53],[-30,5],[-67,32],[-4,-14],[-92,7],[4,16],[-27,7],[-29,-7],[8,-39],[-5,-30],[-30,-6],[-16,54],[-29,26],[-52,-9],[-25,-22],[-17,29],[-26,14],[-55,6],[-20,7],[-19,-27],[-42,43],[25,30],[-103,29],[-16,75],[-64,4],[-12,-45],[-47,21],[-57,38],[-138,83],[-51,11],[-12,28],[-79,15],[3,-81],[-125,33],[-14,-121],[12,-2],[-7,-87],[-77,-1],[-11,65],[-30,1],[-75,12],[-25,-25],[-31,-16],[1,-46],[8,-64],[-50,-46],[-8,-27]],[[7196,38836],[-43,-18],[-65,-7],[5,-11],[-58,-8],[-45,-27],[-19,-24],[-24,26],[-25,15],[-27,27],[-12,32],[1,17],[-15,28],[-26,68],[65,15],[-18,14],[-18,27],[14,23],[-64,-12],[-3,43],[-11,48],[-17,17],[-22,9],[-40,3],[-12,34],[-54,-47],[-96,-68],[-9,-18],[-55,8],[-1,-10],[-37,-24],[-23,3],[-86,-42],[-30,8],[-52,-12],[-30,-14],[-36,-7],[-152,4],[-188,-22],[-27,15],[-5,98],[2,78],[-15,138],[27,49],[-92,27],[-234,73],[-212,63],[-186,-20],[-110,11],[-41,17],[-3569,690],[-690,6]],[[716,40179],[3655,950],[826,24],[127,71],[34,29],[22,4],[114,-39],[12,-8],[-3,31],[-10,15],[-77,73],[-46,64],[-32,9],[-48,39],[28,61],[20,136],[23,74],[-8,93],[5,20],[-3,42],[13,43],[51,124],[-22,27],[-11,60],[29,73],[48,41],[241,250],[15,128],[-52,109],[-176,270],[45,552],[915,959]],[[6451,44503],[848,-1416],[-341,-612],[-170,-229],[5,-164],[-25,-87],[12,-42],[17,-22],[3,-38],[-8,-16],[-20,-9],[-41,-40],[-6,-16],[0,-65],[-14,-29],[-15,-53],[-3,-26],[-11,-16],[73,-129],[45,-83],[-4,-58],[9,-48],[40,-93],[9,-27],[-10,-50],[16,-38],[18,-18],[30,-13],[37,-7],[26,-32],[1,-48],[-23,-51],[15,-38],[16,-24],[63,-59],[45,-30],[-4,-56],[21,-3],[-7,-20],[74,-57],[110,9],[67,-19],[91,25],[65,40],[48,7],[-13,17],[23,0],[40,12],[72,-3],[18,-12],[32,-6],[13,4],[-8,40],[5,68],[22,11],[120,177],[156,226],[78,115],[69,-33],[55,-101],[122,-145],[94,-109],[2,-34],[23,2],[5,-63],[10,-65],[28,13],[85,-37],[24,-6],[-44,-25],[108,8],[49,9],[220,14],[337,-104]],[[9298,40676],[-24,-57],[-72,29],[-57,-19],[7,-55]],[[7629,37176],[53,-46]],[[7682,37130],[36,-39],[12,-24],[-3,-170],[-15,-54],[4,-70],[16,-53],[60,-235]],[[7792,36485],[-110,-425],[-74,-283],[-30,-122],[-52,-84],[-64,-37],[-14,-44],[-1,-54],[-30,5],[21,-18],[-4,-37],[-48,-49],[-23,-70],[-10,-3],[-69,30],[-147,-55],[-7,-25],[-27,-14],[-12,-36],[-10,-63],[-18,-16],[-12,-36],[-19,7],[-13,-29],[10,-10],[-31,-1],[12,-17],[-25,2],[-23,-20],[-8,-38],[-32,-41],[-14,-27],[1,-17],[-30,-25],[-27,-12],[-5,-19],[-18,-18],[-13,-26],[-43,-217],[26,-111]],[[6799,34430],[-348,-93],[-69,57],[-10,-13],[-60,47],[-3,-39],[-13,-2],[7,-30],[0,-77],[-12,-22],[-42,-15],[-41,-25],[-78,56],[14,54],[-17,4],[-12,-47],[-132,95],[2,6],[-693,104]],[[5292,34490],[186,604],[60,146],[-71,23],[-205,110],[-106,42],[-34,-119],[-21,-56],[-332,88],[11,84],[22,79],[106,458],[-150,35],[-317,76],[-404,231],[-216,73],[-3821,-104]],[[0,36260],[0,1826]],[[0,38086],[3147,73],[1878,-21],[169,-54],[360,-21],[204,-44],[-5,-36],[-59,-137],[-7,-38],[-17,-40],[62,-6],[3,8],[320,-155],[37,-43],[386,-442],[76,-27],[91,44],[83,8],[1,-18],[34,2],[101,54],[-13,-2],[2,23],[47,42],[19,11],[33,2],[67,-11],[30,-8],[48,-4],[39,5],[126,-20],[48,19],[49,9],[-3,16],[12,3],[2,-16],[52,13],[32,-14],[55,-34],[110,-44],[10,-7]],[[8343,35175],[-67,0],[-17,-33],[-132,4],[10,26],[-51,13],[13,76],[-46,-9],[-15,46],[21,18],[-40,275],[20,-1],[-7,74],[-68,27],[15,41],[75,-22],[9,-13],[5,-81],[12,-76],[22,6],[-23,156],[19,-21],[5,42],[8,-3],[52,171],[-25,10],[47,124],[-69,18],[47,28],[-82,36],[-182,141],[-26,-67],[-7,27],[-12,3],[11,44],[-12,4],[-29,104],[-32,122]],[[7682,37130],[105,6],[-15,-103],[113,-28],[218,-49],[13,89],[17,13],[34,-4],[-3,-15],[48,1],[5,18],[128,-17],[65,27],[52,-3],[4,-13],[24,3],[28,-6],[12,-27],[13,13]],[[6861,34318],[-36,74],[-26,38]],[[5292,34490],[-143,-461],[-15,-40],[52,-7],[-15,-59],[-13,-3],[-3,-17],[24,-5],[-8,-33],[-16,3],[-2,-15],[14,-5],[17,-24],[9,0],[-38,-31],[2,9],[-66,1],[-322,19],[-19,-5],[-13,-29],[-34,13],[-25,26],[-439,-49],[-4,-10],[-19,8],[-472,-73],[-87,-29],[-147,34],[-834,1326],[-2676,-204]],[[0,34830],[0,1430]],[[7196,38836],[-34,-145],[232,-177],[27,-39],[9,-28],[58,-36],[-1,-25],[58,-35],[21,-40],[23,-18],[19,1],[1,-29],[30,-30],[-15,-12],[46,-105],[6,-25],[34,-214],[105,-177],[5,-16],[-9,-26],[-11,3],[-23,37],[-7,-35],[-24,3],[-4,-47],[-10,-25],[-45,-37],[15,-12],[-26,-51],[-29,-16],[-15,-33],[-5,-76],[3,-22],[-14,-45],[67,-56],[-47,-54],[-7,-18]],[[0,38086],[0,2072]],[[0,40158],[716,21]],[[0,29264],[0,5566]],[[11684,39178],[26,18],[133,-54],[8,21],[74,82],[5,-58],[-32,-30],[15,-12],[4,18],[18,-6],[21,26],[23,-18],[25,1],[118,69],[127,-23],[-11,-39],[4,-44],[171,-106],[33,150],[9,-1],[3,-29],[-8,-72],[27,-3],[14,115],[48,-26],[14,67],[35,-6],[9,37],[130,-49],[9,60],[97,-82],[32,27],[18,-17],[22,5],[37,22],[90,-10],[21,19],[-6,5],[55,49],[13,-7]],[[10570,40099],[15,41],[22,-26],[0,16],[-19,27],[17,29],[-5,4],[37,18],[17,-8],[24,20],[15,36],[24,37],[23,17],[13,34],[-33,135],[-10,113],[-8,55],[-35,13],[16,113],[52,231],[99,69],[137,35],[56,20],[28,21],[29,-41],[11,9],[31,-34],[-45,76],[-14,64],[122,118],[12,-1],[78,15],[-20,69],[0,30],[-20,131],[-7,35],[-180,281],[282,130],[-5,18],[68,32],[-21,50],[31,-3],[-7,14],[185,86],[28,4],[3,-84],[36,-50],[12,-9],[36,-44],[0,-28],[35,-20],[56,-64],[20,-6],[8,-21],[29,-14],[31,9],[52,-7],[-1,-37],[9,-9],[60,-20],[26,-24],[-21,-70],[27,-15],[19,3],[10,55],[12,8],[109,45],[47,31],[26,23],[43,13],[23,-18],[59,-6],[12,38],[-31,11],[-9,21],[5,19],[-48,16],[-18,11],[-17,36],[142,-41],[13,67],[-39,14],[6,31],[183,-126],[-12,42],[227,-8],[92,-4],[-47,-150],[-17,-59],[-5,-49],[142,-50],[33,100],[38,-13],[40,186],[127,-44],[38,78],[101,-39],[26,71],[-3,2],[25,76],[248,-235],[266,-70],[-2,-8],[21,-50],[-6,-90],[-26,1],[0,-39],[20,-4],[-8,-44],[22,-4],[-4,-44],[-26,1],[-7,-39],[21,-13],[-23,-49],[41,-25],[59,-53],[46,-24],[8,40],[94,-34],[0,-219],[102,-1],[259,-214],[84,36],[135,-44],[14,-2]],[[14721,40882],[2,-65],[-11,-144],[4,-79],[-8,-28],[-13,-74],[-10,-34],[8,-55],[23,-55],[-13,-44],[-21,-26],[-6,-19],[3,-26],[12,-21],[4,-28],[3,-66],[-39,-27],[-22,-29],[-21,-16],[-23,-4],[-17,-20]],[[9298,40676],[20,52],[31,-11],[18,31],[33,112],[23,-29],[20,-14],[-17,-23],[43,-13],[17,19],[1,17],[-38,25],[-8,20],[7,22],[19,15],[11,-8],[103,-150],[148,13],[8,17],[-50,30],[34,56],[-84,65],[74,115],[-126,37],[-23,14],[130,167],[10,-6],[-14,-21],[88,-71],[60,133],[211,-88],[317,-92],[-53,515],[-53,61],[-21,5],[61,67],[34,124],[-218,97],[-342,252],[-15,-6],[36,85],[-89,-22],[-20,-48],[-263,125],[-59,-75],[-156,127],[2,4],[-115,91],[-34,21],[-6,59],[-348,141],[47,352],[30,-9],[7,156],[-52,18],[-58,29],[-38,-102],[-22,17],[-42,14],[-16,-46],[-39,8],[-38,37],[-58,-159],[-82,70],[-30,-87],[-28,38],[-26,63],[6,5],[-68,42],[-68,53],[-6,34],[-938,694],[-735,543]],[[6451,44503],[657,-162],[1170,-290],[36,-27],[20,-5],[36,-22],[41,-9],[147,15],[45,-2],[92,5],[105,-3],[63,13],[32,20],[16,29],[32,38],[24,7],[16,29],[48,26],[12,-20],[8,5],[6,-28],[37,3],[23,-7],[15,-25],[24,-10],[37,154],[-3,6],[124,70],[66,22],[4,-49],[90,3],[5,-77],[457,17],[-1,-90],[4,-1],[156,6],[127,44],[22,-36],[31,9],[45,-7],[40,13],[30,1],[-51,83],[113,54],[-24,69],[-7,49],[-2,65],[135,-5],[251,-30],[39,1],[294,45],[36,15],[74,49],[37,17],[27,6],[42,2],[244,-5],[61,11],[19,-11],[185,-168],[50,-38],[6,-31],[33,-17],[19,3],[38,-16],[22,-18],[5,-26],[12,-3],[8,16],[37,-20],[30,-4],[100,-54],[18,-32],[27,-2],[3,-25],[20,0],[1,-22],[32,0],[19,-9],[8,-26],[2,-31],[7,-10],[44,-22],[35,14],[11,18],[31,-19],[-6,-19],[-20,1],[4,-18],[14,-1],[25,-22],[20,5],[5,15],[-23,4],[2,34],[29,5],[17,-22],[16,14],[20,-8],[-2,-18],[14,-10],[16,8],[-3,18],[8,34],[14,11],[24,-7],[-18,-39],[32,-8],[14,23],[24,-2],[0,26],[19,7],[4,-28],[15,-13],[23,23],[20,-1],[12,-12],[-15,-8],[3,-36],[28,-2],[43,-15],[25,9],[-4,17],[29,4],[-8,-31],[7,-9],[38,-13],[10,7],[0,22],[64,-18],[-21,-15],[1,-34],[8,-10],[164,-155],[-6,-58],[67,-39],[-29,-218],[232,41],[164,0],[11,-26],[188,-332],[25,162],[9,16],[11,-26],[14,7],[-2,17],[20,-7],[14,-33],[27,6],[15,-8],[-8,-27],[14,-16],[26,27],[17,-13],[-16,-21],[2,-13],[25,7],[13,18],[34,-26],[27,30],[51,2],[17,-7],[31,14],[50,0],[25,7],[32,-4],[5,-8],[56,-1],[34,-13],[38,3],[9,12],[205,643]],[[14619,43870],[175,-103],[429,-240]],[[15223,43527],[68,-39],[-58,-128],[89,-34],[-20,-75],[22,25],[39,-37],[-21,-21],[23,-35],[235,-56],[-12,-5],[-24,-65],[6,-17],[-36,-22],[-65,-145],[122,-34],[-50,-137],[189,-76],[-30,-36],[37,-34],[-104,-157],[121,-31],[-39,-163],[73,-34]],[[15788,42171],[-14,-54],[-30,-45],[-230,-104],[-11,-16],[-188,-135],[-16,-10],[21,-36],[-3,-8],[28,-19],[6,-15],[32,-33],[23,-15],[27,-37],[12,1],[27,-24],[19,-1],[30,-32],[38,-27],[-1,-9],[52,-39],[45,-61]],[[15655,41452],[-15,-12],[-345,-156],[174,-148],[-226,-82],[-115,-37],[-68,-19],[-148,-49],[-77,-25],[-111,-1],[-3,-41]],[[6451,44503],[-140,723],[-356,1836],[-130,667]],[[5825,47729],[1602,-709],[55,5],[19,-57],[168,-22]],[[7669,46946],[107,-16],[114,-15],[122,-13],[111,-17],[55,-12],[110,-16],[96,-21],[5,-13],[67,21],[-40,101],[-20,-5],[-21,55],[81,31],[2,-7],[82,25],[43,10],[63,-6],[112,18],[55,14],[-17,39],[58,15],[-17,41],[12,28],[2,22],[65,-14],[7,43],[-29,14],[74,19],[54,9],[29,12],[62,-3],[27,6],[32,16],[70,15],[23,-9],[2,-32],[46,-11],[2,-34],[27,-4],[3,20],[31,-4],[8,44],[145,-10],[13,10],[10,54],[70,2],[95,53],[69,7],[110,-6],[63,-1],[-53,77],[-21,230],[130,111],[-9,8],[116,110],[76,76],[18,115],[-10,9],[30,28],[19,31],[-34,18],[8,31],[-12,47],[-148,188],[-26,286]],[[10043,48786],[184,-27],[222,5],[15,68],[179,16],[-2,-42],[42,34],[49,10],[135,-3],[103,2],[74,-92]],[[11044,48757],[154,-52],[47,-23],[93,50],[35,-132],[69,-266],[43,-175],[23,-143],[169,-90],[102,-30],[73,-25],[157,-95],[94,-140],[89,-30],[2,-36],[13,0],[28,-30],[66,-7],[59,23],[56,2],[19,-5],[-9,-50],[1,-30],[25,-3],[-12,58],[7,17],[22,-1],[72,10],[21,-9],[35,1],[19,-21],[14,2],[69,-23],[15,3],[27,-16],[45,-37],[62,-16],[17,9],[14,-14],[28,-2],[25,-24],[45,29],[30,-10],[17,12],[25,4],[15,24],[21,3],[29,20],[21,-9],[38,3],[11,11],[41,-15],[0,-13],[51,-38],[124,-7],[21,-4],[10,11],[20,-8],[29,-65],[27,-129],[16,-63],[65,-102],[112,-15],[42,48],[112,-28],[22,91],[23,-15],[37,12],[24,-13],[8,-35],[8,-4],[27,38],[33,8],[15,-9],[3,-22],[23,-23],[43,-5],[46,-36],[16,13],[27,4],[55,-54],[18,-30],[4,-17],[14,-332],[-53,-26],[22,-20],[-23,-6],[-32,11],[-18,-46],[-59,25],[-2,16],[-31,5],[-2,17],[-27,11],[-11,-21],[-8,-33],[8,-28],[-13,-13],[-29,3],[-20,-52],[-4,-25],[12,-46],[-20,-38],[26,-58],[-28,-34],[-17,19],[-29,13],[-11,-8],[-14,-36],[11,-11],[27,11],[18,-15],[-6,-32],[8,-16],[-4,-37],[12,-20],[-15,-53],[-39,-14],[15,-34],[24,-30],[-3,-25],[-18,-34],[3,-10],[27,6],[9,-11],[-48,-58],[-18,-4],[-11,-27],[-26,-5],[-19,-60],[-10,-19],[2,-36],[75,-9],[117,-29],[-26,-54],[-34,-44],[-16,-45],[17,0],[22,-35],[56,-51],[33,-17],[87,-31],[63,-13],[-5,41]],[[14245,45446],[49,-1],[-49,-118],[73,-23],[-36,-127],[5,-14],[-39,-32],[6,-15],[-26,-12],[3,-40],[-5,-13],[-1,-77],[55,-151],[112,-319],[22,-59],[205,-575]],[[11044,48757],[10,14],[-15,14],[32,44],[-88,59],[46,134],[-7,21],[-22,-2],[-17,23],[39,8],[-16,9],[-15,44],[0,25],[17,48],[14,23],[-13,5],[43,48],[54,36],[-44,26],[21,80],[-66,31],[13,61],[73,-8],[1,-4],[236,-120],[2,6],[245,-66],[13,57],[-39,9],[15,71],[46,-5],[4,40],[-7,39],[30,-5],[77,90],[3,17],[-25,58],[47,-21],[7,36],[102,4],[114,14],[78,137],[-78,55],[-15,-7],[-20,60],[5,2],[-21,64],[40,39],[-8,26],[19,62],[141,11],[-3,39],[-28,0],[-3,78],[-106,19],[14,146],[-46,1],[10,92],[-66,1],[5,23],[-188,-39],[-11,41],[-29,150],[-31,-3],[30,125],[122,-24],[127,-4]],[[11912,50814],[54,-1],[171,20],[11,5],[52,5],[39,-8],[52,4],[35,-38],[70,-47],[17,-21],[64,-4],[51,15],[17,-8]],[[12545,50736],[35,-88],[7,-45],[34,-21],[51,-70],[-3,-37],[37,-49],[-5,-6],[12,-27],[-18,-10],[10,-31],[-4,-9],[14,-18],[19,-5],[-10,-13],[-29,-8],[25,-94],[30,-57],[64,1],[-1,14],[49,49],[16,8],[40,41],[28,9],[45,-9],[27,8],[12,28],[26,147],[72,32],[18,53],[30,21],[3,37],[67,-40],[4,-13],[136,-165],[67,74],[107,-241],[123,-23],[-49,198],[161,-22],[-1,226],[-195,153],[628,-11],[43,8],[15,-14],[0,-22],[21,-2],[-8,-15],[23,-13],[6,-27],[20,-18],[5,-19],[46,-42],[27,-34],[-1,-25],[14,-46],[20,-25],[29,7],[37,53],[50,-20],[31,14],[28,0],[7,-12],[42,18],[18,-13],[25,4],[10,-8],[46,-1],[41,17],[16,0]],[[14838,50488],[3,-83],[-1,-82],[14,-86],[-106,-302],[-12,-83],[24,-24],[237,-274],[83,-102],[9,-58],[-2,-37],[25,-3],[25,7],[38,-17],[16,11],[42,3],[25,17],[26,6],[9,-19],[21,9],[8,13],[42,36],[11,25],[52,29],[18,-4],[17,8],[82,4],[17,-29],[18,-13],[166,-45],[129,-54],[18,-238],[-33,8]],[[15859,49111],[-160,42],[21,92],[-60,15],[-2,-11],[-108,20],[-17,-81],[-46,5],[-7,-50],[-173,38],[-4,-51],[-75,-4],[-5,-41],[-37,13],[-67,-88],[10,-15],[-100,-95],[69,-68],[-49,-73],[-157,31],[-13,-91],[72,-85],[81,-67],[-43,-31],[22,-33],[20,-46],[22,-25],[-33,-23],[27,-20],[-25,-28],[51,-43],[10,-64],[-145,-54],[-19,51],[9,24],[-49,31],[-79,-95],[48,-4],[1,-162],[17,-6],[-47,-203],[101,-43],[-16,-42],[51,-19],[74,-105],[36,22],[32,-26],[-39,-52],[-28,-25],[-1,-48],[54,-17],[138,159],[98,-89],[116,-117],[-32,-24],[1,-23],[-27,-49],[8,-62],[-11,-64],[-23,-32],[-6,-35],[-12,-7],[-14,-27],[-66,-28],[-58,-29],[-26,-30],[-34,-16],[-28,0],[-37,-12],[-16,-26],[5,-32],[-38,-33],[-7,-30],[-113,-102],[-15,0],[-30,-18],[-47,-34],[-16,-34],[-35,-6],[-24,6],[-27,-24],[-24,-6],[-15,5],[-25,-6],[-35,1],[-57,10],[-26,10],[-29,-5],[6,-28],[117,-116],[65,-47],[10,-11],[-13,-21],[28,-17],[81,-70],[-70,-307],[-154,-159],[-77,-75]],[[14489,45801],[-12,3],[-46,-52],[-1,-15],[-40,-40],[-18,-113],[-147,-1],[20,-137]],[[15859,49111],[-24,-54],[47,-18],[-15,-31],[21,-7],[3,15],[28,-9],[11,-41],[-40,-172],[71,-48],[-18,-54],[14,-6],[-36,-107],[47,-20],[286,-35],[110,-22],[54,-1],[448,-59],[32,-4],[365,-202],[2,6],[403,-1],[112,-287],[2,-123],[-3,-175],[184,32],[125,-175],[24,-96],[9,-372],[-71,0],[-140,103],[-56,38],[-50,99],[-3,14],[-81,-22],[-41,65],[-44,-11],[-139,-106],[-105,-47],[-85,-59],[7,-221],[-28,-102],[-59,-204],[-69,14],[-10,-39],[59,-39],[351,-176],[22,-30],[-2,-25],[10,-21],[15,-2],[9,-30],[18,-2],[-8,13],[27,39],[14,1],[-5,-43],[87,46],[8,22],[30,11],[19,-18],[1,-32],[41,-19],[12,45],[-17,22],[5,17],[31,20],[5,15],[24,-2],[94,-354],[345,6]],[[18342,46031],[93,-150],[67,-106],[87,-47],[6,15],[137,-92],[29,-14],[72,-30],[-27,-25],[-33,-60],[9,-55],[-89,-227],[-19,10],[-8,-57],[7,-6],[-69,-192],[-10,-14],[14,-32],[5,-44],[-32,-119],[16,-337],[9,-193],[5,-139],[3,-31],[-10,-40],[-15,11],[-31,-92],[-88,-17],[-100,0],[-132,-208],[-73,92],[-68,-55],[53,-54],[-23,-27],[120,-202],[-225,133],[-151,-34],[-8,45],[-59,-13]],[[17804,43625],[-34,-7],[-155,79],[-12,-129],[32,-15],[-4,-41],[32,-15],[44,-112],[-171,-25],[3,-11],[-131,29],[-378,58],[-328,54]],[[16702,43490],[54,219],[-109,286],[-137,348],[-15,49]],[[16495,44392],[11,21],[-133,459],[-103,222],[-24,-19],[-34,23],[11,-30],[-7,-11],[-18,8],[11,27],[-17,30],[20,2],[15,-11],[13,17],[-14,38],[20,8],[26,-20],[25,9],[20,34],[4,39],[-234,250],[-98,109],[-168,174],[-164,44],[-147,39],[-100,26],[12,-192],[-65,-1],[1,-17],[-123,-7],[-5,-71],[-19,0],[-1,-19],[-52,-2],[-2,50],[-37,0],[-14,95],[-131,-27],[-49,-15],[19,-72],[-141,124],[-42,-75],[-42,29],[-30,-46],[-14,9],[-15,-22],[-64,44],[-45,92],[-62,44]],[[7669,46946],[45,106],[4,-1],[40,76],[24,90],[-10,2],[-29,32],[-1,32],[-14,19],[-57,1],[-6,10],[-6,47],[-15,22],[123,173],[-63,48],[51,81],[61,-10],[21,-15],[120,-19],[17,-17],[22,13],[15,28],[24,-4],[23,-16],[-2,96],[-7,-1],[-1,51],[-9,-2],[-1,80],[41,-20],[34,-2],[-4,101],[30,67],[227,-69],[10,-2],[-35,79],[36,119],[-105,35],[11,16],[3,34],[-70,28],[32,63],[51,-9],[12,58],[-14,7],[22,51],[-9,5],[19,40],[21,-8],[78,-58],[6,40],[80,-15],[13,92],[60,0],[28,4],[13,-6],[-12,-16],[-2,-25],[72,-142],[32,91],[6,-2],[50,101],[68,-24],[16,80],[15,-4],[-6,-21],[25,-6],[11,39],[15,-5],[4,20],[-54,18],[24,153],[37,-8],[191,-3],[-1,39],[168,-3],[-1,-37],[448,-10],[112,-45],[9,112],[-3,39],[86,-35],[6,0]],[[9944,48824],[4,-24],[95,-14]],[[5825,47729],[-1339,591],[-74,9],[-1,83],[-35,5],[2,14],[-348,46],[0,-3],[-742,-190],[-3288,6]],[[0,48290],[0,4158]],[[0,52448],[2150,-370],[1666,-400],[515,-138],[148,-8],[317,-13]],[[4796,51519],[-15,-217],[20,18],[35,-8],[47,5],[-11,17],[137,170],[163,-133],[199,-160],[8,0],[1174,193],[22,6],[26,22],[15,24],[37,15],[67,9],[11,116],[11,0],[96,87],[13,25],[-8,4],[16,32],[38,-24],[103,-20],[21,-15],[0,13],[72,9],[16,-6],[71,3],[25,-19],[6,14],[-17,2],[-3,112],[46,-23],[43,-12],[27,8],[63,4],[39,-22],[31,0],[58,23],[63,9],[32,-19],[38,-5],[25,-13],[11,20],[15,1],[16,-15],[8,11],[23,-2],[2,13],[17,-11],[24,1],[30,-18],[34,-6],[9,-12],[19,5],[36,-17],[19,-25],[14,-3],[11,-18],[15,5],[0,-16],[23,-10],[8,-22],[8,10],[35,1],[10,-21],[27,-14],[20,10],[10,-10],[7,-29],[13,6],[1,-18],[26,-11],[34,-33],[-1,-9],[25,-23],[18,-5],[0,-16],[27,-8],[-1,-9],[54,-8],[11,5]],[[8314,51462],[16,-7],[15,-21],[37,-38],[14,-8],[44,-44],[25,-6],[39,-24],[-31,-81],[-101,-232],[-23,-134],[-11,-253],[27,-82],[37,-54],[-16,-6],[-48,-2],[-34,-11],[-57,-49],[-25,-7],[21,-3],[18,14],[10,-9],[28,16],[26,-23],[7,4],[41,-25],[3,-32],[20,-32],[26,-29],[-8,-14],[18,-10],[-7,-115],[270,98],[29,-14],[29,55],[102,1],[146,-3],[-3,64],[24,1],[-6,43],[57,0],[63,28],[22,-40],[67,21],[4,-19],[104,15],[-6,22],[60,26],[69,-114],[45,65],[17,91],[61,-27],[11,19],[61,-29],[14,20],[77,-37],[-139,-196],[-13,-42],[-25,-110],[-28,-142],[66,-190],[53,-98],[59,-149],[57,-110],[123,-249],[9,-17],[1,-130],[7,-39],[26,-102],[6,-33]],[[0,40158],[0,8132]],[[8314,51462],[10,16],[44,-6],[11,8],[48,-13],[59,-30],[51,-11],[6,5],[46,-18],[20,-12],[19,18],[94,114],[45,21],[98,6],[265,34],[97,35],[265,-118],[125,-11],[120,55],[5,16],[302,323],[44,59],[8,24],[-98,33],[19,46],[-54,37],[-11,22],[2,28],[-7,34],[42,14],[-4,16]],[[9985,52207],[11,-2],[47,14],[8,-8],[60,12],[15,-14],[10,12],[84,-8],[62,-62],[39,-21],[18,0],[13,-23],[46,-21],[46,-3],[37,-9],[12,18],[35,-27],[90,61],[68,-36],[78,84],[68,0],[86,-23],[4,-17],[51,6],[-33,-118],[94,-26],[4,72],[19,30],[94,-25],[-3,-33],[194,-64],[3,10],[196,-60],[-28,-43],[40,14],[188,-114],[-6,-17],[85,-29],[87,-26],[-8,-79],[-55,12],[-99,-266],[-2,-47],[162,0],[10,-160],[-41,5],[8,-73],[17,-3],[6,-49],[-35,8],[-65,-176],[109,-41],[-2,-28]],[[9985,52207],[-34,-9],[-17,8],[-12,-20],[-17,33],[-16,10],[3,13],[-36,24],[-16,41],[-81,-6],[-13,-21],[-22,-7],[-20,13],[-17,-6],[-20,18],[-17,0],[23,67],[-41,12],[-1,57],[47,21],[-55,14],[4,275]],[[9627,52744],[219,47],[197,-48],[-2,51],[28,45],[63,118],[27,18],[150,71],[-30,42],[249,151],[131,402]],[[10659,53641],[141,150],[107,-48],[137,-191],[34,33],[7,-19],[45,-4],[-4,-15],[27,-11],[4,-23],[15,-12],[40,-12],[3,-21],[20,-6],[36,3],[14,-13],[53,-19],[30,-33],[22,-10],[-7,-14],[18,-8],[16,-39],[13,-13],[16,3],[-5,-22],[7,-34],[-15,-9],[-19,-28],[-6,-45],[13,-16],[-7,-20],[38,-15],[-15,-10],[6,-24],[31,-7],[16,-17],[8,6],[11,-54],[20,-20],[11,-23],[44,-13],[-7,-9],[17,-22],[15,17],[25,-17],[2,-19],[29,-8],[21,-18],[-13,-14],[21,-4],[19,-33],[10,5],[47,-32],[28,-5],[3,-18],[25,-12],[8,16],[8,-16],[28,-9],[-10,-35],[-13,-21],[40,-63],[-9,-26],[-55,-30],[17,-29],[-20,-40],[31,-19],[121,225],[12,32],[11,-6],[7,15],[26,6],[45,-4],[8,-18],[24,-5],[14,12],[33,3],[24,-25],[17,-4],[35,5],[35,112],[116,-33],[21,52]],[[12400,52874],[4,9],[57,-57],[-7,-27],[109,-41],[34,-37],[18,-48],[19,22],[54,-3],[32,-6],[38,-30],[34,-14],[10,-50],[37,-21],[24,-47]],[[12863,52524],[-5,-6],[-25,-143],[-222,45],[-42,9],[-16,-131],[-46,8],[-25,-193],[19,-154],[50,-127],[7,-75],[-15,-17],[-12,-44],[5,-31],[-10,-31],[-34,-33],[-1,-14],[-25,-13],[-11,-16],[-5,-37],[9,-40],[23,-76],[66,42],[46,25],[-1,-164],[-3,-112],[-40,10],[-11,-125],[2,-14],[20,-15],[9,-30],[-7,-33],[-37,-58],[-40,-38],[-13,-72],[3,-9],[61,-57],[8,-19]],[[4796,51519],[80,845],[100,630],[147,7],[174,2],[167,2],[212,8],[149,13],[5,-69],[3,9],[4,-58],[-6,-56],[30,-1],[-2,-37],[16,-4],[-11,-48],[53,-9],[64,-23],[2,14],[125,45],[65,-5],[85,-19],[16,7],[12,42],[11,7],[-5,37],[-14,35],[28,40],[42,23],[4,29],[-28,10],[-27,27],[7,62],[76,82],[93,89],[122,-55],[78,-18],[34,-31],[51,-5],[7,20],[50,-14],[9,-13],[47,-9],[15,11],[3,-23],[15,8],[16,-8],[13,18],[16,5],[16,-17],[13,5],[22,26],[19,-3],[11,13],[24,-8],[6,21],[29,-20],[12,6],[-6,-56],[0,-40],[26,9],[6,19],[17,10],[95,-55],[113,60],[-20,-107],[0,-10],[244,-68],[9,18],[13,144],[61,-17],[55,-11],[37,-3],[14,-12],[69,-44],[26,-10],[38,-37],[101,-61],[60,-35],[192,-43],[24,67],[-4,45],[288,-32],[-21,174],[158,-59],[68,-4],[29,-60],[23,-64],[22,-28],[11,-27],[18,-24],[8,-35],[30,-48],[213,22],[163,31],[46,12],[65,4],[96,25],[22,-95],[117,25]],[[0,52448],[0,6322]],[[0,58770],[4320,-222],[99,2],[397,97]],[[4816,58647],[147,-797],[772,-1415],[594,-361],[28,-33],[72,-48],[129,-59],[422,-717],[26,19],[86,27],[24,14],[24,33],[18,118],[13,45],[20,48],[167,297],[8,49],[-19,43],[6,40],[32,18],[12,22],[6,30],[37,52],[26,64],[24,24],[7,45],[27,10],[26,-3],[25,-22],[-82,-56],[147,-188],[-11,-28],[22,-16],[108,-11],[72,-15],[-6,-30],[62,-22],[-8,-56],[147,-35],[9,-1],[132,148],[34,9],[59,3],[-1,-41],[63,-2],[-5,-95],[50,0],[3,-57],[318,-4],[4,-9],[32,8],[1,7],[74,9],[4,-20],[62,-88],[41,19],[25,22],[48,-58],[54,-80]],[[9033,55503],[179,-169],[170,-161],[253,-204],[57,-48],[209,-137],[38,-306],[153,-62],[9,-56],[20,-7],[-7,-17],[20,-8],[26,-30],[16,1],[5,-20],[12,-3],[5,-20],[23,-7],[-4,-21],[-83,-49],[186,-94],[-86,-159],[-51,-266],[-11,-51],[352,2],[88,64],[47,-34]],[[27000,36085],[31,27],[13,30],[53,39],[54,11],[5,-9],[19,14],[24,-5],[15,26],[23,-15],[42,34],[76,-28],[45,-20],[-2,-18],[20,-13],[70,3],[34,-9],[101,-13],[45,-10],[-1,20],[16,10],[5,-23],[-9,-10],[62,-34],[14,-23],[11,-1],[-15,-24],[-10,23],[-18,-21],[9,-36],[22,-17],[9,35],[22,29],[15,-14],[40,-7],[14,-11],[68,-23],[18,-9]],[[27940,35993],[34,-17],[7,-24],[62,-36],[20,-1],[44,-17],[53,12],[55,-3],[30,-16],[26,-4],[45,-23],[68,-29],[87,-5],[91,-22],[34,-1],[20,7],[-12,-38],[7,-33],[34,6],[11,-25],[-2,-31],[16,-8],[12,-36],[12,-20],[30,-10],[23,-26],[22,-34],[13,-52],[68,-1],[13,17],[22,10],[41,-2],[43,-23],[52,-8],[25,-15],[5,13],[35,23],[44,-18],[12,-14],[41,3],[23,-5],[16,7],[44,2],[55,-11],[-3,61],[29,8],[15,-14],[1,-15],[21,-18],[18,-40],[20,9],[-2,13],[57,-9],[15,-23],[13,-1],[15,19],[55,-2],[0,-8],[80,12],[86,9],[0,3],[69,21],[3,9],[26,-11],[0,27],[34,-3],[2,-32],[40,-12],[31,4],[-6,90],[26,-9],[70,-32],[58,-39],[33,-33],[37,-28],[-6,-13],[50,-33],[-44,-29],[20,-37],[141,22],[23,10],[8,29],[38,-10],[-9,8],[42,54],[7,25],[17,6],[-19,-26],[7,-96],[108,51],[24,20],[43,99],[24,112],[-3,30],[9,3],[-1,45],[50,3],[51,-34],[31,19],[108,55],[161,93],[44,41],[19,46],[97,168],[55,80],[34,55],[61,91],[58,82]],[[31412,36410],[48,-6],[43,-11],[215,-46],[152,-12],[100,-6],[122,-3],[230,-9],[583,224]],[[32905,36541],[128,5],[318,-37],[828,-517]],[[34179,35992],[298,-255],[158,-141]],[[27940,35993],[27,81],[37,-13],[22,71],[51,-5],[5,39],[-26,0],[14,86],[11,1],[-24,29],[19,26],[53,-9],[-5,-56],[207,10],[-43,76],[-35,42],[17,25],[30,-9],[26,2],[62,-5],[14,3],[4,17],[55,54],[35,17],[-17,4],[-23,22],[-118,137],[-3,8],[-39,20],[-49,32],[-47,17],[14,9],[4,35],[30,8],[13,19],[11,29],[-3,23],[11,27],[24,18],[32,-3],[1,45],[101,-5],[25,14],[39,2],[15,37],[4,27],[-1,54],[24,-8],[11,16],[26,19],[17,40],[4,70],[-5,27],[43,12],[-10,74],[4,89],[8,21],[-2,27],[26,33],[-24,30],[-13,45],[7,38],[-10,210]],[[28626,37797],[40,15],[92,5],[25,-1],[75,8],[48,18],[64,-7],[221,-6],[28,-16],[91,16],[35,4],[67,14],[75,7]],[[29487,37854],[67,-19],[67,-23],[58,-56],[34,-50],[46,-43],[52,-38],[172,-94],[113,-65],[103,-76]],[[30199,37390],[19,-113],[48,-100],[268,-159],[74,-39],[65,-21],[73,-19],[131,-98],[182,-109],[46,-39],[90,-61],[136,-85],[81,-137]],[[24283,36969],[32,1],[19,22],[43,13],[41,26],[61,29],[70,23],[-3,-9],[14,-55],[44,6],[0,-23],[80,19],[27,-1],[-3,-26],[33,-10],[12,58],[36,-19],[-8,-8],[-12,-35],[12,2],[11,-21],[35,-22],[5,11],[23,-9],[21,6],[56,-11],[10,5],[0,23],[20,6],[-18,19],[11,14],[40,-19],[17,54],[10,-8],[33,25],[61,-3],[-1,20],[23,28],[1,47],[-5,21],[13,21],[-15,20],[30,35],[8,19],[53,12],[-10,52],[47,53],[-3,27],[11,18],[-5,49],[-11,26],[13,11],[-10,11],[12,12],[-9,11],[20,14],[-30,76],[93,59],[26,23],[25,12],[54,58],[32,17],[32,27],[9,25],[-43,19],[-1,7],[39,52],[7,2],[33,66],[43,51],[-25,60],[-74,61],[-34,52],[-123,81],[-26,57],[-9,-6],[-48,-3],[-5,-6],[-2,46],[23,137]],[[25274,38532],[46,9],[105,28],[51,24],[20,-37],[69,34],[59,11],[1,-43],[74,16],[90,12],[67,-9],[4,92],[27,-11],[9,84],[-2,22],[31,14],[4,-13],[34,9],[5,20],[25,11],[1,32],[-9,13],[-25,7],[5,16],[19,6],[26,32],[19,-31],[16,11],[28,-58],[25,19],[50,49],[113,-4],[-1,24],[27,23],[8,-10],[23,20],[-37,34],[-39,27],[21,40],[1,20],[42,46],[45,-3],[16,25],[39,35],[5,22],[14,10],[16,40],[23,11],[12,-11],[24,14],[17,-24],[40,16],[17,29],[14,-5],[-1,22],[16,36],[-7,98],[1,40],[39,0],[-5,45],[25,0],[7,22],[14,12],[-11,33],[-35,5],[-4,12],[-38,38],[-6,17],[13,30],[6,35],[19,35],[44,148],[14,17],[2,23],[-20,24],[29,32],[40,4],[26,-8],[-1,11],[-45,53],[51,26],[-39,125],[73,-8],[-15,52],[4,38],[27,25],[22,34],[10,51],[-4,22],[16,39],[25,9],[29,24],[28,7],[10,37],[23,6],[7,16],[-20,10],[-8,22],[15,18],[5,22],[-17,53],[14,19]],[[26966,40711],[20,-7],[26,1],[-4,89],[4,39],[58,70],[76,-63],[38,21],[10,12],[60,-23],[1,16],[15,20],[16,-1],[49,34],[8,33],[-22,86],[-30,37],[4,44],[-23,46],[14,2],[27,25],[17,3],[36,24],[18,6],[12,17],[44,32]],[[27440,41274],[12,-33],[19,10],[34,-3],[6,12],[119,-39],[13,27],[17,-8],[8,-33],[247,-77],[-4,-23],[181,14],[17,-25],[108,0],[27,-2],[64,3],[3,-13],[30,6],[-2,7],[43,0],[26,-161]],[[28408,40936],[-20,-6],[-39,-31],[-11,-33],[-24,-32],[-8,0],[-30,-29],[-17,-30],[1,-47],[-17,-57],[-17,-85],[81,-13],[31,15],[48,13],[18,11],[45,-12],[44,7],[136,41],[20,-53],[-15,-40],[-25,-28],[-2,-21],[11,-21]],[[28618,40485],[-9,-7],[1,-28],[-6,-35],[-59,-52],[-32,-23],[-27,-56],[-6,-29],[4,-29],[-35,-75],[22,-55],[-25,-18],[-28,2],[-31,-16],[-13,-20],[-63,-71],[-19,-54],[29,-30],[-12,-24],[-29,-37],[-36,-33],[-46,-28],[-24,-23],[4,-20],[-79,-63],[30,-36],[85,-56],[15,-74],[-17,-71],[5,-69],[9,-30]],[[28226,39325],[-26,-41],[3,-56],[48,-22],[56,-14],[82,-27],[101,-46],[78,-50],[49,-40],[39,-37],[-15,-25],[14,-14],[-37,-34],[-38,15],[-30,19],[3,8],[-31,13],[-11,-21],[-108,62],[-10,-19],[-38,21],[1,-35],[-6,-59],[-22,-39],[-22,-7],[-14,17],[-11,-16],[-5,-51],[-35,-25],[21,-40],[31,9],[10,-39],[30,9],[12,-51],[-70,-32],[15,-49],[13,-28],[-48,-10],[-24,-17],[5,-13],[-55,-44],[4,-13],[-36,7],[16,-33],[-40,-34],[-10,-30],[10,-64],[23,-37],[15,-18],[-16,-42],[-25,-11],[-1,-18],[18,-32],[-15,-21],[-10,-40],[-41,-8],[-6,-28],[12,-14],[8,-49],[25,-40],[33,-104],[11,-128],[59,-2],[85,15],[52,-4],[61,6],[131,36],[82,6]],[[28226,39325],[25,-13],[127,18],[1,-20],[65,32],[41,33],[53,30],[41,11],[38,1],[27,7],[26,19],[19,25],[42,23],[28,2],[22,-12],[37,0],[47,-22],[41,5],[41,-11],[26,-37],[29,-16],[32,-7],[85,-28],[18,51],[-3,27],[19,45],[13,8],[20,34],[48,-40],[2,-15],[33,-30],[8,-48],[34,-2],[41,28],[3,26],[139,-51],[42,-23],[23,-42],[30,-20],[18,-31],[11,-3],[30,-50],[19,2],[11,-41],[-7,-31],[-56,-41],[14,-35],[18,27],[20,-48],[35,10],[-3,-111]],[[29699,38961],[4,-15],[-11,-39],[-14,-21],[36,-43],[13,-34],[-19,7],[-32,-25],[84,-8],[-51,-28],[-15,-14],[-27,-5],[-19,-15],[2,-53],[-4,-21],[7,-28],[14,-19],[11,-30],[-15,-26],[-14,-2],[-11,-18],[-4,-42],[-7,-12],[-31,-10],[-8,-26],[-24,-26],[8,-49],[13,-6],[-4,-36],[-35,-34],[-6,-60],[10,-6],[-13,-50],[-24,-15],[-51,-265],[25,-33]],[[34179,35992],[-64,614],[-50,756],[-52,257],[2,19],[-89,93],[-23,40],[-7,-1],[-1,41],[4,60],[-13,34],[-24,12],[-75,120],[-58,84],[24,18],[-26,38],[-26,26],[-72,45],[-16,17],[5,40],[-17,77],[14,41],[16,15],[7,23],[27,35],[-11,29],[-23,33],[-20,8],[8,48],[-9,1],[10,22],[-2,58],[-86,-4],[-17,26],[16,26],[-8,27],[-5,58],[-68,-8],[-5,51],[-24,35],[-35,-12],[-35,51],[-19,12],[-9,17],[0,32],[-7,15],[9,25],[-5,34],[-11,-1],[-35,19],[-7,11],[18,21]],[[33285,39130],[23,12],[-93,66],[-28,17],[-29,-2],[-27,64],[-9,42],[-72,11],[-30,10],[8,31],[20,-5],[7,35],[28,18],[-18,30],[-37,41],[-14,28],[12,40],[10,109],[58,-31],[17,33],[21,-2],[2,32],[-23,12],[-32,0],[5,50],[18,51],[1,98],[-24,5],[-7,14],[-70,71],[3,36],[29,-1],[66,21],[39,0],[57,15],[25,0],[0,31],[-10,67],[-25,53],[8,18],[-12,31],[-55,2],[-22,-4],[-24,114],[34,22],[-12,19],[-16,67],[11,58],[43,79],[-42,16],[-14,20],[-36,2],[-21,18],[-34,2],[-40,23],[-30,32],[-15,-8],[-28,8],[-4,25]],[[32877,40776],[29,2],[35,-10],[23,22],[59,18],[30,4],[48,21],[32,0],[-20,40],[14,18],[57,-23],[32,5],[45,-4],[56,22],[106,-31],[21,4],[10,49],[9,2],[54,-17],[56,1],[80,12],[13,20],[36,1],[44,19],[33,4],[50,-7],[113,-29],[26,-14],[-5,22],[12,14],[-13,48],[-25,31],[-16,42],[27,34],[5,64],[-15,26],[9,36],[3,49],[10,13],[-13,33],[4,39],[34,34],[63,32],[32,51],[18,20],[9,25],[19,18],[51,70],[171,285],[825,348]],[[35173,42239],[126,-358],[477,19],[124,-1],[97,-10],[137,-26],[163,23],[95,30],[123,-8],[93,7],[166,-42],[58,-49],[864,-1333]],[[37696,40491],[-530,-671],[16,-318],[29,-1351]],[[30199,37390],[-39,465],[40,23],[24,2],[58,23],[9,52],[-13,7],[-17,-9],[14,32],[-14,0],[7,30],[9,-11],[22,-3],[4,14],[-25,6],[24,7],[13,53],[31,9],[-5,17],[19,14],[13,-31],[31,7],[-4,13],[32,20],[44,14],[11,18],[19,9],[-4,16],[-22,22],[-24,41],[-18,21],[1,21],[12,11],[44,6],[11,23],[70,-15],[-3,-28],[4,-41],[16,-7],[-43,-53],[21,-14],[25,8],[34,-4],[60,21],[13,35],[54,68],[53,39],[35,16],[14,-3],[26,39],[42,-7],[19,-7],[38,18],[2,8],[27,-5],[60,14],[41,-14],[7,10],[22,4],[34,43],[19,12],[-1,13],[24,43],[-1,17],[-19,29],[-8,-4],[-24,65],[-44,-33],[-21,3],[-8,15],[-47,24],[-14,0],[6,91],[37,-11],[19,4],[10,43],[-3,45],[-22,-1],[-4,64],[-8,1],[0,57],[-21,7],[-14,25],[-20,57],[-27,36],[-29,31],[-21,33],[-18,8],[0,13],[-22,32],[-25,23],[2,9],[-65,53],[-14,86],[56,32],[-6,28]],[[30844,39407],[21,11],[11,-12],[27,28],[83,-7],[-14,-36],[8,-19],[39,-45],[15,-27],[17,7],[31,-7],[45,-53],[9,3],[20,-46],[13,2],[16,-18]],[[31185,39188],[31,-65],[29,-31],[47,-38],[25,-2],[45,-37],[33,-40],[49,-72],[-6,-18],[-24,-5],[18,-41],[10,2],[28,-32],[4,-17],[56,-32],[16,-40],[22,1],[7,-13],[-3,-35],[24,-13],[35,-7],[15,4],[65,-8],[7,4],[42,120],[22,72],[49,-3],[32,21],[64,27],[13,0],[63,-27],[25,56],[-7,39],[215,-13],[30,60],[14,9],[44,0],[55,-26],[75,-23],[28,31],[36,-29],[-6,-58],[10,-17],[-2,-25],[21,-44],[22,-15],[17,-3],[11,28],[20,-4]],[[32611,38829],[-10,-34],[4,-25],[-6,-39],[5,-36],[28,-27],[9,-33],[-14,-76],[7,-44],[-50,-9],[17,-55],[42,-33],[-8,-26],[12,-22],[-6,-24],[9,-11],[-23,-63],[-33,-3],[-21,-12],[-13,-30],[-19,-13],[-34,15],[-11,-16],[-18,-3],[-14,20],[-37,-14],[5,-12],[-14,-36],[-18,-12],[-3,-23],[-23,-18],[-9,-50],[28,-80],[-9,-23],[0,-24],[-23,-23],[-16,-38],[-16,-16],[8,-9],[-17,-45],[8,-13],[-5,-29],[-23,3],[-2,-14],[25,-33],[14,-29],[-32,-26],[-25,-2],[3,-68],[32,7],[-12,-42],[-13,-10],[-43,-11],[-33,-14],[-17,-14],[3,-23],[-17,-20],[-16,1],[21,-33],[15,7],[40,44],[57,-26],[16,10],[46,-48],[-71,-66],[51,-42],[-23,-59],[-4,-65],[18,-36],[-4,-25],[-21,-60],[10,-20],[0,-22],[330,-236],[257,-252]],[[32611,38829],[7,-3],[18,32],[0,47],[120,-21],[-2,36],[188,-13],[-4,65],[14,16],[40,-7],[56,18],[6,8],[38,-3],[18,9],[19,-15],[33,-3],[3,76],[35,56],[42,0],[22,12],[21,-9]],[[26966,40711],[-11,16],[-46,21],[-5,28],[-36,-6],[-13,7],[0,23],[13,44],[-5,36],[-10,24],[-21,30],[9,70],[46,55],[-8,19],[-267,2],[2,112],[57,-1],[5,49],[-61,3],[1,91],[-40,0],[-6,-63],[-178,1],[12,74],[-27,-11],[-7,-38],[-33,-18],[2,16],[-30,0],[-3,10],[-23,-14],[-21,7],[1,55],[-21,6],[0,11],[-57,9],[0,-43],[-101,73],[-9,-6],[9,38],[-14,2],[-2,-31],[8,0],[-16,-27],[-38,-26],[-13,17],[-102,22],[-97,6],[-10,4],[17,59],[12,-2],[15,41],[-81,-11],[-20,12],[15,48],[0,33],[-7,2]],[[25751,41590],[24,43],[99,5],[3,31],[-6,45],[-50,48],[47,32],[16,30],[-17,9],[-22,27],[10,26],[15,0],[10,79],[49,62],[8,-9],[38,-5],[27,4],[-9,26],[12,116],[-198,82],[-46,7],[-4,19],[21,9],[41,50],[26,11],[17,20],[32,8],[11,16],[-2,80],[30,-1],[50,-14],[68,0],[8,11],[14,-7],[9,25],[-13,92],[-15,44],[-25,14],[3,12],[-25,14],[-14,-5],[-22,19],[-54,57],[8,18],[-26,31],[-36,12],[9,13],[-23,27],[-8,-9],[-36,39],[-42,78],[-5,19],[-28,59],[-1,16],[-39,12],[-11,43],[13,17],[-28,26],[-7,-16],[-33,39],[-18,64],[-13,24],[-14,-3],[-51,56],[-44,26],[-30,-4],[-6,14],[-43,1],[-6,17],[-39,-3],[-22,30],[-30,25],[-9,21],[-2,41],[-23,30],[-3,38],[-30,15],[5,57],[-9,21],[-26,20],[-7,27],[-15,-1],[-15,17],[-47,30],[-55,64]],[[25072,43773],[-30,35],[-4,30],[-28,-5],[-112,-70],[-25,61],[-26,37],[-2,73],[20,76],[-57,20],[32,82],[42,39],[65,-11],[-13,37],[5,8],[-9,68],[-33,18],[-2,44]],[[24895,44315],[54,-12],[20,-31],[24,17],[15,-16],[23,1],[29,-18],[19,1],[15,-24],[51,-58],[1,-15],[23,-7],[8,-14],[62,-45],[-3,-12],[35,-37],[33,-14],[62,15],[49,-14],[103,-72],[59,0],[23,-16],[24,-5],[27,-25],[26,-16],[-9,-11],[14,-13],[8,7],[58,-71],[43,80]],[[25791,43890],[240,-17],[63,-31],[109,-30],[306,-7],[14,2],[193,14],[88,-18],[77,-26],[24,-27],[-10,-31],[22,-34],[13,-7],[18,-39],[21,-6],[-2,-11],[47,-21],[50,17],[2,41],[16,7],[1,27],[21,27],[1,87],[70,10],[94,-18],[-16,85],[48,16],[81,50],[2,25],[16,29],[39,15],[4,-10],[70,16],[18,12],[27,32],[20,14],[43,4],[59,-16],[1,6]],[[27681,44077],[15,-1],[43,-16],[38,-22],[11,6],[70,-9],[23,12],[9,36],[25,33],[54,26],[30,-7],[-11,-24],[17,-28],[98,-71],[18,-6],[-6,-28],[36,-5],[15,-15],[24,-3],[44,-37],[12,0],[6,-20],[27,-12],[44,3],[48,-8],[8,14],[9,-15],[39,21],[6,-8],[51,-5],[28,21],[21,-8]],[[28533,43901],[-22,-139],[-61,0],[-3,-19],[-22,13],[-16,-3],[-1,-22],[-33,-88],[-55,-39],[93,-74],[-20,-24],[-40,-13],[5,-13],[-34,-11],[1,-30],[-19,-36],[9,-8],[-17,-19],[-41,-5],[-11,-7],[-21,15],[-18,-6],[-49,-33],[-11,-16],[6,-22],[-38,-31],[-11,-22],[-26,-20],[-13,0],[-55,-33],[-17,-22],[-49,-48],[-17,1],[-21,-15],[-15,0],[-37,-28],[6,-38],[-9,-29],[-23,-4],[-19,-26],[-19,-12],[-19,-32],[7,-42],[10,-30],[33,-15],[14,-18],[-4,-21]],[[27831,42817],[-30,-10],[-3,-40],[-31,-5],[-2,-20],[-42,-35],[-21,11],[-4,-14],[-16,-2],[-12,-32],[10,-14],[-22,-21],[18,-31],[-24,5],[-14,-12],[19,-16],[-11,-41],[-24,9],[7,-25],[-9,-18],[-23,-16],[17,-26],[-28,8],[-2,-16],[-21,-2],[-49,-43],[-10,11],[-24,-13],[-6,-26],[-63,-24],[-4,-30],[-9,-12],[-67,-29],[-18,-1],[-41,24],[-9,-47],[-26,5],[-73,-33],[-4,-134],[4,-9],[13,-84],[17,-26],[33,6],[7,-15],[35,-39],[153,-95],[4,-11],[63,-73],[21,-13],[40,-10],[22,-14],[0,-10],[24,-15],[-26,-63],[-2,-22],[-13,-36],[-20,-22],[-8,-56],[20,-26],[1,-45],[-10,-19],[-32,-6],[5,-20],[-16,-24],[-21,-45],[-8,-44],[-19,14],[-7,-6]],[[27831,42817],[13,-10],[-2,-34],[75,-60],[-8,-15],[50,-41],[6,-13],[24,-17],[32,-12],[-5,-22],[8,-41],[-4,-23],[-10,0],[7,-52],[29,-1],[60,-12],[31,-14],[29,-20],[54,-21],[44,-5],[25,5],[52,-17],[35,11],[41,19],[26,17],[-7,7],[10,18],[72,-44],[32,45],[47,-34],[26,26],[23,-7],[41,20],[35,47],[30,-10],[38,54],[48,-16],[24,28],[56,39],[33,0],[52,22],[5,-23],[33,-34],[16,0]],[[29057,42577],[-14,-22],[-23,-19],[-1,-29],[16,-19],[-25,-25],[-2,-25],[14,-25],[14,-42],[-23,-20],[-9,-22],[-3,-106],[-19,-113],[-31,5],[-6,-14],[-54,-142],[89,23],[22,-144],[44,-9],[39,16],[34,2],[61,-9],[4,-38],[-22,-5],[-87,-198]],[[29075,41597],[-26,16],[-64,-103],[73,-12],[-22,-36],[-20,-7],[-49,-87],[-5,4],[-21,-24],[11,-8],[-10,-13],[40,-29],[-12,-17],[9,-21],[-78,-39],[-17,-12],[-38,3],[-1,-12],[-43,4],[-85,19],[-36,17],[-54,-72],[7,-18],[4,-74],[-15,-38],[-26,0],[-49,-18],[-18,-35],[-46,-14],[-39,-26],[-37,-9]],[[25751,41590],[-40,8],[-91,-35],[-9,-7],[0,-25],[-9,-16],[-60,-23],[-1,-18],[-13,-2],[-29,-22],[-21,0],[-34,-28],[-80,38],[-47,2],[-69,-36],[-13,0],[-18,162],[-24,2],[19,84],[-54,15],[-2,15],[-56,-21],[-35,2],[4,44],[-46,-2],[-3,-19],[-35,7],[3,12],[-41,38],[0,22]],[[24947,41787],[5,0],[30,243],[26,32],[-18,93],[-34,155],[-12,44],[-21,116],[134,70],[12,112],[-132,107],[20,16],[37,15],[-100,203],[24,8],[1,38],[-29,-4],[-111,9],[-11,31],[12,80],[25,-2],[4,98],[-140,105],[-57,34],[-45,39],[11,77],[10,90],[53,104],[31,39],[23,61],[186,-83],[40,0],[43,-57],[48,-24],[-1,-35],[29,-5],[0,95],[10,29],[0,30],[10,-4],[12,27]],[[23814,36692],[-37,60],[25,17],[-7,25],[-32,14],[-4,17],[-22,28],[17,27],[-19,59],[7,3],[-3,62],[8,28],[31,42],[6,36],[35,-5],[16,9],[-3,20],[-24,25],[-33,9],[-48,4],[-46,10],[-26,-2],[13,67],[35,-8],[10,35],[23,-5],[23,101],[-17,96],[54,4],[-8,114],[-24,48],[10,44],[11,90],[-24,-10],[-16,8],[-24,28],[-57,26],[-35,1],[-1,17],[-37,18],[-28,8],[-60,32],[-30,27],[7,12],[-47,5],[-48,11],[3,15],[47,26],[-11,17],[-13,58],[-52,10],[-3,63],[-26,7],[-30,16],[-32,0],[-29,-20],[-8,16],[-15,3],[-5,15],[-41,56],[-37,23],[-12,52],[-96,50],[-105,6],[-39,7],[58,163],[36,16],[249,11],[32,-28],[29,-14],[5,12],[-15,11],[-42,86],[-17,26],[23,12],[107,36],[-31,53]],[[23315,38753],[159,52],[102,15],[51,-18],[-7,21],[9,28],[14,252],[170,15],[81,-4]],[[23894,39114],[60,-3],[130,-90],[63,-33],[6,-12],[-11,-110],[-8,-18],[60,-57],[4,18],[65,-2],[42,-14],[15,22],[18,5],[16,-8],[18,-23],[40,39],[32,-37],[61,-17],[20,26],[-13,12],[8,48],[56,-5],[21,-56],[26,-21],[23,5],[29,-4],[35,17],[26,18],[40,-27],[65,0],[9,-24],[22,-7],[5,-17],[67,-84],[18,8],[112,69],[12,5],[43,-74],[34,-5],[38,-34],[16,-53],[21,-29],[36,-10]],[[21163,36790],[-46,188],[67,184],[11,174],[10,-3],[0,22],[-17,-7],[-110,171],[34,7],[9,11],[171,103],[50,21]],[[21342,37661],[43,3],[2,-69],[25,4],[52,-21],[19,-41],[21,3],[43,-140],[95,-165],[219,-20],[92,-11],[43,-7],[27,-12],[78,-22],[28,40],[136,148],[-2,15],[-14,7],[7,17],[12,-3],[1,38],[37,13],[0,-14],[23,0],[72,104],[-13,2],[5,39],[29,-10],[17,20],[-96,44],[2,7],[89,-23],[37,-13],[51,167],[3,36],[33,168],[6,38],[54,-4],[0,24],[-104,37],[-5,109],[-92,15],[-2,9],[-1,195],[-41,34],[-11,19],[4,22],[17,16],[5,24],[-7,70],[8,11],[31,-1],[-14,40],[-38,26],[-15,27],[0,29],[24,53],[-4,27],[84,120],[-9,24],[5,20],[-8,24]],[[22445,38973],[70,36],[-4,23],[40,24],[50,7],[1,14],[42,-9],[25,6],[7,-20],[38,-15],[76,-14],[45,-19],[-1,-19],[47,1],[11,-77],[80,-19],[-1,-6],[88,-11],[10,6],[85,-12],[161,-116]],[[21342,37661],[15,144],[-89,27],[-26,-86],[-202,113],[6,29],[-1,37],[25,54],[30,32],[36,50],[21,69],[17,25],[13,164],[-20,87],[13,33],[0,29],[-13,30],[-53,45],[25,36],[8,-2],[30,50],[19,64],[-68,5],[-13,80],[1,15],[54,-8],[34,6],[205,86],[32,4],[51,-20],[13,12],[322,17],[23,68],[-52,43],[-61,44],[-81,44],[-113,49],[5,4],[-106,35],[-79,17],[-14,45],[40,95],[82,8],[32,-2],[36,8],[6,8],[66,-4],[14,7],[11,47],[35,59],[-101,-4],[9,59],[-47,8],[-4,-29],[-24,4],[0,87],[32,18],[39,-13]],[[21575,39593],[52,6],[10,-23],[76,-12],[67,36],[1,-9],[39,8],[42,-73],[-71,-54],[21,-59],[82,25],[44,-41],[-1,-15],[32,0],[16,-20],[7,-82],[41,32],[26,47],[4,15],[36,30],[29,-5],[38,0],[57,-49],[15,-4],[35,-45],[22,-14],[66,-135],[16,-22],[16,-62],[25,-18],[6,-34],[21,-43]],[[20090,37922],[-45,16],[-68,-18],[-8,2],[-66,58],[-71,23],[-50,29],[-121,111],[-52,51],[-23,42],[21,20],[-11,38],[-29,34],[-23,10],[-12,36],[-37,23],[-36,34],[7,15],[-25,24],[-27,-6],[-14,17],[4,14],[-16,-4],[2,35],[-6,17],[-14,-1],[11,16],[-10,24],[-52,56],[-65,49],[-34,35],[-10,21],[-57,74],[10,8],[-32,38],[-18,38],[-40,33],[-148,-281],[-105,38],[25,-147],[-265,37],[-94,16]],[[18486,38597],[28,164],[64,365],[15,-2],[18,-20],[104,-20],[26,18],[-2,15],[30,-6],[-7,23],[15,6],[75,-45],[11,-21],[49,-1],[23,25],[38,14],[45,102],[34,120],[1,14],[142,458],[35,119],[-2,41],[56,-10],[68,-25],[58,-28],[-4,-15],[24,-24],[19,1],[46,-45],[10,-5],[-1,-4],[7,-6],[3,2]],[[19514,39807],[6,-13],[39,23],[21,-11],[103,-7],[190,-40],[94,-16],[62,2],[64,24],[34,24],[-4,17],[24,18],[-42,50],[3,31],[42,24],[38,51],[-12,47],[-1,125],[70,35],[88,23],[11,-1],[87,-62],[16,0],[135,117],[71,154],[114,-56],[-35,-143],[87,-16],[-4,-14],[24,10],[27,-5],[-17,-16],[51,-77],[93,54],[20,-40],[50,-152],[59,-79],[76,-85],[47,-38],[36,-23],[38,-3],[96,104],[23,-13],[35,39],[19,6],[15,-83],[15,6],[47,6],[43,61],[-13,-54],[-10,-87]],[[21589,39724],[-14,-131]],[[15655,41452],[42,-66],[6,-19],[63,-60],[66,-26],[109,-79],[82,-31],[21,-16],[53,-17],[94,-58],[93,-88],[107,-61],[15,-3],[46,-41],[32,-41],[57,-46],[56,52],[35,37],[89,86],[137,136],[27,-13],[43,-12],[91,-59],[1,-11],[24,-4],[22,-22],[12,14],[27,-25],[129,-94],[31,-24],[544,-396],[293,551],[201,382],[-83,200],[-124,303],[2,8]],[[18098,41909],[17,-6],[10,-18],[19,7],[9,-13],[9,10],[20,-22],[8,7],[31,-11],[-14,-17],[28,8],[11,-4],[12,15],[18,-7],[-1,-20],[36,0],[2,7],[71,-4],[54,-17],[39,0],[23,10],[14,-13],[-3,-25],[31,-11],[8,-15],[33,8],[9,-26],[-7,-24],[23,-29],[20,-4],[4,30],[17,-30],[-9,-12],[20,0],[-10,-36],[11,18],[29,6],[18,-40],[12,20],[14,1],[9,-32],[13,-7],[18,8],[4,-25],[20,5],[44,87],[23,55],[97,-52],[151,196],[263,-122],[125,256],[78,157],[63,-42],[20,-31],[4,-19],[19,-8],[16,5],[64,-81],[10,-2]],[[19775,42000],[19,-30],[10,4],[32,-23],[46,-24],[6,-22],[-7,-25],[6,-25],[-33,-23],[-29,-32],[-95,-221],[4,-3],[-83,-249],[-47,-147],[-21,-49],[-16,-20],[20,-16],[23,0],[12,-19],[13,12],[-7,-29],[30,-21],[21,-7],[-27,-235],[-18,-147],[-40,-240],[54,-34],[-59,-170],[-25,6],[4,38],[-25,-162],[-29,-280],[0,0]],[[18486,38597],[-22,-127],[-126,21],[-3,-29],[-130,17],[13,-34],[-68,36],[-332,97],[-1,-3],[-139,-68],[-22,-27],[-39,-94],[-3,2],[-24,-58],[-39,18],[-100,-70],[-111,-84],[-199,21],[1,77],[-51,12],[0,-49],[-16,1],[0,16],[-31,3],[0,-55],[-11,13],[-66,-33],[10,-34],[-3,-65],[-85,-31],[3,-56],[-52,-7],[2,-68],[128,18],[113,-100],[-57,-290],[-18,8],[-74,-248],[42,-46],[-146,-455],[-38,-123],[-13,-32],[22,-17],[9,3],[8,-26],[14,3],[15,-20],[-12,-23],[-7,-108],[-20,-290],[-5,-8]],[[15788,42171],[29,124],[77,308],[66,246],[67,235],[188,-66],[22,12],[50,8],[2,19],[108,296],[23,-14],[48,140],[21,-1],[18,-36],[24,-9],[69,-14],[19,-18],[21,58],[49,-41],[13,53],[0,19]],[[17804,43625],[-7,-80],[3,-2],[-34,-67],[70,-62],[-35,-84],[194,-114],[74,-43],[15,-252],[3,-67],[14,-246],[-47,-169],[-83,-290],[-29,-124],[11,4],[14,-109],[13,8],[15,-7],[9,25],[-8,16],[13,6],[-3,-22],[28,-2],[30,16],[-6,-17],[7,-19],[33,-15]],[[15223,43527],[59,97],[-16,45],[65,19],[31,22],[18,2],[-7,31],[3,26],[23,-1],[-5,52],[5,-1],[-42,103],[-49,161],[69,-13],[7,-8],[71,3],[13,-9],[27,3],[20,-18],[23,-32],[14,-3],[8,-18],[-25,-13],[18,-43],[53,-14],[42,-6],[0,8],[64,23],[11,-3],[-29,-107],[123,-27],[-7,-27],[52,-13],[36,82],[20,79],[29,-5],[47,-19],[-31,121],[-11,36],[86,21],[-45,70],[38,9],[-4,6],[64,18],[-5,14],[120,22],[-4,13],[84,33],[-15,47],[47,-19],[22,-4],[116,47],[1,45],[38,10]],[[23894,39114],[-13,27],[30,24],[25,49],[9,32],[21,-8],[4,29],[18,-8],[-17,44],[52,-3],[59,8],[0,37],[19,4],[21,29],[2,47],[23,32],[63,-31],[13,3],[16,39],[1,23],[14,19],[-13,29],[8,25],[13,15],[37,14],[48,44],[6,28],[8,-5],[11,83],[68,-13],[-30,16],[39,90],[12,20],[23,12],[19,28],[30,64],[-24,11],[27,65]],[[24536,40036],[139,-62],[3,19],[31,8],[-5,42],[3,26],[-21,90],[-51,88],[-2,26],[173,36],[-2,21],[21,2],[-9,-21],[147,31],[-36,51],[16,47],[-58,20],[-2,59],[71,8],[10,-6],[7,76],[8,48],[-20,14],[-28,92],[5,55],[-29,21],[-18,-3],[19,105],[33,108],[-52,89],[37,-2],[20,100],[-12,1],[23,157],[-64,1],[15,96],[-22,80],[32,103],[-21,90],[-5,40],[55,-5]],[[21589,39724],[88,-24],[14,125],[70,-1],[75,-49],[38,-68],[120,32],[-11,-67],[74,22],[18,38],[-3,11],[78,-13],[64,-4],[5,-59],[76,34],[85,-2],[79,34],[8,121],[-47,9],[-7,77],[-16,97],[9,79],[32,8],[8,-10],[17,28],[40,-29],[72,-42],[10,-10],[45,-25],[7,26],[50,-11],[18,5],[21,-9],[48,-42],[9,-25],[33,-52],[-35,-71],[69,-17],[6,25],[34,-30],[99,56],[14,72],[-67,-7],[-20,27],[13,4],[18,32],[33,-4],[8,37],[17,-1],[-35,41],[-20,52],[63,-3],[-2,108],[10,105],[22,-6],[22,5],[19,28],[14,-14],[30,-11],[30,-20],[-3,-34],[16,6],[57,-17],[-8,11],[23,24],[11,-2],[29,18],[-1,36],[10,-12],[31,17],[42,12],[1,27],[66,15],[30,60],[-14,12],[33,37],[-2,-11],[37,18],[11,-12],[46,11],[16,13],[35,12],[29,24],[37,-8],[77,29],[40,1],[35,14],[18,-12],[29,-4],[30,11],[18,-5],[40,19],[37,-8],[34,13],[32,31],[17,4],[24,19],[27,-2],[34,14],[74,-140],[32,-38],[153,-92],[78,-40],[21,-1],[-8,-34],[-4,-46],[-26,-1],[15,-59],[3,-56],[-16,-29],[-49,10],[-7,-28],[50,-13],[-10,-29],[-19,11],[-3,-21],[62,-21],[-22,-6],[16,-42],[14,-6]],[[19775,42000],[7,11],[-20,22],[20,57],[15,79],[45,120],[98,-85],[15,37],[37,-25],[8,9],[-15,18],[67,-28],[10,68],[-21,23],[105,8],[-37,62],[12,4],[-60,155],[-45,36],[-39,40],[24,39],[66,88],[59,107],[29,45],[48,61],[64,-55],[62,-26],[66,-51],[49,-24],[39,-29],[42,-45],[16,16],[66,84],[15,-87],[11,-6],[32,12],[42,32],[-23,-2],[57,130],[-20,3],[20,45],[-31,5],[99,127],[5,15],[38,-1],[2,35],[12,11],[31,11],[10,-6],[34,2],[1,16],[59,4],[18,-5],[7,-14],[24,-7],[9,-27],[49,-20],[31,5],[11,16],[43,-5],[-28,164],[111,57],[25,-26],[11,4],[-18,31],[170,88],[-39,15],[-50,-27],[43,84],[18,-7],[13,20],[-77,35],[19,34],[20,66],[38,65],[78,89],[-16,24],[11,24],[-2,24],[-21,2],[9,27],[10,144],[246,263],[0,24],[22,166],[32,91],[11,22],[71,21],[18,-11],[22,24],[-8,2],[97,254],[77,-28],[33,226]],[[22139,45101],[421,-26],[79,-12],[-8,-41],[47,-16],[-1,-26],[34,-10],[70,-13],[28,-18],[22,-24],[-6,38],[-4,79],[4,52],[13,43],[261,-245],[76,-156],[21,-1],[21,14],[32,-22],[30,-5],[46,-15],[5,-13],[36,-6],[28,-31],[18,-7],[23,16],[57,15],[28,1],[27,17],[17,21],[44,26],[6,8],[32,1],[43,-17],[30,-49],[12,-73],[28,-79],[55,-11],[36,13],[20,21],[21,5],[30,26],[3,-27],[37,24],[26,-2],[19,-12],[10,7],[30,-25],[34,10],[33,25],[17,31],[5,-14],[71,10],[54,19],[7,29],[-51,1],[6,24],[28,9],[24,17],[14,0],[71,20],[-5,-23],[28,4],[37,-22],[11,0],[32,-21],[26,0],[38,-19],[20,-18],[40,-24],[15,-21],[35,-16],[28,-6],[13,-16]],[[24677,44545],[45,-53],[14,6],[28,-10],[16,-41],[-8,-57],[67,-11],[42,-21],[14,-43]],[[18342,46031],[57,273],[34,0],[29,-7],[30,-15],[14,-16],[32,12],[21,-6],[26,-27],[37,-29],[65,-3],[16,-6],[16,25],[-9,9],[15,36],[27,4],[26,19],[10,16],[23,-8],[27,-53],[19,1],[6,15],[22,17],[19,-1],[-13,-36],[36,-1],[34,-9],[8,-13],[33,7],[21,-33],[2,-23],[12,-1],[0,23],[23,26],[8,-20],[-16,-22],[15,-20],[13,19],[26,-18],[24,-25],[2,30],[10,14],[34,-2],[-21,-22],[21,9],[9,-25],[13,-2],[2,-17],[27,-2],[4,-22],[-21,5],[-7,-12],[17,-20],[5,15],[29,16],[0,-29],[20,-20],[11,15],[23,-1],[-1,-21],[51,-5],[21,-20],[26,5],[12,10],[34,-4],[7,26],[27,2],[-7,14],[16,6],[5,-29],[33,14],[19,-18],[6,16],[46,3],[9,-13],[24,37],[9,-8],[-10,-23],[32,-2],[5,-14],[20,11],[-4,18],[18,5],[8,-17],[31,15],[3,11],[29,-8],[11,39],[33,-3],[11,-8],[17,22],[25,-28],[10,28],[22,-7],[3,21],[16,-11],[-2,21],[17,1],[2,-17],[24,-5],[9,8],[-9,20],[30,-12],[13,8],[-12,13],[22,35],[17,-11],[14,25],[-28,1],[6,17],[29,-9],[-2,17],[24,17],[5,-17],[17,-11],[13,12],[23,-9],[3,10],[28,-20],[7,31],[16,3],[10,-22],[32,11],[31,-14],[-24,27],[-12,77],[-37,-5],[0,34],[-24,0],[-2,12],[39,11],[-1,8],[-273,113],[3,113],[-36,-5],[-1,-51],[-79,21],[3,60],[-19,0],[3,56],[134,18],[-6,44],[-37,-4],[-59,6],[-78,17],[4,33],[-70,101],[-8,50],[-8,20],[-53,106],[46,9],[301,-66],[-11,-39],[74,-46],[31,54],[1,42],[15,21],[-95,19],[56,189],[73,29],[55,5],[106,37],[4,21],[30,7],[28,-9],[325,-125],[81,-10],[440,-46],[141,12],[31,72]],[[21355,47276],[83,-183],[19,-185],[14,-92],[30,-65],[13,0],[51,36],[24,28],[10,0],[45,36],[76,-116],[4,-47],[-5,-70],[-32,-10],[-10,-11],[-34,-15],[-55,17],[-19,-5],[-21,16],[1,-120],[-2,-63],[-24,-216],[-67,-124],[56,-6],[58,-18],[42,-10],[20,1],[70,-15],[37,-26],[326,-277],[-11,-38],[-133,22],[-35,-156],[139,-42],[-6,-29],[-17,-22],[-17,-100],[-28,-46],[-14,-37],[-27,-3],[2,20],[25,11],[8,55],[-34,3],[-36,-6],[-1,-8],[-34,5],[-42,-31],[-17,-122],[-4,-38],[25,4],[8,13],[36,2],[21,13],[24,-16],[48,10],[43,-38],[26,-9],[50,2],[30,8],[21,18],[38,9],[4,24],[14,8],[-9,-36],[-11,-4],[-12,-81]],[[21355,47276],[36,85],[78,237],[47,151],[26,63],[36,113],[37,25],[11,19],[43,37],[-21,0],[-21,-11],[-43,-9],[-90,11],[-19,7],[-151,50],[-79,28],[-19,-3],[-25,16],[-35,1],[-66,27],[38,85],[105,24],[81,-23],[186,161]],[[21510,48370],[289,-108],[516,151],[180,99],[65,-81],[84,-76],[53,-24],[41,-11],[51,2],[139,-52],[7,-21],[55,-35],[72,-29],[4,-15],[34,5],[8,16],[29,20],[52,6],[16,7],[9,19],[49,43],[92,125],[131,160],[130,164]],[[23616,48735],[85,-67],[85,-74],[140,-118],[255,-295],[-174,-416],[17,-14],[-16,-20],[29,-21],[43,-17],[1,-72],[30,1],[54,35],[72,-32],[64,-32],[-4,-36],[-22,-17],[-32,-65],[-81,19],[-4,-185],[-10,-7],[-22,7],[-33,23],[-5,-14],[-35,19],[-26,-33],[-33,-99],[-24,-86],[-32,-27],[-51,-14],[-4,-15],[-21,1],[2,-19],[-25,-19],[-2,-22],[-40,-20],[-8,-26],[-23,3],[-33,-29],[-31,-2],[-28,-32],[-38,-16],[19,-28],[31,-152],[14,-46],[33,6],[9,13],[57,5],[2,-23],[73,-22],[86,-7],[82,21],[-7,29],[133,-26]],[[24168,46652],[-27,-54],[-24,-33],[-20,-47],[-13,-16],[-9,11],[-47,-12],[-6,23],[-26,-11],[6,-25],[-40,-13],[-33,-36],[-2,-14],[43,-35],[34,-5],[2,-17],[21,1],[21,-17],[-2,-15],[16,-11],[3,-19],[-16,-11],[-45,-103],[47,-12],[-27,-69],[34,-9],[-22,-49],[-33,-56],[-17,-21],[44,-22],[69,5],[42,-10],[7,-27],[-9,-70],[26,-30],[6,-31],[5,-77],[12,-41],[3,-76],[12,-35],[25,-36],[65,-42],[36,-40],[7,-25],[-2,-38],[6,-26],[-13,-23],[-6,-45],[-14,-1],[-8,-22],[12,-17],[-10,-13],[14,-31],[-5,-45],[21,-30],[19,-16],[50,-18],[21,-22],[41,-15],[61,0],[60,-20],[51,1],[35,5],[17,-8],[19,-25],[20,-40],[37,-17],[35,-60],[9,-4],[-3,-26],[-16,-62],[-30,-73],[-12,-37],[-68,-147]],[[23616,48735],[141,146],[27,155],[9,21],[-5,57]],[[23788,49114],[-17,191],[1,121],[243,-101],[94,12],[117,39],[108,-39],[93,-81],[94,-53],[288,-115],[253,-18]],[[25062,49070],[37,-12],[70,-32],[105,-53],[31,-8],[47,-2],[116,-31],[-3,-13],[35,-29],[23,-4],[35,-17],[23,-24],[19,-2],[12,-18],[26,1],[35,-11],[20,-1],[8,-16],[31,-20],[-3,-9],[25,-17],[-20,-19],[-15,-116],[-31,-60],[-23,-28],[-8,-32]],[[25657,48497],[-18,-56],[2,-36],[-58,-54],[-20,0],[-34,-23],[-34,-30],[-6,-14],[-32,-43],[-18,-51],[-16,-73],[-27,-75],[-3,-43],[2,-85],[8,-52],[20,-76],[16,-110],[11,-30],[-60,-21],[-48,16],[-10,-139],[-44,9],[91,-130],[-15,-24],[33,-5],[-3,-32],[-9,-20],[-41,-59],[120,20],[15,-44],[29,-14],[8,-20],[-3,-25]],[[25513,47158],[-171,-43],[-41,-7],[-4,-14],[80,-33],[-70,-164],[-137,28],[4,-41],[-14,-34],[10,-15],[99,-67],[41,-187],[115,-168],[-53,-164],[-115,21],[-247,102],[-37,20],[-82,10],[-21,75],[-45,173],[-13,-3],[-12,48],[-15,-14],[-18,67],[21,5],[-5,20],[-15,5],[-99,-5],[-24,5],[-40,24],[-79,-5],[2,-65],[29,-13],[1,-11],[-62,-28],[2,11],[-75,20],[-2,-28],[-50,8],[2,45],[-91,-104],[-3,9],[-48,-54],[-32,-10],[15,65],[-22,55],[-24,-45]],[[14838,50488],[47,-9],[9,10],[112,-2],[1,-16],[32,-9],[14,-25],[11,6],[35,-40],[35,8],[41,-13],[17,8],[11,17],[31,3],[17,12],[45,-6],[40,28],[44,0],[66,46],[98,91],[7,-6],[114,104],[58,-58],[23,59],[117,-49],[51,206],[361,188],[110,29],[19,26],[19,4],[13,16],[-4,23],[18,19],[3,25],[24,-5],[27,5],[15,19],[-5,9],[34,29],[42,18],[-4,32],[6,7],[-11,23],[13,6],[-4,20],[15,10],[-10,16],[5,15],[29,29],[-24,6],[-3,26],[46,-2],[8,15],[-17,33],[-18,14],[-18,-28],[-42,42],[-8,20],[0,30],[-15,19],[1,29],[10,19],[-19,41],[-10,43],[-29,35],[-62,29],[-14,39],[-20,28],[-23,7],[-1,17],[-22,17],[-20,31],[-30,24],[-11,49],[18,39],[-26,22],[-9,24],[-43,14],[-5,31],[8,25],[-7,32],[-1,47],[-7,57],[-38,110],[-54,-26],[-51,-11],[-40,-2],[-28,-27],[-52,-62],[-79,-26],[-97,-66],[-13,-22],[-23,0],[4,-42],[-37,-13],[-25,33],[-56,179],[-66,101],[-15,51],[-31,24],[-19,2],[-43,31],[-58,-14],[-41,10],[41,314],[-34,7],[7,78],[62,-5],[13,65]],[[15443,52979],[10,-6],[2,29],[67,109],[4,14],[34,42],[-7,24],[-3,52],[15,22],[-9,11],[17,35],[-7,47],[5,31],[-10,23],[8,2],[1,25],[14,18],[52,3],[41,-7],[47,-14],[64,-33],[38,-24],[71,-21],[17,7],[76,6],[21,8],[-6,19],[18,-14],[27,4],[21,69],[56,87],[-10,158],[7,55],[38,75],[132,281],[309,135],[-4,18],[8,26],[-7,42],[26,27],[-8,31],[-25,24],[-23,40],[-18,12],[-4,19],[24,24],[7,43],[14,19],[-11,68],[-50,7],[7,31],[-26,12],[10,13],[26,6],[32,28],[-7,36],[25,2],[29,-17],[66,-14],[84,-32],[0,-7],[38,-9],[27,-44],[66,-35],[9,-11],[26,-6],[80,-48],[22,-2],[44,20],[36,8],[50,-3],[11,13],[33,-2],[34,-12],[46,-11],[26,5],[194,-80]],[[17520,54492],[-74,-94],[106,-21],[-10,-56],[-79,-49],[-57,-150],[108,-61],[137,-39],[-69,-75],[-10,-17],[-7,-43],[-17,-48],[55,-4],[-56,-376],[-91,-111],[-204,-234],[22,-12],[-20,-235],[-20,18],[-18,4],[-7,-23],[-53,23],[31,-57],[2,-32],[73,-33],[56,-35],[83,-44],[43,-18],[123,-37],[34,-20],[66,-26],[99,146],[14,-7],[44,-44],[59,-39],[74,-66],[64,-41],[41,-16],[19,-30],[8,8],[19,-11],[-13,-17],[30,-51],[15,-42],[2,-27],[-26,-53],[-11,-37],[10,-62],[19,-87],[20,-30],[3,-15],[-6,-44],[12,-38],[28,-55],[29,-34],[24,-19],[20,8],[-11,20],[107,29],[1,8],[39,-3],[5,63],[131,-21],[0,-4],[180,-10],[6,25],[64,-4],[4,11],[197,-69],[0,10],[45,-3],[5,13],[148,-7],[10,58],[41,-7],[7,44],[23,-18],[77,-38],[44,-9],[66,-40],[34,-4],[62,-33],[38,72],[13,-12],[43,-22],[47,-13],[-46,-109],[-12,-3],[-151,-4],[-14,-33],[-18,2],[-15,16],[-42,-3],[-5,-30],[72,-34],[23,-8],[115,-51],[69,-39],[-19,-52],[48,-20],[20,65],[35,-2],[21,-11],[21,-38],[33,12],[33,-25],[38,9]],[[19896,51562],[42,-30],[12,-28],[24,-13],[23,-25],[16,-37],[31,-20],[1,-15],[42,-14],[20,-12],[44,-13],[22,-25],[28,-1],[27,-13],[18,2],[4,-15],[16,-3],[29,-22],[38,4],[19,-16],[16,10],[41,-29],[4,-15],[26,-12],[17,-29],[16,-65],[-5,-109],[-43,9],[-10,-29],[1,-47],[-22,-105],[-3,-169],[-29,-26],[-43,8],[-10,-99],[34,5],[0,-93],[56,8],[-20,-90],[90,-20],[30,-25],[-11,-24],[9,-8],[45,25],[12,-43],[20,-2],[-29,-80],[-30,-93],[-97,-26],[6,-68],[-31,-146],[-15,-59],[-29,-87],[-34,-90],[-42,-107],[40,-22],[21,-57],[-1,-20],[12,-22],[12,-6],[23,-49],[13,-43],[16,-13],[-2,-26],[-16,-25],[10,-21],[40,19],[1,14],[22,1],[2,17],[15,-6],[4,19],[24,1],[2,15],[23,-6],[7,22],[16,-13],[39,29],[18,-1],[6,24],[27,2],[2,21],[26,12],[15,-23],[-41,-20],[33,-64],[72,18],[76,22],[20,-6],[-23,-45],[-129,-27],[37,-248],[-56,-5],[61,-177],[88,-187],[25,-47],[46,-113],[34,-18],[46,5],[2,-23],[21,7],[21,22],[25,11],[47,12],[55,2],[0,-43],[23,-13],[146,-21],[73,-4],[119,-47]],[[19896,51562],[-10,19],[43,-6],[-2,139],[-80,28],[91,180],[61,97],[36,66],[54,90],[185,291],[78,117],[3,9],[68,29],[308,-14],[318,-14]],[[21049,52593],[89,-161],[131,-235],[63,-134],[31,-12],[-25,-55],[18,10],[15,-33],[22,-26],[216,-274],[147,-192],[-45,-276],[-20,-143],[-5,-25],[-29,-70],[-22,-78],[3,-15],[182,-76],[-18,-73],[-33,-54],[-24,-57],[74,-33],[67,-33],[35,-27],[52,-29],[16,-35],[21,-4],[58,-41],[36,-20],[-38,-85],[29,-18],[82,34],[138,-336],[30,-16],[9,-12],[48,-39],[11,-22],[-7,-28],[5,-16],[20,-21],[107,-64],[-10,-46],[30,-30],[113,-64],[9,25],[61,-12],[-4,-30],[57,-19],[40,-21],[94,-37],[7,16],[65,-17],[9,-11],[55,-18],[50,-2],[57,-24],[30,-25],[216,-26],[-34,-40],[39,-20],[27,-25],[-22,-25],[62,-31],[22,-27],[277,-146]],[[21049,52593],[-38,254],[78,104],[-41,247],[-19,122],[135,78],[-211,248],[-500,579],[25,67],[46,1]],[[20524,54293],[289,4],[300,6],[365,15],[174,5],[63,105],[33,61],[25,37],[6,22],[43,-44],[30,-4],[12,-16],[1,-33],[-27,-19],[4,-17],[21,-4],[12,-18],[-22,2],[-17,-14],[18,-15],[18,16],[12,-3],[-26,-17],[4,-11],[-30,2],[-4,-9],[45,-14],[10,-17],[-16,-35],[6,-22],[20,0],[-23,-27],[22,-16],[-11,-27],[-48,-2],[-13,-9],[-3,-22],[16,8],[-4,-25],[-38,-8],[-11,-24],[22,2],[-5,-14],[7,-53],[8,-1],[8,-30],[-16,-29],[21,-30],[-16,-41],[16,-12],[-14,-10],[7,-16],[-31,-20],[-5,-13],[-32,-3],[11,-13],[-21,3],[-9,-34],[-18,-12],[10,-28],[-16,-16],[13,-20],[3,-30],[13,-13],[-8,-11],[1,-38],[-11,-8],[-9,-35],[12,-10],[-10,-12],[29,4],[3,-15],[20,-1],[12,-26],[-20,2],[8,-29],[-5,-17],[46,-35],[-13,-6],[3,-21],[13,-2],[5,-28],[12,2],[-5,-27],[14,-6],[17,10],[16,-11],[-9,-22],[55,-30],[3,-28],[31,-12],[-21,-20],[11,-33],[24,-10],[6,-25],[19,-17],[36,23],[9,-8],[-16,-15],[13,-27],[2,-20],[18,-27],[21,-7],[-24,-27],[19,-28],[20,8],[-3,-28],[13,-10],[-18,-23],[2,-25],[33,4],[17,-40],[13,21],[8,-13],[29,-14],[22,0],[-1,-26],[39,14]],[[22237,52886],[19,-2],[2,-19],[20,-7],[22,11],[2,-40],[20,2],[4,-20],[32,-15],[-14,-29],[35,-51],[28,-23],[24,6],[-11,-16],[21,-33],[12,18],[5,-12],[-28,-22],[-7,-19],[10,-3],[7,-35],[-18,2],[13,-24],[30,-4],[13,-33],[10,7],[24,-40],[29,-23],[-2,-28],[14,-20],[23,-6],[30,-16],[15,4],[18,-21],[46,-9],[13,3],[40,-12],[33,-34],[-13,-11],[9,-18],[23,-10],[23,-36],[-11,-10],[10,-21],[22,-3],[8,-23],[-4,-22],[17,-9],[16,-20],[29,-22],[33,-10],[19,-33],[73,-46],[-19,-43],[-1,-32],[81,-99],[70,-79],[-67,-99],[-24,-39],[240,-32],[169,-21],[-16,-45],[137,-1],[66,-16],[-12,-50],[-125,-10],[-23,21],[-47,-128],[-8,-50],[244,1],[159,-79],[-53,-76],[-67,-3],[33,-168],[-127,-48],[189,-106],[-18,-15],[47,-28],[120,50],[-66,-200],[-13,-47],[56,-18],[-12,-46],[-65,7],[-27,-90],[62,14],[-1,-92],[9,-9],[53,14],[54,-39],[100,-50],[43,-3],[258,11],[308,11],[274,13],[158,-39]],[[25164,50271],[54,-113],[38,-65],[79,44],[71,8],[33,21],[46,5]],[[25485,50171],[-8,-86],[-9,-39],[-21,-41],[-19,-61],[-11,-51],[-16,-35],[-46,-50],[-27,-39],[-12,-44],[-11,-97],[-19,-58],[62,-186],[86,-12],[-21,-93],[-117,-42],[-72,40],[-71,-21],[-80,-59],[-28,-65],[17,-62]],[[22237,52886],[5,16],[17,-10],[17,17],[-5,39],[45,117],[75,20],[-165,237],[40,263],[-22,284],[-13,63],[-1,77],[115,331],[24,-4],[11,31],[136,-67],[98,-68],[27,-31],[77,-45],[74,-56],[92,-64],[1,74],[28,84]],[[22913,54194],[84,-30],[69,-114],[48,-58],[91,-15],[104,-35],[31,-290],[11,-113],[62,-71],[102,-20],[90,-4],[172,51],[46,-72],[7,11],[69,29],[92,-155],[6,-24],[191,-4],[164,-20],[-5,-20],[66,-162],[175,-9],[-8,-129],[-31,-105],[-22,-95],[-192,65],[-9,-10],[6,-26],[85,-52],[61,-23],[36,-17],[175,-95]],[[24689,52582],[-30,-195],[-24,-41],[139,45],[-69,-87],[-22,-30],[68,-24],[18,-146],[-63,-11],[-1,-33],[-10,-30],[-2,-72],[-73,-39],[-13,-21],[-15,-2],[-43,-46],[-15,-10],[-23,-37],[18,-47],[10,-13],[10,-70],[9,-24],[37,-36],[16,-7],[40,-43],[13,1],[52,-26],[54,-17],[13,2],[21,-15],[11,3],[23,32],[12,32],[110,-26],[-73,-324],[12,-62],[-14,-9],[26,-148],[-27,-75],[43,-45],[1,-10],[42,-43],[0,-47],[13,-12],[11,-36],[-70,-34],[75,-47],[93,-41],[85,44],[32,-13],[11,-15],[19,-4],[10,-15],[26,-16],[43,-40],[23,-4],[24,-14],[22,9],[54,-36],[32,-16],[-18,-21],[-40,2],[-251,-206]],[[17520,54492],[121,-51],[116,265],[19,91]],[[17776,54797],[51,-28],[51,-11],[90,-10],[102,3],[59,-5],[19,-13],[15,2],[62,-30],[30,95],[20,50],[133,-82],[248,-56],[219,-53],[24,41],[35,-6],[69,-21],[32,-16],[26,-20],[-3,-20],[103,-102],[187,-183],[501,-21]],[[19849,54311],[143,-5],[227,-11],[104,-6],[106,2],[104,260],[17,34],[34,-19],[24,-19],[6,9],[37,-30],[-127,-233]],[[19849,54311],[-7,119],[-251,93],[26,73],[55,16],[82,36],[-3,5],[132,-91],[36,-14],[133,7],[-3,3],[-22,303],[1,4],[-105,52],[-69,73],[-9,18],[69,33],[-39,10],[-91,66],[-27,8],[61,105],[-12,40],[-64,110],[-137,1],[-12,17],[-58,104],[-97,46],[-122,118],[8,168],[3,27],[-13,126],[6,0],[24,44],[12,39],[-3,37],[12,-9],[84,63],[-6,8],[53,120],[-49,48],[151,50],[72,19],[87,122],[31,34],[-70,38],[3,25],[-43,23],[-17,4],[24,44],[43,52],[-22,22],[25,10],[-78,50],[-46,36],[-44,40],[20,42],[20,15],[-20,16],[100,63],[53,69],[-73,100],[-13,1],[-27,-16],[-74,35],[115,98],[-1,28],[-21,30],[66,71],[22,-28],[89,58],[15,18],[1,24],[23,14],[-13,23],[-18,-5],[-13,-29],[-24,15],[18,13],[2,15],[-27,19],[-16,-9],[-7,12],[25,25],[-53,-11],[5,30],[-29,10],[-4,23],[-15,9],[7,17],[-8,15],[-27,-6],[-7,25],[14,19],[-17,16],[3,14],[24,0],[-16,14],[-19,-1],[-13,11],[22,7],[-38,-2],[8,31],[-33,-5],[27,31],[6,-17],[15,31],[-49,-6],[-3,9],[27,25],[-28,13],[-25,-1],[1,25],[-20,-13],[-8,7],[18,17],[-6,17],[-23,-3],[-3,-15],[-30,12],[-11,24],[-39,24],[-6,45],[-14,6],[-6,-30],[-33,20],[-6,34],[-23,-13],[-13,3],[-4,20],[-13,-1],[-6,-18],[-13,-1],[0,49],[-12,11],[-36,-2],[-23,17],[11,32],[-30,-9],[-23,-47],[-9,23],[8,13],[-29,6],[19,15],[-47,2],[-14,-8],[-28,28],[-31,-10],[-2,20],[-18,22],[0,28],[-17,16],[-27,-6],[-27,23],[0,26],[-24,10],[-9,17]],[[18933,58360],[10,15],[24,17],[10,28],[25,33],[30,11],[39,21],[34,-4],[11,-8],[54,4],[30,7],[51,-1],[12,13],[17,-9],[30,3],[6,-8],[22,10],[17,-11],[24,3],[24,-21],[45,-12],[61,-8]],[[19509,58443],[17,-7],[27,5],[26,-3],[-7,-25],[75,-5],[7,-25],[28,-5],[22,-50],[62,-185],[83,-5],[68,37],[50,-1],[61,-16],[9,49],[50,-12],[36,136],[161,-70],[-3,-7],[80,-60],[-139,-202],[60,-85],[144,-130],[67,-54],[85,-60],[249,-194],[59,48],[142,33],[296,50],[89,68],[8,80],[18,141],[10,65],[112,16],[-22,87],[-21,121],[61,1],[105,-6],[101,-11],[43,78],[25,42],[111,-56],[26,63],[-1,12],[86,47],[-6,67],[100,-10],[55,-36],[-34,-123],[-11,2],[-33,-45],[-4,-22],[11,-60],[-1,-79],[8,-29],[-26,-9],[16,-18],[21,-67],[209,36],[-27,-80],[-2,-108],[81,-20],[63,-69],[9,-18],[56,-5],[48,7],[3,-7],[47,0],[65,-9],[14,-10],[19,-32],[29,-11],[-146,-309],[16,-12],[49,-142],[299,-54],[127,-26],[27,41],[19,56],[43,46],[19,12],[51,53],[153,39],[35,-101],[33,5],[9,12],[33,1],[21,-69],[-34,-26],[-3,-27],[25,5],[28,-20],[44,6],[12,-11],[31,-4],[-1,-63],[9,-20],[-55,2],[6,-181],[102,-17],[-25,-40],[7,-48],[55,15],[1,-27],[-16,-25],[30,-30],[25,-71],[42,-22],[-79,-57],[39,-64]],[[23816,56420],[-62,-27],[-140,-199],[-156,-49],[130,-66],[25,-56],[8,-58],[-14,-31],[-25,-9],[-121,-89],[-74,-84],[59,-154],[-171,-100],[-99,-19],[14,-17],[-2,-26],[-56,17],[-10,-6],[-158,-233],[-91,-128],[-24,-37],[-71,-98],[88,-176],[-150,-129],[182,-91],[114,-79],[-38,-123],[-1,-30],[-25,-69],[-3,1],[-45,-57],[13,-4]],[[12863,52524],[26,34],[57,47],[-2,25],[42,46],[130,131],[133,67],[198,79],[215,77],[60,-12],[32,-3],[211,-8],[-23,-63],[-20,-40],[55,-33],[29,44],[49,-17],[-2,-23],[51,-9],[11,-9],[5,53],[-34,24],[-28,11],[-3,30],[70,-1],[0,36],[48,3],[-56,46],[19,29],[13,-7],[17,26],[-18,9],[14,22],[-42,23],[0,17],[58,106],[51,-3]],[[14229,53281],[28,-24],[-1,-36],[23,-8],[-1,-31],[22,-3],[43,-137],[105,17],[63,-11],[39,-38],[23,-2],[15,28],[27,-6],[57,31],[37,59],[41,-14],[141,-72],[114,20],[-28,-161],[41,-10],[-12,-37],[63,-9],[7,182],[15,104],[92,-40],[44,-22],[21,-2],[96,-19],[99,-61]],[[14229,53281],[3,56],[-23,124],[-235,196],[46,76],[80,113],[98,133],[54,179],[36,129],[50,164],[73,209]],[[14411,54660],[36,110],[16,135],[136,81],[90,45],[48,29],[178,128],[223,164],[26,22],[170,83],[127,74],[41,22],[100,132],[40,51],[0,14],[-25,57],[13,22],[-4,25],[-11,9],[-14,-15],[-21,-5],[-16,7],[-4,41],[-28,1],[-1,-26],[-9,-10],[-24,20],[-18,24],[-28,-6],[-10,19],[14,10],[0,16],[-39,-19],[17,-21],[-50,-4],[-13,24],[-47,0],[-26,21],[-3,15],[24,13],[-13,16],[-23,1],[-19,-12],[-19,51],[-30,12],[-9,-13],[12,-16],[-18,-16],[-11,8],[-2,28],[-12,24],[10,9],[22,-4],[-1,20],[-27,4],[-13,12],[-25,5],[-28,19],[7,9],[-14,12],[-13,26],[-27,23],[-28,13],[-27,-1],[-3,-10],[-22,7],[-6,30],[-40,27],[-40,-12],[9,30],[26,29],[50,26],[23,35],[31,257],[19,16],[-9,76],[-1,44],[-3,249],[74,-3],[8,22],[31,26],[14,25],[7,-25],[55,-10],[27,-36],[15,-35],[-6,-27],[19,-31],[31,-37],[70,-117],[43,-69],[15,-31],[132,-42],[203,-68],[441,-65],[106,-14],[164,-25]],[[16494,56440],[120,-21],[32,-87],[10,-9],[18,-49],[20,-37],[0,-48],[78,-22],[47,-17],[55,-54],[38,-27],[-3,-22],[10,-12],[24,-85],[33,-36],[36,-19],[17,-17],[14,-28],[-10,-49],[-32,-40],[-10,-5],[13,-59],[-62,-11],[11,-79],[-22,-7],[-2,-95],[22,-3],[1,-14],[133,95],[10,-27],[7,-69],[25,-16],[-3,-14],[13,-33],[48,-59],[17,-4],[23,-34],[-42,-24],[36,-55],[32,-23],[71,-77],[35,-43],[-11,-11],[-24,14],[4,-34],[115,-91],[93,-24],[147,-86],[95,-76]],[[9033,55503],[286,134],[31,21],[12,18],[17,3],[-15,25],[-18,-5],[-37,46],[11,9],[-16,19],[63,26],[25,-65],[40,21],[-1,105],[39,0],[34,31],[17,0],[30,-17],[59,-27],[40,23],[75,111],[-54,56],[-40,136],[-59,207],[-16,49],[-9,69],[9,56],[68,-50],[76,63],[-93,244],[-52,35],[-130,36],[-30,13],[15,76],[30,-13],[4,-35],[23,3],[38,28],[34,1],[54,-11],[19,20],[-5,13],[15,10],[10,-23],[18,-5],[47,13],[7,22],[25,24],[33,-6],[15,12],[-6,18],[12,13],[53,-2],[40,-25],[45,-1],[24,11],[7,-34],[55,17],[28,-3],[9,12],[35,-35],[56,-6],[16,208],[2,64],[7,78],[3,156],[-84,55],[32,121],[-1,14],[-42,12],[-14,-64],[-68,35],[36,54],[-169,60],[-20,-50],[-71,18],[-23,-61],[-92,29],[-90,32],[2,32]],[[9559,57782],[17,44],[44,9],[0,-10],[104,32],[65,33],[22,33],[8,33],[29,9],[18,19],[2,38],[34,85],[54,27],[24,39],[30,22],[42,12],[42,-8],[48,-17],[43,2],[29,-14],[61,-18],[26,-11],[11,-27],[31,-21],[10,3],[34,-21],[12,15],[64,40],[45,49],[31,13],[80,-16],[36,10],[-1,48],[12,12],[29,10],[9,14],[7,56],[8,26],[6,80],[12,47],[-9,60],[-26,24],[-17,26],[-11,73],[0,93],[33,-4],[87,-4],[77,-8],[14,3],[-1,15],[32,6],[82,43],[91,42],[2,-11],[53,-19],[4,10],[67,-31],[61,-7],[27,44],[35,-32],[37,-4],[46,-117],[10,-6],[-53,-105],[99,-62],[3,9],[59,-27],[75,-23],[55,-9],[1,-4],[68,9],[26,106],[74,-17],[0,12],[21,11],[-10,37],[26,91],[-23,23],[1,17],[42,87],[10,12],[73,-41],[23,-48],[23,4],[12,22],[24,-1]],[[12060,58778],[13,-22],[47,-7],[28,13],[54,-8],[33,-15],[28,-38],[31,-12],[25,-31],[28,-4],[32,15],[50,-15],[6,-13],[19,-7],[70,-45],[8,-30],[22,-23],[-21,-96],[-6,-49],[16,-39],[11,1],[5,-32],[30,-6],[29,1],[9,-27],[33,11],[46,-3],[7,-11],[44,-34],[-1,-16],[41,-8],[14,-17],[35,5],[28,-24],[21,2],[32,21],[20,2],[23,-8],[18,2],[-2,84],[12,40],[23,-10],[-1,-21],[-13,-14],[14,-10],[18,-38],[29,-23],[10,-29],[12,0],[4,-20],[20,-14],[23,5],[17,-28],[25,-15],[14,14],[4,27],[28,6],[10,11],[-1,22],[-18,13],[-9,41],[2,21],[26,-10],[46,2],[22,-44],[51,2],[42,7],[-7,20],[1,35],[-17,20],[2,31],[-18,60],[-17,43],[8,20],[47,17],[-5,17],[-15,-4],[-17,18],[11,41],[24,32],[38,16],[-4,12],[18,2],[25,17],[18,23],[17,48],[9,74],[39,9],[1,9],[29,42],[2,14],[22,32],[-1,23],[30,61],[9,27],[12,8],[15,50],[1,32]],[[13673,59079],[40,0],[17,-6],[66,-10],[12,-11],[38,-98],[31,-5],[-5,-33],[13,12],[25,-3],[-5,-32],[30,52],[35,-13],[66,-2],[39,24],[7,-13],[29,7],[29,17],[34,4],[34,-11],[25,13],[26,-2],[75,9],[5,8],[41,9],[-21,52],[16,-3],[2,-16],[21,-8],[13,-74],[29,-16],[11,3],[5,-20],[65,-51],[10,61],[27,-35],[24,-20],[6,-57],[44,4],[45,36],[15,-4],[16,11],[9,19],[15,3],[22,34],[-9,10],[33,10],[41,34],[8,19],[41,-3],[39,10],[44,2],[35,-4],[13,-13],[14,-32],[10,-52],[31,6],[53,-4],[168,-18],[79,-12],[62,-36],[109,-83],[39,-128],[-68,4],[-2,-66],[87,-22],[-7,-37],[-15,-50],[23,-20],[63,-16],[-16,-29],[-7,-45],[25,-8],[-10,-56],[64,-9],[17,29],[30,20],[19,-7],[33,66],[135,-34],[98,-22],[122,-23],[194,-176],[88,-60],[4,-34],[39,5],[335,-219],[412,-264],[288,0]],[[17515,57547],[10,-94],[11,-120],[-8,-148],[-6,-156],[19,-1],[-61,-241],[-190,22],[-327,39],[-131,-156],[-50,-61],[-102,21],[18,64],[-148,30],[-25,-148],[-31,-158]],[[14411,54660],[-676,149],[-18,-46],[-36,-39],[-13,1],[-37,-22],[-43,3],[-33,-32],[1,-29],[-15,-6],[-14,-24],[-29,-25],[-61,32],[-10,-16],[-22,18],[-3,13],[-30,21],[-7,39],[-21,14],[-7,16],[-66,13],[-26,21],[-11,-3],[-23,19],[0,9],[-31,12],[-17,27],[10,27],[-31,24],[-21,30],[4,24],[15,16],[4,20],[-31,56],[10,48],[-17,24],[9,46],[-7,14],[-35,12],[-34,5],[-32,31],[-17,-8],[-37,-54],[-67,-43],[-105,-75],[-106,-74],[-160,-116],[-175,-23],[-18,-66],[-63,38],[-4,-25],[-24,-18],[-29,-9],[-11,-13],[2,-25],[14,-81],[13,-156],[-6,16],[-126,-45],[-130,-22],[15,-70],[-29,-13],[110,-66],[-5,-47],[143,2],[-5,53],[11,3],[-9,102],[54,35],[50,-114],[-2,-99],[50,-5],[-2,-40],[-48,9],[-3,-155],[55,-14],[44,-26],[-21,-94],[46,-14],[-25,-69],[-109,69],[22,-229],[93,-21],[-30,-94],[-57,29],[-41,4],[28,-10],[-44,-121],[40,-10],[-90,-214],[151,-36],[-56,-184],[106,-90]],[[17515,57547],[400,1],[80,130],[-64,79],[-10,21],[18,36],[-4,32],[10,13],[6,33],[11,18],[-3,18],[10,40],[60,10],[25,148],[-48,1],[-1,19],[-14,30],[-32,-6],[-10,53],[15,7],[34,93],[11,18],[-4,59],[22,1],[-63,167],[116,40],[48,-125],[134,32]],[[18262,58515],[170,-74],[-6,51],[-92,197],[82,40],[46,14],[56,-25],[29,-6],[18,12],[1,22],[38,2],[-7,-19],[61,-75],[-9,-55],[-6,-10],[-21,3],[-16,20],[-11,-11],[5,-25],[19,2],[9,-32],[-12,-24],[11,-14],[14,-41],[4,-29],[14,-15],[62,-16],[3,-11],[-21,-20],[13,-14],[29,6],[21,-51],[18,-9],[7,19],[23,2],[61,-7],[11,-30],[23,5],[-3,12],[27,51]],[[12060,58778],[-18,28],[-68,44],[36,73],[1,14],[-17,38],[-40,21],[84,172],[54,-2],[2,26],[-19,143],[70,-3],[19,-19],[36,31],[60,-2],[13,108],[30,-2],[-2,54],[-18,5],[1,49],[17,-3],[16,58],[-6,11],[10,70],[-15,2],[26,59],[14,2],[-34,22],[31,68],[61,-39],[5,-50],[20,-63],[8,14],[27,-45],[74,-31],[28,74],[30,55],[-21,12],[48,79],[83,-39],[-3,26],[9,43],[36,-1],[23,11],[44,-7],[13,44],[-25,5],[-22,27],[-10,29],[-109,-19],[-36,26],[-129,78],[-14,0],[-65,-20],[-8,-7],[33,103],[47,85],[6,3],[242,-105],[14,31],[46,43],[129,191],[153,282],[6,17],[10,152],[23,39],[57,90],[32,21]],[[13208,60999],[42,-112],[219,-629],[30,-76],[23,-72],[34,2],[-21,15],[18,6],[8,-20],[116,32],[-8,66],[245,80],[-100,-129],[-28,-9],[-42,5],[-61,-33],[-98,-31],[-6,-41],[-2,-66],[3,-93],[-9,-53],[-34,-180],[43,-85],[32,15],[7,-15],[26,10],[51,11],[-4,-34],[50,0],[-5,-90],[64,-1],[-25,-79],[-20,4],[-20,-15],[-15,-29],[-1,-27],[-25,-39],[-19,-20],[-8,-53],[-8,1],[-8,-36],[1,-38],[-10,-10],[1,-43],[29,-9]],[[4816,58647],[408,20],[86,-59],[86,-29],[4,22],[79,-2],[27,12],[34,22],[8,13],[30,5],[23,15],[8,16],[62,21],[59,7],[65,-18],[23,-19],[57,-27],[33,3],[41,-7],[26,0],[28,-26],[17,-8],[22,2],[35,-14],[17,-36],[47,-21],[-17,-40],[36,-4],[-9,-19]],[[6151,58476],[-31,-91],[-40,-85],[9,-32],[-8,-9],[-24,10],[43,-70],[48,-30],[35,-49],[29,3],[-14,-45],[-21,-18],[103,-10],[-9,-142],[213,-45],[-3,77],[105,14],[7,-140],[23,1],[3,-88],[215,-8],[-27,108],[64,5],[121,-118],[54,-2],[76,-134],[99,79],[99,-87],[149,128],[36,-34],[-7,-35],[46,-17],[43,-62],[-23,-83],[37,-20],[134,143],[-11,37],[198,-33],[1,15],[116,-25],[-2,18],[19,-4],[16,76],[31,12],[6,-17],[37,4],[42,-6],[17,-44],[18,-20],[9,-88],[20,0],[9,12],[28,2],[33,31],[5,17],[21,0],[15,-90],[176,-13],[-15,126],[-6,24],[13,23],[24,20],[2,11],[25,7],[13,-10],[12,20],[17,-3],[20,19],[25,1],[15,14],[-3,18],[14,0],[6,19],[39,14],[2,30],[14,40],[23,8],[25,24],[35,110],[-1,33],[26,46],[106,184],[2,0]],[[8972,58252],[234,-93],[183,-33],[55,-4],[-13,-10],[18,-20],[-30,-23],[7,-69],[28,-37],[-14,-22],[3,-35],[21,-21],[-3,-34],[-41,-24],[22,-28],[54,-22],[32,6],[31,-1]],[[8972,58252],[22,37],[10,144],[-20,-12],[-93,-32],[-103,95],[109,171],[33,54],[44,93],[86,211],[-5,42],[20,37]],[[9075,59092],[42,-19],[20,-35],[28,-29],[29,-18],[19,29],[57,-14],[48,-20],[97,285],[315,920],[65,188],[4,2],[144,-52],[281,-96],[-9,-30],[32,28],[42,25],[-17,32],[1,119],[4,95],[-2,83],[10,22],[31,41],[28,18],[35,29],[14,96],[11,24],[18,16],[14,30],[1,28],[21,48],[21,22],[5,62],[-4,24],[-20,45],[-39,26],[-4,14],[10,120],[18,-4],[10,69],[-2,13],[24,125],[-42,12],[21,146],[15,40],[-17,6],[22,65],[9,38],[-30,9],[-72,5],[-7,70],[-24,50],[-16,15],[-25,38],[-9,74],[-12,-2],[-52,18],[7,18],[30,5],[17,18],[-3,10],[-43,26],[55,97],[40,-50],[11,9],[-9,23],[10,64],[32,11],[53,-23],[-1,-6],[40,-67],[0,-10],[47,-24],[87,-30],[104,-6],[7,4],[53,-53],[20,-40],[43,60],[25,30],[25,44],[1,38],[12,35],[30,4],[8,48],[-21,40],[-10,1],[-150,184],[-3,55],[12,43],[18,80],[0,89],[12,145]],[[10797,62909],[82,6],[22,14],[216,124],[80,11],[154,107],[50,42],[55,29],[42,45],[15,31],[10,200],[53,153],[29,62],[17,4],[69,-21],[348,-168],[110,-59],[135,102],[456,340],[226,2]],[[12966,63933],[48,-45],[92,-145],[121,-60],[235,-264],[-12,-231],[15,-37],[46,-96],[25,-58],[75,-192],[70,-363]],[[13681,62442],[-104,-137],[-51,-225],[0,-101],[-2,-73],[0,-310],[5,-137],[-11,-209],[-161,-143],[-149,-108]],[[9075,59092],[35,40],[73,109],[20,21],[54,72],[-86,33],[-159,54],[-31,22],[-4,12],[-62,80],[-53,84],[-12,24],[-28,8],[-5,15],[19,79],[27,98],[-15,-15],[-28,-11],[-46,-8],[-36,-23],[-18,-5],[-70,114],[-73,90],[-82,29],[-68,16],[-23,-6],[-38,12],[-1,-10],[-49,1],[-53,19],[-31,26],[-62,-65],[-217,-259],[102,-104],[-58,-85],[-205,6],[0,20],[21,-1],[7,64],[-39,16],[21,32],[27,18],[22,3],[-14,9],[-15,29],[-41,37],[-49,-8],[-11,18],[21,18],[25,5],[-28,21],[-40,22],[-43,44],[-5,27],[-9,-4],[-43,6],[-20,10],[-59,2],[-141,53],[-92,5],[-60,1],[-19,-209],[-147,67],[-91,38]],[[6970,59908],[-143,98],[-86,223],[-7,-10],[-44,-3],[14,82],[-27,11],[-22,-9],[-17,24],[-25,62],[-60,10],[-6,-22],[-42,13],[-30,-41],[-24,-20],[11,-59],[-9,-24],[-70,-98],[36,-86],[33,-55],[-45,1],[-111,-4],[-202,-3],[88,-239],[-32,7],[-16,43],[-36,-9],[-31,83],[-27,5],[-15,38],[-32,13],[-20,57],[-50,-1],[-2,9],[-31,-14],[11,-24],[-16,5],[-28,-16],[-8,17],[-20,2],[-10,-35],[-4,-53],[-30,-6],[-6,-55],[-26,4],[-8,-62],[-59,3],[-24,13],[-45,-6],[-70,18],[-64,-4],[-74,24],[-7,45],[-16,23],[-9,35],[-125,-7],[-120,-9],[12,-55],[-35,-65],[-53,-64],[-14,-3],[-65,16],[-91,-12],[-117,-30],[-53,-29],[-22,3],[-44,-18],[-25,1],[-27,23],[-41,4],[-14,-11],[-13,45],[-12,16],[-39,-48],[-13,-31],[4,-40],[22,-85],[20,-53],[43,-102],[7,-6],[-73,-16],[-37,4],[-46,209],[-46,7],[-748,-201],[-3280,-94],[-332,-5]],[[0,59262],[0,4095]],[[0,63357],[2245,-337],[1462,-582],[680,-26],[64,-2],[460,541],[20,6],[55,118],[153,242],[5,34],[24,2],[13,12],[-7,12],[25,21],[45,72],[-14,19],[-30,7],[-21,44],[10,30],[63,-23],[28,10],[-2,13],[18,20],[14,35],[12,15],[-1,30],[65,36],[-3,18],[62,41],[9,11],[-1,35],[-10,24],[5,28],[-17,20],[0,28],[-9,43],[18,24],[-7,18],[12,3],[71,-7],[62,11],[11,-2],[111,13],[3,21],[26,54],[11,33],[-27,20],[-36,37],[-68,47],[21,9],[23,-1],[54,11],[42,45],[69,62],[38,21],[19,17],[4,16],[22,12],[23,24],[15,30],[75,70],[37,19],[33,3],[128,-15],[65,16],[6,15],[677,154],[234,216],[352,158]],[[7546,65108],[224,-133],[332,-138],[57,-29],[192,-124],[145,-10]],[[8496,64674],[58,-23],[356,-112],[322,-166],[118,-66],[55,-49],[104,-131],[98,-89],[78,-97],[138,-157],[38,-36],[130,-197],[132,-121],[72,-75],[233,-152],[70,-65],[38,-27],[227,-180],[34,-22]],[[0,58770],[0,492]],[[6970,59908],[-38,-54],[55,-21],[1,-185],[-21,6],[-37,-3],[-4,12],[-84,47],[-19,5],[-17,-8],[-10,-38],[-37,-32],[-20,-1],[-1,-14],[160,-204],[23,-32],[-21,-60],[-23,8],[-77,7],[-32,-31],[0,-13],[-23,-14],[-15,-29],[-5,-23],[7,-33],[-44,4],[4,-30],[-16,1],[-16,-14],[-101,-43],[-43,-8],[-28,-13],[-44,-3],[-16,-18],[-55,-42],[40,-26],[45,-9],[7,-46],[-28,0],[7,-39],[60,-5],[-2,-14],[47,-2],[-8,-60],[-43,8],[14,-74],[39,11],[23,-68],[49,-87],[-44,8],[37,-185],[12,-22],[-20,-5],[-21,-23],[-16,0],[-62,20],[-69,-1],[-16,21],[-22,0],[-3,10],[-52,13],[-28,-6],[-9,-15],[7,-23],[-38,-26],[-13,14],[-19,42],[5,15],[-54,35],[-47,-17]],[[0,63357],[0,3761]],[[0,67118],[5608,-397],[4,9],[184,-97],[44,-415],[204,-141],[172,91],[267,371]],[[6483,66539],[636,-336]],[[7119,66203],[30,-173],[17,-25],[117,-192],[263,-705]],[[0,67118],[0,2049]],[[0,69167],[1336,-262],[943,-178],[1286,-239],[425,-80],[326,-195],[217,-127],[623,-329],[544,-277],[53,-29],[236,-105],[155,-335],[75,-266],[83,-33],[47,-56],[134,-117]],[[18206,77217],[-629,-510],[68,-31],[138,-66],[8,0],[155,41],[34,6],[9,-23],[-5,-82],[-20,-12],[-36,-71],[15,-27],[-26,3],[-10,34],[9,15],[-23,1],[-13,-30],[10,-49],[-15,2],[0,-38],[-15,-7],[-20,-33],[-21,-4],[8,-26],[-11,-24],[-16,21],[-6,-13],[-24,2],[9,15],[-30,4],[6,-11],[-21,-1],[-46,10],[-59,22],[-25,0],[-43,-9],[-15,-15],[-23,-36],[10,-2],[-5,-21],[-26,-34],[-27,-23],[1,-13],[-19,-48],[-12,-14],[-58,-130],[0,-23],[-26,-64],[-34,-72],[-55,8],[-41,18],[-25,4],[-78,1],[-149,-84],[-54,-15],[-26,-13],[-42,-48],[15,-29],[40,15],[29,-11],[8,-16],[-35,-23],[-45,0],[-21,-11],[34,-7],[-11,-24],[-25,-29],[-27,-50],[-7,-42],[3,-45],[22,-94],[-269,-176],[-100,-172],[25,-322],[10,-38]],[[16503,74628],[-46,-33],[-400,-272],[-22,-24],[-110,-33],[-152,-72],[-129,-114],[-36,-73],[-104,-136],[-135,-200],[-70,-73],[-106,-133],[-27,-46],[-131,-38],[-368,-94],[-158,-5],[-99,6],[-269,-22],[-22,-6]],[[14119,73260],[-119,-8],[-167,-159],[-271,-169],[-45,-24],[-52,-15],[-53,-22],[-83,-50],[-78,-120],[-357,-222],[-32,-10],[-36,0],[-64,-11],[-122,-175],[0,-39],[50,-74],[28,-21],[22,-62],[12,-25],[-13,-80],[4,-119],[-14,-36]],[[12729,71819],[-60,-4],[-21,10],[-128,4],[-30,9],[-13,-7],[-20,-36],[-29,-24],[-38,19],[33,96],[37,49],[26,79],[-13,9],[-9,50],[-95,18],[13,56],[-10,2],[23,53],[-42,142],[-3,33],[24,3],[17,13],[-12,45],[21,21],[9,39],[33,-1],[-2,33],[-17,-4],[0,47],[26,2],[4,44],[-33,23],[-12,-24],[-22,15],[-11,-21],[-32,23],[-16,-38],[-25,16],[12,41],[-26,-2],[-17,14],[-42,6],[-8,-19],[-78,28],[-12,-22],[-203,32],[2,57],[40,-6],[5,29],[-50,6],[-1,7],[-61,-6],[-11,92],[-23,1],[-5,46],[-31,-4],[-22,-27],[-23,-54],[-156,63],[-39,18],[-34,47],[-21,117],[-22,37],[-13,-5],[-3,28],[-11,15],[-58,32],[-27,-27],[-18,12],[-39,-16],[0,70],[-16,-2],[-5,-20],[-16,-13],[-83,1],[-3,-6],[-92,-5],[-3,-32],[11,-12],[-155,-12],[4,-62],[-76,-9],[-9,-13],[-74,-3],[-33,-78],[-97,18],[-86,-185],[-27,-8],[-60,-30],[0,56],[-143,12],[-6,-27],[-41,12],[-58,29],[-128,107],[-45,19],[-42,7],[-19,-4],[-58,25],[-27,56],[-10,63],[8,23],[-70,30],[-62,21],[-156,45],[-113,29],[-216,18],[5,38],[-70,28],[-41,7],[-56,22],[-124,38],[-52,12],[-85,26],[-120,23],[-90,24],[-226,104],[-44,14],[-2,-50],[-21,18],[-33,10],[-5,-16],[-13,5],[-31,-135],[-44,16],[-6,-13],[-60,25],[3,11],[-23,7],[-3,-10],[-110,27],[-59,12],[-32,3],[-11,13],[-33,17],[-5,16],[-31,17],[-251,411],[-314,295],[-273,247],[-455,253],[-6586,5906]],[[0,80694],[0,8159],[2116,1160]],[[2116,90013],[7818,-11105],[222,-187],[853,-569],[343,-193],[813,-190],[123,24],[155,46],[132,-48],[130,-59],[139,-35],[73,1],[78,-58],[46,-93],[56,-12],[19,172],[112,-14],[25,4],[48,-12],[16,-17],[26,2],[47,-16],[48,-28],[57,-12],[10,27],[17,-87],[83,-18],[47,-16],[5,22],[-1,44],[117,-20],[349,-62],[-46,-68],[118,-100],[60,75],[34,-24],[44,37],[-65,58],[-43,67],[131,69],[-24,48],[128,18],[66,367],[180,-128],[12,46],[15,6],[27,59],[18,30],[22,-17],[55,-24],[69,-13],[-4,-13],[60,-17],[63,-33],[25,60],[40,-13],[-3,-8],[75,-31],[-19,35],[-46,22],[6,32],[-21,6],[-9,-30],[-28,13],[-3,22],[22,0],[1,13],[-29,5],[3,52],[19,75],[39,5],[89,-9]],[[15203,78196],[83,-4],[47,2],[129,-82],[-13,-90],[157,-41],[2,6],[47,-11],[37,11],[65,-23],[58,-10],[64,-7],[177,-1],[39,13],[160,19],[94,-12],[-113,-176],[162,-64],[124,-57],[-7,-20],[56,-16],[15,46],[-52,27],[53,166],[-2,17],[17,28],[-36,29],[-17,5],[5,32],[-31,44],[95,243],[123,-38],[192,-306],[92,-31],[41,-116],[-22,-28],[-6,-30],[29,-2],[-4,-27],[-16,-50],[58,-239],[89,-20],[107,-10],[193,-28],[123,-25],[64,-3],[64,3],[461,-103]],[[2116,90013],[7693,3489]],[[9809,93502],[4865,-10145],[85,-566],[96,-421],[52,-178],[-207,-2025],[377,-1043],[323,-445],[-106,-240],[15,-4],[-106,-239]],[[9809,93502],[6965,2278]],[[16774,95780],[1933,-2949]],[[18707,92831],[165,-240],[1219,-2017],[25,-45],[886,-1807]],[[21002,88722],[15,-38]],[[21017,88684],[156,-414],[335,-927]],[[21508,87343],[-18,-1156],[-949,-3476],[-417,-1393],[-281,-501],[-731,-616],[78,-650],[13,-91],[-9,-101],[-1,-117],[3,-68],[284,-766],[4,-10],[106,-186],[23,-1149]],[[19613,77063],[-53,48],[-27,18],[-32,9],[-60,-3],[-31,-20],[-13,-31],[-17,-76],[-30,-61],[-26,-35],[-27,0],[-27,18],[-47,4],[-141,39],[-98,-2],[-6,-27],[-14,14],[-98,11],[4,9],[-89,14],[-24,24],[-60,34],[-40,38],[-7,16],[-44,22],[-400,91]],[[19613,77063],[259,110],[308,-669],[12,-239],[205,-101],[57,-258],[0,-24]],[[20454,75882],[3,-163],[7,-51],[159,-866],[-405,-417]],[[20218,74385],[-114,-82],[-964,-222]],[[19140,74081],[-337,496],[-42,25],[-301,193],[-312,197],[-87,60],[-108,72],[-78,46],[-227,162],[-168,-66],[-70,-188],[-99,-123],[-137,-223],[-16,-27],[-183,-189],[-69,15],[-136,11],[-83,21],[-70,30],[-114,35]],[[12729,71819],[53,-95],[-10,-97],[1,-125],[-20,-25],[-34,-131],[-48,-88],[-42,-48],[-49,-24],[-65,-182],[4,-84],[-169,-139],[-39,-25],[-41,-59],[-96,-97],[-56,-173],[19,-332]],[[12137,70095],[-255,-80],[-3,-2]],[[11879,70013],[-223,-68],[-132,-17],[-53,-26]],[[11471,69902],[-17,14],[-230,231],[-68,21],[-46,42],[-19,12],[-33,52],[-11,84],[-16,-13],[-64,-5],[4,33],[27,71],[-101,19],[-4,-13],[-57,12],[-33,-123],[-87,0],[-12,-45],[-81,7],[13,58],[-43,8],[11,46],[8,65],[-52,3],[-75,10],[-20,-21],[-94,27],[-5,-3],[-111,43],[2,10],[-46,20],[-9,-20],[-82,32],[-5,-4],[-92,56],[10,11],[-4,25],[93,28],[30,13],[-82,68],[-34,140],[-71,40],[-66,110],[-19,7],[-3,13],[-20,-2],[-14,14],[-26,-7],[-37,0],[-29,8],[-13,-5],[-18,-29],[-240,-4],[-50,-5],[-471,951],[-135,402],[-31,45],[-36,-8],[-94,23],[-269,74],[-66,14],[-194,38],[-284,51],[-196,62],[-117,56],[-107,55],[-637,557],[-2156,762],[-4637,2889]],[[0,77027],[0,3667]],[[11471,69902],[-171,-231],[-268,-193],[-94,-113],[-99,-71],[-77,-74]],[[10762,69220],[-36,10],[-317,-58],[-219,39],[-91,44],[-46,20],[-22,23],[-53,5],[-40,-12],[-12,-23],[-69,-7],[-72,-44],[-40,-18],[-43,-33],[-103,-98],[-20,-26],[-40,9],[-3,-4],[-77,38],[8,17],[-151,74],[-19,-32],[-23,-6],[-8,15],[-61,-9],[-107,38],[-5,-25],[-93,33],[-92,47],[-10,15],[-15,42],[-28,32],[-53,12],[-112,1],[-37,11],[-36,-49],[-11,-41],[-11,-18],[-22,-4],[-78,28],[-64,10],[-37,13],[-50,42],[-15,8],[-41,1],[-5,-40],[-37,-5]],[[8246,69295],[-169,-21],[-33,3],[-23,12],[66,70],[4,13],[-39,-12],[-1,78],[2,60],[-167,37],[17,51],[23,25],[34,16],[22,40],[84,40],[20,-11],[25,18],[-1,31],[41,5],[12,15],[0,18],[22,67],[3,41],[13,37],[2,60],[-24,36],[-41,29],[-10,13],[-24,103],[-30,21],[-34,-19],[-10,-15],[-2,-31],[-96,-13],[-294,-115],[-108,151],[16,22],[4,27],[-283,233],[5,280],[0,78],[-100,45],[6,284],[-448,165],[-1110,418],[-5620,2022]],[[0,73722],[0,3305]],[[7119,66203],[4,22],[51,392],[-61,271],[-112,247],[430,524],[35,26],[18,26],[5,25],[35,12],[31,23],[47,15],[15,17],[123,-56],[17,23],[15,36],[24,-7],[30,92],[145,53],[-4,50],[-7,6],[9,78],[171,5],[11,53],[89,-36],[17,102],[102,-25],[19,-38],[93,-12],[9,67],[13,26],[-26,21],[59,120],[-54,39],[-78,40],[-29,-51],[-57,-3],[14,54],[-51,22],[10,43],[-89,21],[15,47],[19,2],[13,27],[-33,0],[40,86],[-1,32],[-37,25],[-39,17],[41,106],[31,132],[32,-7],[8,22],[16,11],[12,-14],[29,26],[-13,13],[12,13],[35,69],[-64,23],[-53,-26],[-36,55],[15,8],[-39,54],[51,48]],[[10762,69220],[8,-66],[106,-235],[-16,-117],[-22,-207],[-29,-55],[-42,-110],[-137,-144],[-70,-65],[0,-10],[-91,-161],[-41,-157],[-17,-51],[37,-90],[7,-265],[64,-34],[54,-22],[61,-12],[42,-3],[352,16],[122,-329],[125,-44],[104,-58],[-1,-227]],[[11378,66774],[-399,-199],[-43,-70],[0,-21],[-47,-266],[-70,-75],[-198,-42],[-47,14],[-79,50],[-69,14],[-100,68],[-11,155],[-211,112],[-153,-12],[-216,84],[-30,-17],[-94,-113],[-138,-74],[-40,-84],[-98,-63],[-64,-37],[-49,-17],[-70,5],[-1,-3],[-108,36],[-50,-49],[-19,-168],[30,-237],[-187,-531],[-217,-365],[-74,-145],[-30,-50]],[[0,69167],[0,4555]],[[11378,66774],[0,-157],[355,61],[277,14]],[[12010,66692],[68,-237],[166,-240],[223,-50],[67,-81],[59,-82],[106,-64],[85,-41],[243,-100],[53,-28],[315,-156],[272,-250]],[[13667,65363],[-74,-86],[-42,-58],[-113,-243],[-65,-125],[-20,-98],[-61,-122],[-120,-265],[-206,-433]],[[18262,58515],[-100,259],[-50,72],[-26,74],[-113,-62],[-72,60],[-90,-53],[-48,80],[105,58],[-18,31],[-66,-36],[-29,85],[-114,-31],[-13,23],[-62,-34],[7,-19],[-124,-45],[-125,11],[5,51],[-9,43],[-54,33],[-18,76],[-13,121],[34,97],[-11,165],[-86,14],[-7,50],[5,32],[-32,67],[-11,71],[-28,36],[4,38],[-14,23],[6,23],[36,22],[14,-28],[0,44],[36,12],[68,-41],[129,43],[-88,306],[76,35],[7,11],[0,61],[-17,-6],[-13,59],[-101,-13],[-4,23],[96,153],[4,-2],[64,106],[136,236],[-41,-6],[-90,2],[-189,71],[-84,30],[-44,-1],[-83,-7],[22,-15],[4,-26],[-19,-58],[-26,-37],[-21,-19],[-53,-60],[-3,-12],[27,-48],[13,-48],[-8,-16],[-139,152],[-2,6],[-16,153],[2,1],[-39,300],[143,115],[-56,325],[38,17],[-59,-1],[-35,-24],[-50,-26],[-52,-19],[-123,-50],[-75,-37],[-91,114],[-96,131],[-36,76],[-16,263],[26,103],[14,69],[-2,20],[-83,99]],[[16196,62486],[92,-51],[47,-34],[42,-6],[111,35],[-7,8],[2,45],[-23,15],[8,15],[31,7],[82,44],[26,-11],[17,77],[24,38],[121,-2],[63,-4],[0,-17],[42,9],[85,9],[57,-6],[55,1],[49,-27],[27,-43],[-1,-17],[44,-12],[172,-27],[9,14],[24,6],[18,-6],[121,7],[48,16],[56,13],[4,-11],[68,40],[27,56],[43,50],[26,15],[52,46],[16,-4],[33,15],[41,35],[53,11],[97,30],[22,14],[16,0],[8,15],[-55,-3],[-19,5],[-40,30],[-29,4],[-17,17],[10,27],[-16,10],[-17,35],[-21,21],[-33,83],[-30,40],[-3,23],[-13,0],[9,52],[-25,26],[-17,8],[-45,37],[-56,24],[-33,1],[-30,32],[-40,55],[-9,3],[-18,57],[-10,4],[-18,38],[-39,55],[-7,33],[-40,56],[-48,34],[-9,30],[-21,30],[-17,38],[-27,40],[23,40],[-1,26],[-15,26],[30,35],[21,11],[97,-11],[13,1],[1,37],[80,17],[79,51],[5,50],[11,18],[9,64],[3,45],[-5,32],[-16,26],[-57,155],[-201,132],[25,94],[56,-5],[49,6],[40,0],[23,46],[36,26],[41,13],[31,3],[34,29],[12,45],[27,8],[39,28],[-5,28],[11,44],[31,3],[24,24],[29,6],[11,47],[17,9],[18,-58],[43,-1],[102,16],[7,-4],[94,10],[60,46],[7,10],[29,-5],[72,9],[-20,80],[3,16],[-21,99],[14,4],[-17,12],[-17,116]],[[18343,65398],[41,1],[47,30],[25,-14],[101,6],[89,-12],[49,0],[23,34],[37,9],[22,-5],[-7,-23],[80,-19],[74,-28],[-1,-6],[117,-28],[43,-24],[8,103],[25,1],[-1,12],[82,4],[2,-23],[21,-32],[9,-24],[12,-7],[15,-31],[3,-28],[17,-59],[-6,-7],[53,-62],[-25,-31],[6,-3],[7,-96],[62,-5],[2,-53],[25,-3],[-4,137],[11,-3],[5,25],[35,-69],[66,-72],[14,-4],[15,-21],[13,3],[13,-18],[30,-26],[7,-14],[0,-42],[105,-83],[48,-53],[165,-197],[61,-31]],[[19984,64507],[7,-111],[-113,-117],[-124,-160],[-35,-136],[0,-148],[-2,-82],[-9,-96],[60,-130],[17,-30],[27,-68],[47,-79],[12,-28],[-24,-158],[-46,-81],[-34,-95],[-23,-34],[-29,-59],[72,-79],[46,-101],[21,-18],[-1,-11],[24,-2],[158,-3],[-36,-64],[1,-17],[37,-2],[10,-12],[-18,-30],[-65,-61],[16,-2],[24,-41],[-47,-28],[35,-56],[11,-26],[-49,-24],[-45,-36],[-67,-25],[-62,-63],[-65,-33],[-125,-42],[-22,-45],[-12,-77],[5,-29],[28,-28],[8,-32],[0,-33],[-27,-31],[-28,-6],[-28,-35],[-31,-76],[534,380],[161,-192]],[[20178,61915],[0,-4],[-82,-68],[-50,-51],[-19,-4],[-86,5],[-19,-4],[-113,-73],[-90,-169],[-136,-129],[8,-25],[-42,-9],[-27,-21],[-29,72],[-34,-16],[-8,19],[-23,-9],[-34,15],[-63,-65],[-32,-26],[-21,24],[0,-15],[-137,-137],[-9,-14],[8,-16],[36,-27],[24,-48],[40,-18],[15,-20],[41,-30],[13,-15],[0,-28],[17,-43],[16,-14],[40,-14],[19,-13],[6,-110],[-8,-32],[121,-145],[1,-5],[60,32],[225,-167],[-6,-26],[12,-1],[17,-28],[36,3],[-24,-44],[-46,19],[-18,-33],[-14,1],[5,-47],[-10,-72],[13,-10],[99,-25],[-39,-179],[26,-115],[33,-160],[-8,-73],[-12,-151],[14,-107]],[[19884,59450],[-104,-20],[-101,4],[-61,-39],[-35,-15],[-5,-118],[-8,-83],[-54,5],[-7,-93],[-13,-72],[24,-4],[17,-187],[8,-2],[-92,-33],[19,-32],[56,-196],[-48,-3],[29,-119]],[[13681,62442],[142,30],[181,58],[145,25],[116,9],[71,2],[52,-19],[356,50],[30,-12],[72,-11],[14,-46],[7,1],[-14,39],[101,-22],[22,5],[96,43],[38,30],[47,115],[128,62],[35,8],[140,133],[55,35],[83,-3],[32,-36],[24,3],[24,24],[46,2],[14,-10],[1,16],[32,-2],[0,-82],[112,-47],[35,-8],[99,-46],[34,-28],[37,-19],[-19,-47],[-8,-65],[77,-104],[58,-39]],[[19984,64507],[45,102],[82,143],[47,76],[78,56],[109,51],[80,40],[40,24],[74,117],[30,83],[30,106],[13,109],[2,34],[34,132],[94,125],[81,94],[109,109],[56,49]],[[20988,65957],[94,-65],[300,-260],[42,-45],[116,-86],[160,-111],[66,-44],[57,18],[79,36],[267,109],[114,20],[91,0],[228,47],[287,32]],[[22889,65608],[20,-24],[103,-54],[191,-130]],[[23203,65400],[18,-27],[211,-577],[35,-199],[43,-111],[3,-23],[-28,-99],[-10,-68],[-17,-35],[-82,-62],[-41,-38],[-16,-34],[0,-51],[34,-12],[1,-65],[15,-23],[4,-89],[-219,-304],[-91,-42],[-40,-129],[-16,-89],[-17,-61]],[[22990,63262],[-162,-19],[-58,9],[-140,-22],[-22,-23],[17,-44],[-29,-37],[-7,-52],[-18,-23],[-30,-14],[13,-18],[-19,-46],[-3,-33],[-9,-17],[-20,-8],[-39,-2],[-4,28],[-46,-1],[-33,-27],[-42,0],[-30,-19],[-22,-49],[-31,-21],[-25,-35],[-8,-29],[-1,-38],[29,-53],[-2,-19],[41,-5],[-17,-22],[6,-6],[18,24],[9,-18],[48,-59],[-17,-18],[26,-9],[8,-14],[-15,-33],[-35,-43],[-32,-16],[14,-40],[-15,6],[-36,0],[-47,-18],[-12,5],[-8,-15],[0,-38],[8,-26],[-16,-34],[-16,-9],[-19,3],[-12,-22],[-46,-33],[-8,-29],[-27,3],[-6,-66],[-22,1],[4,-18],[-18,-4],[11,-17],[-11,-9],[5,-38],[-26,-11],[-5,-14],[-16,12],[-20,-7],[-3,-12]],[[21942,62001],[-4,-42],[-37,-29],[-30,-11],[-47,-40],[-5,-41],[-24,-8],[-12,-31],[-13,-3],[-8,-19]],[[21762,61777],[-28,2],[-37,22],[-16,17],[-68,-1],[-35,-12],[-22,-14],[-58,-6],[-16,4],[-36,-18],[-21,-48],[-35,9],[-25,-23],[-55,7],[-18,10],[-46,-6],[-39,-10],[-3,5],[-34,-20],[-88,-26],[-56,-22],[-82,-1],[14,-135],[-22,-1],[4,-12],[-37,-23],[3,-4],[-33,-30],[-72,104],[-55,-1],[-16,-10],[-54,18],[-35,5],[-32,25],[-31,-4],[-43,27],[-18,26],[-20,40],[-30,-23],[-57,38],[-42,-34],[-22,12],[-28,-11],[-31,-32],[-7,11],[-36,-18],[-7,-21],[-56,29],[-3,-9],[-24,7],[-17,-39],[-29,-33],[-40,10],[40,112],[41,120],[-44,31],[21,23],[15,6],[18,23],[28,18],[-9,24]],[[21762,61777],[3,-49],[-24,-34],[-15,6],[-67,-58],[-9,-25],[204,-203],[86,-77],[51,-43],[42,-55],[14,-4],[-145,-275],[22,-20],[-37,-77],[-2,-12],[74,-29],[39,39],[24,14],[19,-7],[-23,-30],[-31,-23],[-1,-76],[-41,-24],[-10,11],[-24,-8],[-42,-44],[-8,2],[-16,-66],[6,-32],[-8,-39],[3,-33],[-23,-4],[14,-131],[-34,12],[-6,-51],[-114,-65],[-39,-66],[25,-13],[-39,-70],[-25,14],[-7,-12],[-98,73],[-20,-30],[-21,-49],[-13,12],[-7,24],[-16,-14],[14,-19],[-15,-47],[-16,-34],[-6,-40],[-12,2],[-6,-38],[12,-1],[-2,-28],[-41,-19],[33,-32],[-73,-50],[22,-26],[9,6],[11,-22],[42,0],[26,-8],[-35,-15],[18,-5],[-3,-16],[11,-14],[-24,-40],[14,-14],[-18,-21],[-25,13],[-33,39],[-20,-8],[1,-25],[-41,21],[-86,62],[-24,-27],[-18,-11],[-8,-21],[-16,15],[-7,-10],[-28,-2],[-17,18],[-29,7],[-6,-26],[-25,-18],[-5,-27],[-28,11],[-5,-38],[-17,5],[-2,-21],[-35,4],[-15,-9],[-7,-28],[-33,-20],[-13,-27],[4,-21],[-27,-27],[-16,-26],[-36,-36],[-16,-8],[-29,-29],[-28,-36],[-61,-30],[-24,0],[-14,-30],[-27,9],[-38,-1],[-29,-80],[-13,-7],[1,-17],[-51,-5],[-9,-22],[-26,18],[-15,-9],[-11,22],[-39,0],[-29,32],[-34,-21],[-38,8],[-34,-36],[-18,-8],[-53,17],[-74,4],[-18,60],[-53,44],[-71,54],[-21,38],[-11,61]],[[13667,65363],[25,13],[54,39],[95,85],[174,60],[106,26],[77,38],[200,119],[61,65],[93,109],[32,28],[83,99],[52,64],[63,70],[30,40],[117,121],[36,26],[115,110],[66,58],[23,17],[91,55],[58,41],[132,262],[52,39]],[[15502,66947],[290,-120],[4,-6],[321,105],[302,-210],[19,-26],[71,-54],[-7,-42],[-14,-26],[12,-110],[32,-50],[82,-35],[10,3],[67,-10],[30,-77],[18,-15],[26,10],[64,-5],[25,31],[3,18],[20,1],[29,-23],[31,16],[23,-16],[22,11],[26,2],[31,-31],[40,-9],[19,-25],[34,-7],[29,-17],[10,2],[61,-15],[30,3],[37,-9],[20,-27],[24,-19],[22,-50],[70,-11],[43,4],[27,-14],[23,-3],[12,-30],[69,-22],[61,0],[24,10],[49,1],[42,-16],[9,-33],[-1,-27],[24,-34],[21,-39],[12,21],[45,-28],[25,1],[39,28],[30,13],[25,-9],[22,14],[28,-26],[26,-55],[-3,-20],[17,-28],[36,-9],[2,22],[46,36],[22,-35],[60,-152],[43,-124],[16,-39],[14,-113]],[[15502,66947],[3,24],[33,162],[11,41],[1,22]],[[15550,67196],[58,205],[62,122],[19,16],[104,122],[56,112],[18,8],[49,36],[75,72],[42,68],[9,30],[6,136],[3,25],[43,33],[58,63],[54,72],[17,32],[13,50],[34,82],[-12,36],[-78,126],[-12,28],[-5,76],[8,16],[115,167],[87,29],[99,8],[109,23],[52,41],[36,25],[35,7],[48,28],[95,66],[58,55],[68,80],[41,84],[34,119],[119,207],[7,80],[62,233],[29,99],[44,134],[10,55]],[[17319,70302],[175,-27],[150,-13],[20,-7],[143,-84],[264,-126],[21,-8],[126,-84],[20,-18],[46,-18],[26,-21],[69,-66],[135,-97],[39,-51],[115,-52],[47,-44],[138,-7],[54,6],[5,46],[12,60],[75,89],[34,34],[141,110],[129,91],[31,5],[42,-14],[91,-38],[52,4],[33,12],[222,74],[40,10],[188,19],[42,-3],[158,13],[84,12],[339,112]],[[20625,70221],[33,-78],[187,-349],[109,-188],[30,-323],[124,-251],[-6,-143],[20,-113],[18,-62],[53,-127],[84,-136],[28,-37],[187,-206],[42,-37],[194,-104],[11,-46],[18,-114],[39,-85],[289,-201],[-27,-98],[-5,-82],[-116,-155],[-110,-93],[-13,-4],[-235,-320],[-316,-198],[-66,-46],[-108,-66],[-41,-81],[-97,-243],[-6,-71],[17,-58],[30,-86],[-4,-63]],[[17319,70302],[-48,88],[-171,339],[-21,54],[-9,35],[-24,184],[11,150],[5,24],[349,257],[193,127],[327,320],[46,50],[229,192],[73,79],[225,218],[104,62]],[[18608,72481],[38,-36],[298,-214],[120,-88],[98,-69],[84,-55],[231,-139],[84,-47],[164,-101],[327,-197],[118,-77],[99,-53],[512,-108],[63,-71]],[[20844,71226],[-10,-222],[-9,-88],[-10,-80],[-57,-185],[-124,-394],[-9,-36]],[[19140,74081],[-139,-173],[-204,-772],[-189,-655]],[[15550,67196],[-137,119],[-206,83],[-18,30],[-20,11],[-8,15],[-34,34],[-52,32],[-19,33],[-42,32],[-18,6],[-5,35],[-19,58],[-1,70],[-16,31],[-28,79],[-13,8],[-90,-1],[-8,29],[-29,-4],[-47,-21],[-7,-9],[-6,24],[2,41],[-82,6],[-20,-3],[-13,-19],[-48,2]],[[14566,67917],[-9,65],[5,17],[46,-1],[7,26],[46,-1],[39,91],[-13,0],[4,20],[11,0],[3,43],[-4,25],[-66,130],[-4,68],[16,1],[0,23],[-17,0],[10,31],[48,51],[10,16],[-78,48],[-54,18],[-29,15],[19,54],[17,78],[-53,6],[2,44],[36,9],[16,67],[6,46],[-13,30],[7,37],[11,-3],[39,102],[27,9],[13,15],[-49,11],[62,68],[11,23],[-22,24],[-48,42],[-17,41],[-16,-36],[-45,17],[10,48],[-64,24],[-3,-11],[-41,10],[1,16],[-62,14],[-136,19],[-7,-36],[-56,-35],[-90,-25],[-21,-84],[13,-33],[-4,-17],[-25,0],[-12,-50],[-16,-48],[-4,-109],[-17,-32],[-122,23],[1,19],[-71,14],[-6,-19],[9,-14],[-136,25],[3,28],[-91,-17],[7,-44],[-68,-14],[1,-6]],[[13533,68933],[-19,-6],[-6,19],[-11,-8],[-5,-47],[-16,-34],[-163,-46],[-76,-25],[-87,-8],[-46,42],[-15,-5]],[[13089,68815],[-4,4],[9,102],[-22,-3],[7,31],[-130,12],[32,46],[21,-2],[-25,21],[-84,-42],[-45,6],[2,35],[-49,4],[-3,-30],[-120,30],[-14,-65],[10,-33],[-18,-44],[-62,-10],[-23,12],[-39,95],[-64,-2],[0,10],[-83,-10],[-4,34],[-34,1],[-2,-85],[-58,10],[2,46],[-26,57],[-22,31],[-59,51],[-78,45],[-27,-4],[-26,57],[84,32],[-128,80],[28,33],[79,24],[34,6],[-7,24],[-15,2],[-69,27],[-39,11],[-105,15],[16,63],[4,29],[-1,96],[6,70],[-59,276]],[[12137,70095],[107,-39],[22,-3],[212,-45],[39,-14],[49,3],[89,-20],[157,13],[54,38],[115,63],[23,22],[97,0],[16,-5],[46,-29],[87,-39],[50,-40],[-1,-10],[23,-7],[163,-3],[42,-26],[52,-17],[13,-22],[36,-16],[32,5],[14,-5],[37,30],[1,49],[9,75],[25,51],[32,46],[13,39],[-19,48],[23,72],[24,-10],[29,2],[20,-8],[96,40],[22,-8],[60,-49],[137,1],[12,-7],[4,-22],[46,-17],[40,-2],[41,-11],[82,-30],[64,-16],[7,9],[69,21],[71,10],[33,-7],[24,-16],[58,-4],[105,6],[34,5],[42,-1],[73,-8],[13,143],[-56,37],[-1,10],[-48,33],[1,12],[28,27],[20,37],[16,19],[111,-60],[-20,14],[21,97],[6,69],[-47,11],[14,87],[21,81],[18,51],[5,29],[43,-22],[20,-21],[79,48],[-22,34],[-42,-24],[-23,9],[10,19],[14,-7],[23,27],[-45,51],[-6,0],[70,85],[-13,5],[5,39],[-8,59],[7,55],[-4,15],[12,35],[56,57],[46,13],[116,11],[47,-31],[32,3],[15,11],[6,26],[-18,24],[-21,53],[-71,1],[-321,10],[0,34],[14,35],[13,53],[-17,-12],[-3,-17],[-57,13],[-11,-29],[-17,5],[-7,-21],[-50,9],[6,10],[-88,9],[-20,-24],[-141,20],[-11,56],[-38,24],[55,50],[43,14],[-46,17],[-20,25],[-7,-4],[-26,-51],[-13,-3],[-14,28],[48,42],[-40,28],[-22,4],[0,29],[-14,41],[-8,55],[-21,47],[2,14],[-19,60],[40,47],[-31,40],[-7,27],[54,33],[-35,49],[-25,-19],[-12,33],[-43,54],[-6,-20],[-21,-17],[-41,9],[2,34],[-21,1],[-2,-33],[-29,3],[8,7],[7,90],[6,29],[-4,61],[-65,116],[-224,686]],[[13089,68815],[-19,-2],[-63,-170],[-2,-51],[-31,-19],[-29,11],[-28,22],[-19,-1],[-144,2],[-147,-1],[-42,10],[-3,-28],[16,-6],[-4,-18],[-14,11],[-2,-17],[-217,-3],[10,-23],[-10,-100],[-75,20],[1,-9],[-54,-167],[9,-3],[-13,-87],[4,-4],[-28,-86],[-31,1],[-43,-131],[13,-3],[-6,-32],[-71,10],[-33,-167],[-38,-42],[-50,-76],[-6,-38],[27,-61],[106,-30],[-59,-191],[130,-156]],[[12124,67180],[-45,-283],[0,-47],[-8,-63],[-38,-48],[-23,-47]],[[13533,68933],[18,-82],[22,-1],[51,-44],[16,-51],[38,-46],[47,-21],[21,-103],[1,-37],[12,-62],[5,-148],[-7,-32],[-14,-37],[-36,-70],[22,-11],[-5,-8],[23,-31],[52,-47],[-16,-78],[45,-3],[12,-13],[-20,-29],[5,-10],[-1,-86],[-18,-75],[-63,-109]],[[13743,67699],[-46,32],[-15,3],[-47,-7],[-33,5],[-145,-64],[-28,-9],[-166,9],[13,-54],[-6,-51],[-22,-1],[1,-28],[-51,-69],[-64,0],[1,25],[-12,-3],[-73,24],[-73,-42],[-58,-21],[-38,2],[-23,18],[-70,-73],[-33,-49],[-17,1],[-59,-24],[-63,38],[-34,9],[-12,23],[-42,23],[-41,8],[-39,-2],[-30,-28],[-68,-32],[-49,-62],[-46,-37],[-90,-51],[-41,-32]],[[14566,67917],[-48,-23],[-17,3],[-55,-33],[-59,-62],[-25,-11],[-33,-6],[-20,-30],[-12,-1],[-36,-44],[-10,-24],[2,-17],[-35,-61],[-41,-18],[-34,-48],[-7,-62],[-50,-44],[-14,4],[-8,27],[-24,5],[-19,15],[10,17],[-113,59],[13,31],[-61,18],[-39,3],[-39,-4],[-76,38],[29,42],[-2,8]],[[38407,51442],[15,-9],[10,19],[90,73],[95,-19],[281,-40],[101,44],[129,35],[109,17],[60,2],[153,-16],[55,-13],[93,-34],[206,-88]],[[39804,51413],[116,-162],[137,-430],[55,-425],[55,-354]],[[40167,50042],[-347,65],[-321,48],[-428,128],[-146,40],[-215,-1],[-15,-2],[-182,-162],[-152,-13],[-14,-28],[-13,-7],[-13,-31],[-27,-4],[-15,-23],[-23,-17],[-35,-61],[-32,-37],[-14,7],[0,93],[-87,-25],[-54,8],[7,39],[25,15],[-70,84],[-26,1],[-10,19],[-52,142],[-10,73]],[[37898,50393],[-4,75],[-9,16],[-29,11],[-21,0],[-42,50],[-39,22],[-42,-6],[-29,3],[-22,17],[1,22],[-18,22],[22,80],[-33,-12]],[[37633,50693],[-1,18],[-15,16],[6,47],[67,85],[8,46],[-24,25],[68,45],[5,11],[-37,39],[-5,-4],[-31,40],[-2,14],[63,10]],[[37735,51085],[41,2],[2,105],[27,53],[-24,4],[1,10],[28,-6],[47,78],[23,33],[32,38]],[[37912,51402],[36,31],[48,33],[36,18],[15,33],[37,-4],[14,28],[23,3],[9,-29],[11,3],[-22,56],[56,-11],[24,-84],[180,-53],[8,-12],[13,30],[7,-2]],[[37912,51402],[-97,112],[-4,13],[-44,73],[-7,6],[-38,62],[-39,47],[-35,14],[-5,-24],[-20,24],[7,28],[22,-6],[-76,85],[-64,50],[-223,-89],[-48,-5],[-2,-13],[-32,11],[2,11],[-23,16],[-83,41],[-49,16]],[[37054,51874],[8,55],[-138,53],[26,121],[-67,42],[-60,18],[2,24],[29,12],[9,87],[35,24],[-117,33],[-30,4],[-4,27],[-11,23],[-11,46],[-16,-3],[-9,57],[-25,83],[31,42],[5,22],[37,-3],[20,5],[-17,17],[-16,36],[-38,40],[14,25],[-1,35]],[[36710,52799],[22,36],[59,26],[19,20],[44,18],[42,49],[10,0]],[[36906,52948],[158,-137],[-8,20],[-18,15],[44,134],[39,-12],[18,35],[34,42],[10,-3],[14,37],[13,53],[25,-1],[-16,19],[-52,42],[6,18],[-39,30],[-28,8],[-2,16],[21,1],[1,20],[14,0],[126,-100],[14,16],[25,71],[20,21],[12,33],[-3,64],[2,22],[29,33],[80,17],[3,-16],[21,3],[-3,28],[22,20],[19,5],[7,21],[15,-2]],[[37529,53521],[20,-15],[5,-18],[19,3],[27,-20],[29,10],[27,-19],[175,-137],[63,84],[14,-51],[23,-18],[68,-8],[6,10],[65,-9],[73,68],[71,-108],[23,24],[170,-174],[-118,-50],[-44,-28],[-24,-25],[-22,-30],[-17,-39],[-8,-31],[-3,-60],[23,-78]],[[38194,52802],[6,-10],[-27,8],[-46,-3],[-64,-15],[-3,7],[-38,-7],[3,-7],[-83,-9],[3,-21],[-65,-14],[-15,-14],[-50,-11],[16,-47],[31,-4],[49,20],[24,-65],[5,-236],[2,-14],[26,-3],[3,-49],[10,-64],[15,-66],[25,-62],[36,-59],[23,-29],[30,22],[122,-54],[-23,-58],[-20,-4],[23,-23],[101,-63],[37,0],[5,-6],[2,-39],[8,-93],[7,-23],[38,-68],[5,-31],[-34,-128],[7,-9],[26,21],[6,-12],[-13,-18]],[[37735,51085],[-52,98],[-36,-19],[-6,9],[-59,-5],[-33,64],[-26,3],[-53,-14],[-61,-27],[-29,-1],[-51,-15],[-4,10],[-38,-13],[-2,16],[-37,-16],[-18,1],[-28,23],[-25,50],[-18,0]],[[37159,51249],[-10,3],[-3,41],[-10,10],[9,25],[-18,3],[0,-13],[-34,64],[0,53],[-32,18],[-53,16],[-57,2],[-16,-5],[-27,9],[19,85],[13,15],[-117,30],[-57,7],[-60,-6]],[[36706,51606],[-32,-6],[0,12],[84,11],[16,72],[27,71],[5,22],[36,-16],[8,5],[3,59],[45,2],[53,8],[2,-8],[96,11],[5,25]],[[37159,51249],[-13,-47],[-7,-42],[-2,-54],[4,-131],[20,-30],[-41,-6],[-1,-57],[57,6],[1,-19],[-34,-7],[7,-52],[36,-7],[21,-27],[3,-42],[-13,-11],[-68,2],[-31,-8],[-33,7],[-11,-43],[-16,14],[-5,-12],[-52,-69]],[[36981,50614],[-89,53],[-27,35],[-41,2],[-68,14],[-54,45],[-70,12],[-31,13],[-100,5],[-7,-5],[-52,-65],[-78,20],[-85,-6],[-9,-14],[-125,-20],[-61,-18],[-16,3],[-54,-12],[-78,-36],[-37,-48],[-9,-21],[-10,12],[-16,-6],[-38,-35]],[[35826,50542],[-42,41],[-51,60],[-15,34],[-33,22],[-38,50],[-18,11],[-13,29],[-18,-1],[-34,31],[-25,2],[-44,20],[-38,-6],[-23,34],[7,8],[-7,26],[-20,10],[-19,-4],[-14,30],[6,4],[-27,31],[16,21],[-2,19],[-23,4],[-13,22],[16,21],[-9,16],[-25,2],[-23,-14],[-17,18],[16,6],[16,37],[22,14],[5,15],[-32,14],[-3,21],[9,26],[-28,6],[-9,17],[-16,5],[12,83],[-15,10],[-23,64],[8,27],[-26,38],[-7,29],[25,25],[35,21],[0,12],[-20,33],[-12,51],[-41,26],[-7,12]],[[35189,51675],[5,19],[33,37],[22,-8],[31,3],[33,22],[30,-3],[33,5],[39,-16],[31,0],[5,-18],[38,-44],[21,4],[-1,12]],[[35509,51688],[14,-9],[16,-52],[11,-19],[12,35],[77,35],[-15,30],[34,48],[28,30],[24,-22],[-6,-10],[138,-156],[10,13],[41,-18],[46,-12],[0,-28],[179,25],[2,-36],[18,1],[3,-21],[69,46],[-6,-29],[23,-15],[44,-3],[5,74],[10,1],[18,-57],[-3,-45],[35,-8],[-9,-29],[23,-8],[7,9],[14,-15],[30,11],[-35,19],[13,16],[24,0],[34,24],[74,21],[51,-20],[43,2],[1,17],[20,9],[44,1],[1,-14],[30,0],[27,45],[-28,23],[6,9]],[[37633,50693],[-7,-23],[-25,-40],[-12,-7],[-93,35],[-45,28],[-24,-7],[-47,-44],[-11,-18],[10,-33],[-4,-21],[-37,-7],[-28,21],[-47,20],[-32,5],[-14,-4],[-72,3],[-54,-2],[-110,15]],[[38194,52802],[30,17],[89,6],[21,10],[84,-19],[29,-38],[73,7],[21,39],[21,18],[40,-13],[-17,156],[27,2],[10,8],[-10,16],[37,6],[2,-19],[31,4],[29,20]],[[38711,53022],[41,-73],[6,-6],[-40,-79],[19,-9],[40,-42],[44,-9],[106,-43],[24,-13],[12,-17],[-5,-67],[-18,-23],[-26,-62],[30,-45],[5,-48],[18,-28],[1,-16],[24,-29],[30,-14],[81,10],[60,17],[4,-14],[13,18],[33,7],[53,-20],[42,8],[36,23],[39,43],[50,35],[99,-36],[80,-34],[248,-119],[89,-44]],[[39949,52293],[-21,-93],[-28,-164],[-22,-132],[-49,-320],[-25,-171]],[[38711,53022],[4,5],[62,21],[65,28],[97,59],[81,63],[-5,17],[41,37],[-17,5],[9,11],[4,47],[63,20],[-12,41]],[[39103,53376],[11,-8],[13,-31],[44,11],[109,73],[73,44],[48,33],[63,52],[91,22],[28,-6]],[[39583,53566],[57,-43],[20,-7],[-3,-17],[64,-11],[-2,29],[80,-14],[30,-13],[44,-39],[65,-27],[9,11],[29,-12],[32,11],[3,22],[12,2],[38,163],[240,-50],[9,-14],[8,-96],[5,-16],[159,24],[52,-28],[561,-170]],[[41095,53271],[-49,-60],[-50,-50],[-152,-136],[-109,-87],[-56,-47],[-98,-71],[-54,-18],[-161,-66],[-163,-71],[-47,-22],[-109,-140],[-32,-66],[-66,-144]],[[37898,50393],[-9,-21],[-11,0],[-28,-59],[4,-15],[-24,5],[-50,-14],[3,-10],[20,6],[7,-17],[-22,-3],[4,-11],[31,6],[-9,-17],[0,-23],[13,-7],[3,-24],[-18,-7],[-27,-27],[-2,-12],[-56,-23],[-1,6],[-60,-23],[8,-23],[1,-30],[-25,-17],[-39,19],[-10,-18],[-6,13],[-26,12],[-60,10],[-14,16],[-46,-8],[-18,-48],[-54,-84],[49,-36],[7,-23],[-98,-126],[-39,-48],[-83,-108]],[[37213,49604],[-15,14],[-23,-7],[-61,22],[-33,7],[18,35],[-45,17],[-9,-22],[1,-31],[-48,24],[-13,-2],[1,-33],[-14,5],[-9,59],[-14,-51],[-69,16],[9,42],[-35,0]],[[36854,49699],[-8,18],[-11,50],[-61,-48],[-36,-23],[-21,39],[-66,110],[-29,33],[6,13],[30,27],[-5,17],[3,34],[-11,18],[25,61],[-7,5],[-8,72],[-50,-7],[-2,18],[-46,-5],[-180,-32],[1,57],[10,56],[-55,19],[-24,-37],[-71,19],[-11,-6],[0,-26],[19,-15],[-3,-13],[21,-33],[-1,-14],[-23,-6],[-17,-40],[4,-23],[-8,-35],[-29,-9],[-27,-16],[-42,9],[-26,-2],[-45,-20],[-82,-51],[-8,22],[-23,-10],[1,-9],[-40,-29],[-110,-86],[-77,-71],[-15,5]],[[35696,49735],[2,60],[-11,0],[-138,23],[-53,-117],[-27,103],[-10,28],[-189,30],[15,42],[-25,5]],[[35260,49909],[15,42],[-15,3],[7,27],[-15,7],[-5,23],[-25,8],[19,40],[-24,2],[-2,42],[21,16],[10,33],[29,8],[6,21],[28,7],[14,35],[5,49],[24,9],[25,-5],[1,44],[-15,45],[-8,74],[18,-15],[12,13],[60,-11],[29,18],[31,-1],[1,-10],[23,-12],[30,17],[12,-20],[19,-1],[63,39],[13,25],[39,22],[35,-7],[43,-2],[43,48]],[[40167,50042],[45,-73],[28,-40],[292,-319],[105,-108],[277,-293],[40,-173]],[[40954,49036],[-901,-270],[-254,-73],[-171,-48],[-39,0],[-358,33],[-370,284],[-68,-13],[-62,3],[-85,-32],[-16,-51],[-17,-25],[-30,-13],[-43,8],[-13,-15],[-55,-16],[-14,8],[-12,23],[-18,13],[-35,-19],[-38,-12],[-11,5],[-34,-15],[-48,-1],[-5,23]],[[38257,48833],[-1,14],[42,32],[-12,27],[7,36],[-3,19],[-14,12],[3,26],[-45,-1],[-2,27],[20,10],[2,26],[-32,0],[2,194],[-3,85],[-15,0],[7,21],[-4,29],[-89,-16],[-21,-15],[-46,-19],[-58,-4],[-48,15],[-20,-9],[-28,2],[-19,-12],[-53,-49],[-9,-25],[-52,-57],[-19,12],[-26,42],[-34,13],[-38,-66],[-36,-39],[-20,9],[23,27],[-24,12],[18,14],[30,40]],[[37640,49265],[16,12],[-6,16],[16,35],[-35,40],[41,26],[-24,72],[-38,1],[-58,18],[-83,1],[-7,20],[-27,-1],[-35,44],[1,23],[-9,11],[-52,-12],[10,-30],[46,3],[-14,-32],[-3,-21],[-50,18],[-114,33],[2,8],[-34,19],[30,35]],[[35173,42239],[5,284],[277,68],[70,14],[100,181],[41,25]],[[35666,42811],[109,29],[166,29],[63,7],[22,6],[33,29],[165,235],[4,59],[-18,148],[-11,46],[13,79],[12,19],[28,10],[-9,115],[-16,27],[56,0],[18,118],[0,66],[16,66],[9,75],[17,33],[-14,-11],[-103,61],[-13,41],[-34,-8],[-13,35],[-27,36],[-66,-14],[-59,97],[-42,-13],[-32,106],[22,0],[34,22],[32,1],[13,32],[40,36],[-2,26],[9,24],[19,6],[-2,14],[22,10],[5,14],[13,-9],[28,17],[33,-8],[103,-13],[-11,17],[-16,53],[-2,35],[-15,31],[38,25],[-6,22],[-20,19],[12,12],[37,0],[8,33],[-15,10],[-14,23],[-54,52],[8,44],[-10,60],[-24,38],[-10,-1],[-11,21],[-2,38],[-17,33],[-10,37],[5,32],[-25,-11],[-31,5],[-39,46],[9,41],[-11,41],[-31,4],[-24,17],[-48,-23],[-22,3],[-50,-16],[-32,4],[-45,-6],[-20,-11],[-21,-21],[-77,0],[-18,-8],[-15,-52],[-32,-23],[-6,-25],[-39,4],[-45,-4],[-72,3],[-6,-17],[-17,-3],[-40,-29],[-30,48],[0,39],[-8,22]],[[35385,45171],[4,20],[-21,46],[29,9],[-2,25],[-26,4],[-3,21],[-35,23],[-20,19],[1,16],[-13,18],[27,28],[4,43],[-47,42],[-40,15],[7,77],[-39,27],[-93,90],[-21,11],[-42,41],[-8,21],[0,31],[18,38],[8,37],[-3,22],[-24,49],[-2,32]],[[35044,45976],[12,10],[24,-5],[8,10],[37,21],[52,40],[7,9],[46,-51],[53,64],[-13,15],[29,33],[30,-23],[28,26],[-30,27],[-30,-3],[-17,14],[21,14],[-8,10],[113,105],[58,65],[13,27],[6,38]],[[35483,46422],[20,3],[11,16],[20,7],[26,-8],[36,-41],[72,-3],[67,38],[32,35],[23,15],[26,28],[48,29],[112,25],[2,14],[26,0],[54,22],[19,-3],[32,25],[69,6],[0,11],[87,2],[11,-6],[41,12],[2,16],[-22,31],[8,51],[17,43],[103,78],[33,-97],[9,0],[-4,-24],[36,1],[3,65],[97,-9],[7,47],[-14,24],[12,50],[-7,76],[1,88],[-10,51],[-2,32],[9,21],[63,-5],[13,64],[71,0],[60,-19],[6,45]],[[36808,47278],[17,17],[66,36],[26,-5],[45,-42],[57,52],[-6,7],[17,15],[36,-65],[41,-57],[33,9],[0,-16],[19,-57],[3,-64],[-15,-49],[-9,-14],[4,-39],[17,-63],[20,-38],[10,-32],[12,8],[21,36],[43,14],[-3,24],[-19,18],[-4,27],[9,49],[14,32],[44,-15],[20,-25],[24,-18],[26,33],[-1,31],[-33,37],[7,41],[43,-43],[13,-31],[-7,-24],[15,-26],[72,-6],[5,44],[21,4],[12,-20],[36,16],[22,-26],[63,-4],[24,5],[61,-3],[44,37],[8,-50],[38,16],[18,-13],[40,6],[33,16],[18,-63],[18,-40],[7,22],[20,0],[-11,-29],[1,-21],[33,-8],[-12,-28],[-49,-68],[7,-36],[26,-23],[22,-38],[0,-35],[35,-4],[26,14],[37,3],[23,24],[36,73],[18,19],[41,-4],[25,13],[26,1],[2,-10],[-18,-28],[51,-11],[90,16],[195,29],[153,278],[100,33],[84,63],[30,-88],[24,-4],[39,23],[64,53],[27,15],[40,7],[28,16],[17,31],[47,38],[137,67],[78,45],[61,32],[113,51],[102,35],[647,179]],[[40368,47705],[1440,-4614]],[[41808,43091],[-788,-503],[-72,-187]],[[40948,42401],[-964,-242],[-1171,-977],[-114,-115],[-44,-25],[-139,-62],[-440,-269],[-380,-220]],[[42202,37445],[-46,295],[-195,1245],[-14,180],[-87,345],[-134,627],[-26,102],[-110,591],[-169,501],[-89,241],[-208,526],[-22,41],[-154,262]],[[41808,43091],[92,48],[610,356],[107,77],[53,417],[18,202],[17,105],[54,305],[71,306],[-11,185],[-55,181],[-58,161],[-76,202],[-58,126],[-69,132],[-66,117],[-104,221],[-185,380],[-91,213],[-198,540],[-61,160]],[[41798,47525],[391,47],[755,162],[1005,244],[164,37],[118,23],[1519,55]],[[45750,48093],[76,-41],[245,-121],[592,-306],[496,-285],[1920,-182]],[[37640,49265],[-15,12],[-38,-16],[-43,-50],[28,-26],[-39,-34],[-32,-68],[-22,-28],[-30,-11],[-28,0],[-27,-52],[-26,-7],[-26,17],[-35,5],[-5,-40],[-37,4],[-45,-3],[-60,-17],[-60,-5],[-7,-39],[-13,1],[1,-66],[-20,0],[-50,-21],[-23,-32],[-38,10],[-33,2],[-6,-43],[-23,-45],[13,-22],[-18,-56],[-35,7],[12,-39],[1,-33],[-77,-8],[4,-16],[21,-15],[-3,-30],[-15,-85],[20,-117],[-8,-33],[-44,-9],[-6,-28],[-51,7],[-10,-42]],[[36692,48194],[-15,-63],[-21,5],[-66,151],[-49,4],[3,49],[-44,15],[-28,-9],[-43,1],[-28,12],[-13,21],[-36,-5],[35,71],[-12,10],[-58,4],[-18,-5]],[[36299,48455],[8,89],[22,21],[-5,18],[-33,31],[-4,17],[-25,38],[-25,13]],[[36237,48682],[24,34],[-23,45],[13,21],[141,-33],[10,63],[103,-4],[20,60],[84,12],[-3,14],[-24,-6],[-4,72],[50,0],[-1,28],[52,6],[-4,12],[-27,21],[2,14],[19,3],[-10,30],[-18,2],[-15,39],[8,12],[-29,11],[10,79],[13,1],[33,-18],[4,22],[-29,14],[-7,21],[-12,-12],[-2,99],[1,20],[45,34],[20,4],[77,40],[0,25],[87,2],[11,121],[27,-3],[13,11],[-36,64],[-16,8],[10,29]],[[38257,48833],[-40,-25],[-4,-36],[-18,-78],[-26,-83],[-11,-14],[-18,-62],[-22,-45],[-25,-34],[-49,-38],[-10,-39],[-26,-34],[5,-16],[-17,-36],[-18,-57],[-35,-171],[-3,1]],[[37940,48066],[-22,21],[-44,21],[-38,3],[-86,36],[-18,2],[-84,-23],[-6,-13],[-21,-114],[-12,-23],[-42,2],[-5,-28],[-21,-14],[1,-16],[-46,-5],[-13,-7],[-17,13],[-30,10],[-29,24],[-23,8],[-34,-50],[4,-16],[25,-4],[5,8],[23,-13],[-14,-14],[-14,-35],[33,-33],[52,-17],[-10,-36],[-33,23],[-53,13],[-21,-2],[-30,-20],[-80,-15],[-59,17],[-30,3],[-64,46],[-55,10],[-37,-22],[-32,-7],[-20,18]],[[36940,47817],[-74,-6],[-4,19],[-45,-8],[-7,29],[-36,16],[3,24],[13,17],[7,24],[-3,55],[10,59],[8,-1],[16,62],[-40,13],[6,27],[-62,14],[5,19],[-45,14]],[[40954,49036],[89,-166],[31,-72],[120,-324],[122,-354]],[[41316,48120],[-1412,-183],[-372,-64],[-262,-36],[-60,-33],[-60,0],[-8,-22],[-26,-2],[-3,-10],[-93,-29],[-62,-8],[8,59],[-29,1],[-17,-52],[-11,-19],[-102,-15],[6,-52],[-100,10],[4,37],[-40,0],[-9,-30],[-127,16],[-25,0],[-1,51],[63,-1],[0,26],[112,-16],[10,33],[-100,14],[8,78],[-105,12],[-5,-17],[-19,-10],[-82,5],[-32,-10],[-15,29],[-53,-45],[-67,-32],[18,104],[-18,30],[-20,-13],[-6,-20],[-21,-16],[-36,31],[-18,-3],[-39,-31],[-22,3],[-5,71],[-73,0],[-16,33],[-34,46],[0,26]],[[36808,47278],[-27,41],[-72,30],[-1,33],[15,0],[-2,55],[4,16],[-11,51],[9,43],[-19,58],[-10,9],[99,19],[-18,96],[46,-13],[21,-11],[70,-21],[-5,6],[26,86],[7,41]],[[41316,48120],[69,-180]],[[41385,47940],[-695,-156],[-322,-79]],[[35666,42811],[-72,189],[-16,23],[-60,50],[-54,37],[-4,42],[-13,45],[-20,18],[-18,31],[-53,54],[-1,22],[-18,24],[-22,54],[-40,42],[-66,25],[-25,20],[-4,28],[29,16],[4,-15],[26,23],[15,2],[15,24],[16,11],[2,24],[-9,48],[-35,15],[-33,-3],[-8,46],[-13,35],[-19,-3],[3,-12],[-21,-5],[-23,5],[-14,41],[11,33],[2,23],[-8,30],[-24,45],[-11,7],[-5,28],[3,27],[9,9],[2,70],[16,63],[-6,12],[20,40],[8,58],[15,38],[23,29],[18,41]],[[35188,44320],[13,18],[-6,52],[12,31],[21,15],[-5,52],[21,10],[30,32],[-17,61],[13,40],[15,19],[-20,22],[-4,26],[-16,13],[-1,14],[29,13],[2,12],[-10,59],[-4,65],[38,14],[14,25],[-1,22],[40,27],[29,1],[3,21],[-20,59],[-21,37],[4,24],[33,36],[5,31]],[[35483,46422],[-7,45],[4,19],[-30,24],[-4,34],[14,-6],[54,4],[-20,159],[16,10],[-6,52],[53,15],[18,102],[25,6],[-7,98],[10,26],[29,24],[9,26],[2,30],[22,4],[19,26],[25,22],[7,14],[-7,26],[30,25],[0,36],[20,11],[14,45],[-3,32],[10,17],[-10,17],[-20,58],[27,25],[-38,32],[-45,50],[-24,31],[-22,14],[2,57],[-7,53],[-42,74],[16,22],[25,19],[41,20],[60,23],[66,17],[18,8],[15,25],[35,6],[27,38],[3,35],[-18,28],[6,25]],[[35895,48025],[15,1],[99,24],[54,40],[-33,50],[34,25],[50,32],[-6,35],[16,-8],[47,-3],[-2,75],[24,80],[74,-14],[26,68],[6,25]],[[36237,48682],[-13,6],[-50,46],[-66,-5],[-49,36],[-16,50],[-1,78],[-19,12],[-27,34],[-13,28],[-35,10],[-9,-12],[-26,-7],[-34,1],[-20,38],[-31,9],[-7,18],[-27,3],[-13,12],[13,21],[-11,15],[14,9],[3,46],[8,20],[-8,11],[-19,-2],[-43,38],[-40,49],[-58,53],[20,27],[-11,12],[-26,-4],[7,37],[-27,38],[-35,61],[-11,9],[-22,44],[31,35],[58,50],[46,19],[42,-5],[8,6],[-34,27],[30,47],[-20,13],[0,20]],[[35895,48025],[-25,44],[-15,54],[-152,70],[-103,-10],[-91,-54],[-14,6],[-52,58],[-19,13],[-26,133],[-93,24],[-40,21],[-78,-54],[-7,-1],[-23,33],[-24,0],[-18,-24],[-20,14],[-11,23],[-7,32],[6,74],[15,102],[0,39],[10,6],[-8,51],[-35,-5],[-28,-14],[-18,3],[-23,17],[-62,-31],[-21,-14],[-95,58],[-30,-33],[-13,2],[-76,-50],[-18,13],[-9,-10],[-3,21],[-28,33],[-12,70],[-103,-55],[-37,91],[-24,-9],[-82,-9],[-75,14],[-150,34],[-44,86],[-46,65],[-33,35],[-46,32],[-16,59],[-24,69],[-136,12],[-43,33],[-7,13],[26,91],[44,22],[16,14],[28,0],[65,19]],[[33942,49355],[70,27],[77,-1],[27,8],[5,16],[26,-19],[17,51],[36,-11],[102,34],[-3,30],[45,38],[13,51],[19,19],[24,40],[-9,27],[23,30],[14,3],[73,42]],[[34501,49740],[20,-12],[54,-47],[18,-23],[39,19],[26,-8],[17,6],[46,48],[-2,11],[35,28],[6,52],[-45,4],[4,27],[40,-12],[10,39],[-6,12],[129,20],[117,58],[48,39],[18,9],[20,-3],[13,8],[52,-136],[29,-5],[12,21],[1,22],[58,-8]],[[38571,57116],[-30,-5],[-1,-13],[-21,-18],[-67,-69],[-16,-28],[-13,-7],[-3,-17],[-34,-3],[-23,7],[-41,-6],[-42,5],[-23,-11],[-26,19],[-24,32],[-28,25],[-11,-3],[-13,16],[0,27],[-12,22],[9,8],[-28,6],[-16,12],[-28,1],[-34,17],[0,30],[-119,-92],[-5,-22],[-21,2],[-72,-29],[3,-57],[-11,-100],[-31,-63],[-2,-12],[10,-43],[15,-29],[-113,-78],[-143,-30],[-103,-13],[21,-46],[73,-135],[-23,-22],[-11,19],[-44,-8],[-48,-17],[35,-94],[4,-41],[-9,-31],[9,-26],[4,-55],[-17,-7],[-23,-48],[81,-57],[55,-13],[12,4],[89,-6],[16,-8],[-10,-50],[39,-1],[8,42],[97,-27],[74,39],[37,2],[56,-16],[35,-36],[16,-10]],[[38030,55949],[-21,-1],[-54,-27],[-14,-26],[-5,-51],[-48,-61],[-20,-7],[1,-39],[29,-55],[24,-14],[5,-20],[-29,-42],[-26,-28],[7,-43],[-12,-13],[-23,3],[-13,-22],[-55,-32],[-30,-35],[-32,-21],[-20,-32],[-17,-3],[-11,-25],[0,-38],[-32,-20],[-14,-38],[-27,-17],[-5,-15],[-23,-2],[-37,-33],[-15,-2]],[[37513,55190],[-15,16],[7,8],[-35,38],[-16,30],[1,38],[32,53],[-33,17],[-95,65],[-108,43],[-54,9],[-16,-29],[-46,-1],[-18,-12],[-8,-19],[-34,0],[14,-17],[-12,-4],[-110,-22],[-28,-81],[11,-3],[-29,-103],[-6,-49],[-29,-28],[-3,-42],[15,-104],[-18,-135],[-137,24],[-17,-56]],[[36726,54826],[-62,16],[-32,22],[-52,-27],[-26,-9],[-23,7],[5,31],[-107,29],[-13,-33],[-96,27],[-19,78],[-17,-10],[-47,58],[-38,24],[-4,21],[-27,55],[-6,27],[-26,40],[-19,8],[-32,53],[-18,11],[-17,31],[-8,58],[-19,19],[-3,17],[-18,20],[4,23],[-65,-9],[-35,-14],[-7,5],[-20,-42],[-7,-28],[-29,1],[-49,26],[-26,8],[-30,18],[-12,17],[-42,1],[-56,-37],[-67,-9],[-18,-49],[-55,-117],[5,-1],[-14,-57],[-63,9],[-63,18],[-38,-4],[-56,21],[-54,6],[-38,-19],[-81,44],[-42,17],[-86,42],[-23,22],[-19,-86],[-59,23],[-25,21],[-35,17],[-48,11],[-88,2],[-131,-25],[-43,-5],[-161,-33],[-55,-33]],[[34271,55183],[-23,1],[-35,20],[-66,20],[-31,4],[-31,13],[30,26],[-13,20],[-62,62],[-18,34],[21,34],[-25,79],[-78,-30],[-44,-9],[-14,-13],[-7,27],[-11,85],[2,69],[8,34],[18,35]],[[33892,55694],[22,60],[30,64],[19,55],[6,59],[-10,98],[-6,9],[-49,26],[21,17],[101,59],[36,-15],[7,24],[-4,18],[14,12],[12,27],[13,1],[37,-19],[15,17],[-9,14],[6,30],[79,62],[4,35],[16,35],[-28,69],[-29,53],[-15,15],[-57,5],[-82,-9],[-18,4],[-118,57],[-21,15],[-11,36],[16,31],[27,27],[9,23],[-17,63],[17,9],[18,24],[34,-10],[10,-22],[55,-4],[80,-20],[1,5],[69,-13],[-5,69],[11,47],[-12,35],[-14,14],[11,58],[-9,34],[-24,17],[4,41],[21,13],[138,60],[-6,172],[58,40],[29,37],[78,129],[21,28],[37,68],[35,37]],[[34565,57639],[25,25],[51,17],[30,-11],[37,13],[25,3],[58,37],[23,9],[18,25],[44,44],[1,14],[29,1],[41,-28],[30,-10],[39,1],[26,18],[32,-8],[30,1],[37,25],[25,-8],[22,9],[36,-23],[15,-18],[-1,-14],[24,3],[13,-127],[13,-35],[16,-17],[31,8],[60,-28],[17,-46],[43,-63],[21,-68],[14,11],[41,-6],[5,44],[-14,61],[13,24],[-14,44],[8,28],[61,18],[9,-20],[16,7],[10,-12],[17,3],[107,-7],[2,27],[37,2],[30,9],[4,62],[18,-12],[45,2],[1,-14],[72,7],[9,-30],[40,-49],[108,-121],[24,30],[-3,19],[16,11],[27,-4],[0,-26],[14,-25],[29,-19],[12,3],[30,-12],[26,23],[22,2],[77,-137],[97,72],[49,32],[-6,74],[29,15],[-14,48],[69,-1],[46,-11],[-1,-11],[27,-4]],[[36685,57545],[28,-1],[16,-42],[22,-14],[57,-21],[11,-34],[41,-7],[0,-69],[75,-9],[6,84],[-19,2],[4,169],[30,68],[67,86],[34,52],[47,131],[21,4],[3,-13],[17,-3],[-15,-46],[45,2],[15,-15],[34,2],[25,21],[28,-15],[19,-24],[28,15],[35,-10],[21,1],[10,53],[21,1],[18,-10],[63,-6],[26,-13],[19,-26],[25,-1],[132,1],[15,10],[20,42],[43,37],[62,-4],[63,-29],[79,-18]],[[37976,57896],[29,-62],[68,27],[29,-3],[23,8],[36,-11],[29,-46],[12,-42],[34,-73],[5,2],[50,-39],[-7,-11],[36,-22],[62,-22],[62,-50],[42,-46],[35,-16],[8,-28],[13,8],[6,-16],[30,-31],[-5,-8],[25,-26],[43,15],[16,15],[97,-43],[-19,-48],[-20,25],[-75,21],[-30,-58],[-12,-11],[-87,-122],[60,-67]],[[36906,52948],[-8,22],[-91,82],[8,17],[-10,39],[11,61],[-14,20],[15,10],[2,46],[15,35],[7,43],[3,72],[-1,57],[-6,40],[-4,103],[0,129],[-31,18],[31,-5],[7,133],[9,89],[18,146],[8,44],[25,-11],[70,-4],[35,83],[11,97],[-64,168],[-21,90],[-5,52],[-33,30],[-3,-18],[-16,4],[4,22],[-26,19],[-59,19],[3,16],[-14,3],[-3,-15],[-66,17],[7,67],[21,-5],[3,11],[-23,4],[5,28]],[[37513,55190],[-1,-12],[-39,-3],[1,-21],[18,-15],[-10,-13],[11,-14],[56,-37],[-35,-92],[30,5],[11,9],[19,-8],[14,-20],[20,17],[29,-4],[-9,-36],[17,-12],[-13,-21],[9,-23],[-25,-28],[10,-9],[-20,-8],[-1,58],[-88,-97],[22,-27],[13,8],[134,-70],[6,-10],[25,-1],[20,-16],[29,1],[35,-29],[8,-20],[17,0],[20,-28],[14,-110],[22,-1],[-1,-31],[21,-11],[1,-65],[-14,-8],[1,-19],[-11,-13],[-9,-33],[5,-20],[-12,-23],[-32,-24],[-15,-35],[0,-17]],[[37816,54204],[-9,-26],[-2,-68],[-26,-1],[-74,-47],[-5,-36],[-23,-16],[4,-20],[29,3],[7,-101],[-16,-2],[10,-52],[-6,-25],[-37,0],[-9,-29],[-13,-3],[-14,-40],[-1,-26],[42,-30],[61,-22],[-11,-25],[-39,-7],[-28,-59],[-40,0],[-7,15],[-47,27],[7,12],[-22,-10],[11,-22],[-3,-31],[-26,-42]],[[35509,51688],[-8,50],[10,9],[-40,137],[-29,107],[32,7],[-17,76],[-15,-3],[-54,49],[143,66],[-13,15],[67,17],[38,-69],[85,22],[41,-90],[1,20],[15,7],[6,-16],[15,8],[-23,54],[-5,30],[13,2],[94,-3],[1,25],[61,-59],[3,-23],[13,6],[25,-15],[-26,27],[35,29],[33,56],[26,62],[-3,15],[12,6],[21,45],[33,60],[34,54],[84,114],[71,79],[84,68],[69,47],[15,39],[15,-21],[37,19],[56,38]],[[36564,52854],[9,-13],[137,-42]],[[36564,52854],[-32,55],[-30,20],[-18,-19],[-22,-10],[-36,4],[-56,33],[-72,23],[-20,11],[-57,20],[-43,6],[-26,38],[-55,41],[-14,2],[3,46],[-8,35],[-51,-14],[-28,-3],[12,-20],[8,-37],[-4,-39],[-21,-29],[-19,-7],[-35,27],[4,49],[-40,-5],[-5,14],[-16,-11],[-44,7],[-48,-12],[-19,2],[-51,-12],[-18,4],[-24,-6],[-36,17],[-29,-14],[-7,-11],[-42,-5],[-13,63],[-9,23],[-7,56],[-45,20],[-39,28],[-67,18],[-89,-1],[-24,-3],[-9,22],[-34,49],[-35,32],[14,64],[-3,40],[-29,35],[-5,13],[-33,17],[-13,34],[-1,24],[-33,20],[-19,-8],[-19,3],[-20,-8],[-11,9],[-29,-9],[-17,8],[-31,0],[-29,-16],[-24,-22],[-38,-25],[-36,-18],[-25,-18],[-15,-37],[-22,-12],[-48,13],[-5,29],[-14,7],[-17,30],[0,17],[-16,9],[-38,58],[-60,30],[-3,15],[-18,5],[0,51],[-61,18],[-77,37],[-4,6],[-120,17],[-91,7],[-196,6]],[[33988,53810],[-19,35],[-86,10],[-18,126],[-2,63],[13,37],[0,57],[8,94],[-6,47],[-29,40],[9,122],[53,20],[81,0],[50,-27],[45,10],[39,22],[38,32],[65,23],[73,36],[9,22],[25,28],[27,-18],[13,40],[21,43],[-27,16],[-57,6],[-36,-2],[-24,100],[-1,29],[12,72],[17,60],[43,142],[5,46],[-37,30],[-21,12]],[[45750,48093],[-419,956],[-140,411],[-60,165],[-103,309],[-52,149],[-129,227],[-82,242],[-51,89],[-63,157],[-37,86],[-44,117],[-92,215],[-17,33],[-72,130],[105,410],[-126,85],[-181,161],[-74,59],[-117,89],[-29,14],[-64,5],[-17,7],[-7,-10],[-18,5],[-9,-14],[-32,8],[-48,59],[53,-13],[18,6],[-20,28],[-14,7],[41,58],[-87,41],[-60,34],[-48,19],[-23,2],[-21,14],[1,10],[81,153],[43,46],[26,4],[30,-15],[65,7],[-12,176],[-58,28],[-25,38],[-67,34],[-67,24],[-49,24],[40,86],[21,29],[-23,17],[-9,-13],[-53,30],[-16,13],[29,26],[14,30],[2,25],[-8,36],[5,21],[-30,41],[50,46],[-43,45],[-40,-40],[-26,14],[-37,33],[-16,26],[33,44],[0,17],[-61,3],[-26,54],[25,33],[10,-6],[40,12],[5,20],[19,18],[52,5],[4,135],[119,2],[2,57],[57,7],[19,39],[-52,40],[-44,-10],[32,19],[-21,5],[-156,18],[-91,70]],[[43405,54029],[22,2],[30,30],[38,25],[43,-28],[51,60],[52,-44],[9,-35],[105,4],[-4,33],[23,1],[0,28],[72,-14],[0,30],[19,20],[6,22],[44,-58],[1,-16],[25,-24],[25,3],[33,-45],[81,1],[0,19],[32,-16],[22,-23],[34,-12],[-1,-30],[59,-6],[57,4],[45,-4],[28,-8],[17,252],[13,0],[14,34],[-6,24],[4,36],[38,4],[5,-59],[-10,-59],[48,-2],[-24,-152],[-16,-120],[1,-17],[29,-13],[22,-31],[17,4],[5,27],[23,15],[7,38],[11,11],[75,43],[35,-5],[27,3],[46,-7],[34,-14],[16,8],[92,-2],[15,35],[18,8],[26,24],[47,-22],[55,-11],[29,-10],[34,-29],[54,-79],[45,95],[20,85],[-5,24],[10,10],[27,-2],[12,10],[46,4],[7,-10],[19,9],[34,-22],[18,-25],[20,-10],[46,140],[31,18],[34,-2],[8,-20],[24,-31],[29,13],[90,24],[68,26],[22,38],[-18,22],[-38,22],[-45,50],[-21,35],[-42,13],[-19,12],[-58,0],[-21,5],[-1,-16],[-62,-11],[-93,-32],[-5,115],[-79,-6],[-55,4],[-16,-4],[-18,20],[22,0],[-8,17],[64,-5],[15,44],[-2,37],[-25,95],[-23,-6],[-23,22],[-3,20],[-19,29],[2,22],[12,10],[-9,29],[-22,4],[11,17],[43,29],[25,38],[15,34],[18,23],[42,81],[31,44],[60,99],[39,12],[-12,53],[-15,36],[-54,13],[-79,29],[6,30],[-89,16],[-8,5]],[[45185,55362],[104,118],[-13,21],[53,108],[64,-5],[86,-23],[57,-27],[60,-16],[19,97],[24,135],[25,23],[0,16],[22,28],[-1,42],[7,31],[24,54],[20,14],[27,-30],[42,-1],[58,-11],[46,5],[10,33],[-49,90],[-10,63],[14,-2],[156,147],[37,-20],[22,-22],[34,70]],[[46123,56300],[25,-22],[36,-13],[11,-12],[52,-24],[30,-18],[15,-18],[-35,-62],[-9,5],[-39,-79],[-8,8],[-47,-22],[-2,-49],[24,-73],[24,-56],[-1,-35],[5,-55],[10,-62],[33,-21],[125,-72],[23,-24],[58,22],[107,-12]],[[46560,55606],[12,-28],[47,-9],[22,-14],[-7,-74],[10,-21],[-24,-27],[-15,-8],[-14,-26],[-5,-48],[-43,-1],[1,-7],[-49,-5],[-2,-89],[103,-73],[61,8],[484,53],[1,-31],[154,8],[-23,-23],[24,-31],[0,-44],[17,6],[64,-8],[23,-42],[46,-43],[52,-3],[31,52],[28,33],[39,36],[79,27],[76,-5],[47,-14],[53,-63],[41,-37],[64,-32],[37,-33],[15,-21],[35,-34],[85,16],[83,-1],[105,-33],[97,-126],[606,-339],[381,-328],[3412,-2629]],[[43405,54029],[-25,-25],[-29,-40],[-18,-13],[-59,-22],[-22,-5],[0,18],[-22,25],[-5,15],[-36,8],[-16,30],[-12,0],[-9,49],[-25,9],[-54,7],[-3,-9],[-31,3],[6,38],[-20,22],[-97,1],[-56,76],[-36,19],[-136,111],[-194,37],[-360,-65],[-106,-19],[-178,-130],[-59,-26],[-12,-9]],[[41791,54134],[-340,507],[-44,55],[-128,114],[-45,18],[-44,25]],[[41190,54853],[53,114],[2,62],[-47,35],[-26,31],[-98,-10],[-55,22],[-7,-23],[-22,9],[-16,-38],[-19,19],[24,53],[-120,70],[-12,12],[24,38],[-30,16],[-29,25],[-27,35],[48,5],[3,8],[-38,34],[-11,26],[5,26],[26,34]],[[40818,55456],[49,-1],[25,10],[40,-2],[90,1],[-32,59],[57,-16],[107,-18],[8,22],[-6,46],[28,-12],[57,13],[41,48],[35,21],[55,18],[-5,14],[107,10],[35,8],[11,16],[28,9],[46,4],[6,46],[-3,33],[4,72],[55,-7],[72,10],[35,-11],[45,-1],[5,9],[-31,46],[-23,25],[0,32],[-8,18],[1,25],[46,0],[-5,48],[-20,5],[-28,25],[-10,21],[-43,8],[11,18],[-5,32],[-9,8],[-4,27],[-31,5],[-28,15],[-13,-6],[-19,20],[19,16],[-17,42],[8,31],[10,9],[26,64],[-16,14],[-5,58],[14,45],[13,18],[16,39],[32,29],[38,53],[-2,36],[20,50],[0,38],[-7,27],[9,22],[-14,21],[-10,32],[-26,128],[-19,75],[-2,22],[23,4],[10,24],[-37,3],[-73,145],[-28,193]],[[41576,57467],[15,0],[14,41],[44,6],[17,36],[-18,45],[17,36],[26,15],[58,-14],[35,16],[20,0],[18,-19],[136,-45],[15,-15],[3,-35],[53,-106],[21,-36],[63,-76],[56,-44],[64,-38],[21,-40],[32,-21],[54,-17],[36,3],[34,-33],[17,-9],[55,-8],[-8,-141],[31,-14],[51,-3],[97,-72],[-25,-29],[-38,-18],[-23,-28],[-51,6],[-3,-6],[11,-57],[-9,-17],[14,-36],[24,-24],[4,-32],[16,5],[9,-73],[32,5],[-4,11],[45,17],[33,22],[35,-2],[75,22],[31,42],[49,-21],[24,-18],[11,-56],[-9,-61],[28,-31],[44,-63],[53,-6],[22,7],[47,-27],[73,15],[18,-2],[25,13],[93,12],[30,39],[11,30]],[[43348,56518],[37,-48],[20,-78],[27,-67],[-26,-26],[-27,-61],[-39,-48],[-15,-34],[-18,-17],[-5,-33],[21,-54],[27,-34],[10,-52],[11,-16],[86,-37],[32,-34],[22,-49],[41,-3],[45,-32],[43,0],[34,-7],[19,-23],[7,-22],[59,-61],[-3,-38],[22,-11],[128,77],[36,-9],[78,-29],[55,-81],[69,33],[43,-29],[1,-46],[51,8],[-1,-83],[88,152],[51,1],[84,-17],[47,-1],[-1,-130],[678,-117]],[[41095,53271],[42,38],[128,254],[145,199],[171,137],[131,117],[79,118]],[[41798,47525],[-236,103],[-177,312]],[[46560,55606],[-16,65],[-20,21],[-15,33],[1,24],[14,59],[32,4],[23,55],[127,89],[19,34],[-13,107],[81,29],[40,9],[19,24],[29,16],[17,-3],[64,13],[37,25],[42,9],[87,8],[52,-25],[56,-16],[65,-8],[19,-16],[43,-22],[24,-7],[18,-18],[88,-24],[36,-14],[31,8],[16,-13],[2,-29],[21,0],[30,-27],[31,-10],[15,3],[38,-13],[56,-33],[54,-51],[28,28],[72,56],[34,35],[63,-22],[76,-16],[55,-15],[-12,79],[40,5],[-11,76],[154,25],[-4,41],[43,5],[50,-9],[-14,118],[0,74],[-3,34]],[[48394,56426],[81,31],[0,-48],[125,36],[21,-63],[-22,-90],[114,-3],[-11,-40],[16,-28],[21,15],[94,-133],[-14,-6],[-19,-26],[10,-12],[-25,-30],[-6,3],[-38,-21],[-5,-48],[23,-34],[22,8],[4,-10],[-21,-62],[-4,-66],[-20,-5],[-20,-27],[5,-18],[-12,-13],[-13,-60],[-40,12],[6,-23],[41,-34],[34,-16],[17,-16],[2,-21],[47,18],[75,3],[44,-15],[613,-154],[558,-351],[1042,-705],[3030,-1805]],[[33988,53810],[13,-31],[24,-38],[-11,-24],[-31,-1],[-32,16],[-98,-4],[-69,-9],[70,-299],[-26,-60],[0,-40],[14,-19],[-8,-55],[-9,-5],[-25,21],[-31,17],[-49,14],[-13,-20],[-14,-40],[17,-37],[-7,-37],[9,-30],[-17,-22],[7,-36],[-4,-35],[-22,4],[-36,-9],[-17,4],[-106,52],[-222,-363]],[[33295,52724],[-42,6],[-81,19],[-6,-13]],[[33166,52736],[-36,-19],[-19,19],[-40,23],[-31,-13],[-21,22],[-12,0],[-6,30],[-23,17],[-3,13],[-32,-1],[-8,12],[19,12],[-1,24],[-55,-16],[-48,30],[-24,2],[-57,33],[-20,39],[-61,156],[-56,149],[-7,-7],[-22,24],[-34,-91],[-24,8],[8,20],[-82,-4],[9,32],[-55,5],[12,44],[-39,24],[-6,16],[-52,12],[-28,-9],[-4,-17],[-27,-17],[-36,22],[-2,12],[-24,0],[-22,17],[-17,-12],[-6,-30],[-31,-22],[-1,14],[-19,17],[-19,-3],[-1,-29],[-39,-27],[-25,7],[-43,19],[-4,-8],[-37,11],[-36,-10],[-7,11],[-24,-6],[0,-13],[-22,-3],[-3,-16],[-14,1],[-6,-15],[-39,-14],[5,23],[-35,-14],[-13,5],[-34,-7],[-9,-15],[-32,12],[-3,69],[-37,-11],[-1,28],[-74,16],[-46,3],[-38,11],[-34,-13],[-28,-17],[-17,5],[-38,-5],[3,-19]],[[31373,53302],[-200,-70],[-30,0],[24,20],[-93,38],[-33,36],[30,19],[-26,32],[9,19],[32,6],[25,-5],[-20,28],[41,34],[5,24],[37,15],[5,-15],[14,34],[10,-8],[39,38],[23,72],[22,6],[-41,18],[-15,18],[45,22],[52,2],[-27,81],[38,8],[-13,68],[9,64],[-6,12],[-27,14],[-11,43],[-24,32],[-36,32],[-46,48],[-64,60]],[[31121,54147],[0,35],[14,50],[2,25],[-6,39],[38,17],[131,0],[3,87]],[[31303,54400],[28,-5],[103,-73],[56,66],[-5,83],[9,69],[3,73],[18,64],[20,44],[1,18],[-17,82],[-16,20],[15,34],[-4,24],[36,8],[6,8],[12,-27],[20,-18],[9,-25],[51,3],[-2,-16],[33,3],[45,-9],[21,64],[26,26],[14,46],[25,16],[14,76],[35,-16],[23,-2],[20,10],[80,-8],[-3,15],[17,28],[28,18],[31,-4],[32,-20],[238,-92],[42,-20],[10,40],[14,8],[15,61],[-74,27],[-5,193],[3,0],[-15,243],[5,14],[-11,22]],[[32309,55571],[110,93],[21,-12],[90,3],[17,-7],[56,14],[18,-30],[44,-9],[45,-65],[56,-38],[33,-9],[80,29],[32,7],[-2,7],[70,-3],[-1,-8],[55,-15],[30,-14],[30,11],[25,-1],[39,-18],[67,-13],[16,23],[6,26],[24,41],[-10,30],[0,23],[-35,14],[-8,13],[4,32],[9,12],[7,45],[25,25],[21,39],[48,33],[12,13],[24,-10],[-14,-28],[-23,-16],[32,-45],[29,1],[16,-8],[10,12],[41,8],[56,18],[22,-5],[15,-14],[67,-23],[43,21],[19,3],[36,-21],[68,-3],[15,-39],[93,-19]],[[34501,49740],[-5,12],[32,61],[-75,54],[-40,14],[24,65],[15,13],[5,40],[0,41],[-59,105],[-2,78],[5,16],[-43,10],[-10,-15],[-46,13],[-17,41],[-60,-9],[-43,4],[-38,26],[10,28],[-18,54],[-3,35],[-25,77],[5,46],[-16,28],[0,32],[-26,14],[-25,29],[-4,16],[110,46],[-7,19],[-1,52],[-43,26],[62,50],[83,79],[12,-3],[4,-21],[13,8],[39,4],[16,-16],[25,4],[24,42],[12,78],[1,58],[5,6],[13,56],[-14,11],[1,18],[-14,36],[-36,25],[9,26],[-13,22],[-19,9],[-6,24],[-12,12],[-3,23],[-47,31],[-1,16],[16,21],[-40,40],[-10,0],[-42,21],[-14,13],[6,41],[39,-7],[32,4],[20,24],[23,3],[4,16],[24,2],[19,28],[11,-5],[35,14],[15,12],[19,-19],[47,-19],[36,15],[16,-10],[6,44],[18,-8],[3,-20],[28,1],[-5,95],[19,5],[48,-2],[41,3],[59,-7],[42,1]],[[34770,51715],[26,1],[20,11],[27,-7],[51,19],[36,-23],[20,-5],[-8,12],[23,-3],[21,10],[1,13],[24,0],[10,-12],[-4,-26],[12,1],[0,-18],[16,-10],[31,8],[9,-12],[19,18],[24,6],[9,-10],[27,-1],[25,-12]],[[33942,49355],[19,58],[-42,32],[-8,34],[-28,3],[35,38],[40,116],[-32,4],[-33,-11],[6,21],[-4,133],[-14,0],[-2,28],[-73,0],[4,52],[-22,34],[-24,62],[-19,18],[-12,49],[-6,-1],[12,91],[-50,33],[-37,-27],[-18,-6],[-46,42],[-41,20],[-39,10],[-39,2],[-35,34],[-96,10],[-81,2],[-32,-34],[-26,-13],[-9,-16],[-34,-7],[-29,-23],[-22,-27],[-46,30],[-41,34],[-28,-13],[-19,-36],[-32,-4],[-68,-34],[-19,33],[9,13],[-22,50],[-26,8],[-14,17],[-29,10],[-6,14],[-62,27],[-33,40],[-15,31],[-4,68],[3,14],[-15,84],[-3,68],[-10,47],[-2,104],[-64,-28],[-59,6],[-63,2],[-29,8]],[[32408,50709],[-1,31],[18,30],[-11,20],[6,30],[12,12],[17,52],[9,6],[7,34],[27,21],[8,43],[-10,12],[2,31],[14,7],[-4,31],[9,15],[-10,34],[11,12],[-10,8],[9,23],[-16,37],[60,11],[43,-28],[15,-3],[23,39],[39,-22],[13,-24],[41,96],[-43,8],[-25,11],[-28,62],[-24,23],[-30,15],[-13,32],[-38,6]],[[32528,51424],[18,40],[-23,18],[2,25],[-7,20],[12,45],[43,74],[-32,34],[-1,67]],[[32540,51747],[-3,243],[39,6],[48,-18],[9,52],[-9,59],[33,35],[20,29],[54,30],[52,40],[13,17],[29,7],[33,35],[27,20],[-1,44],[58,59],[37,57],[32,36],[73,63],[82,175]],[[33295,52724],[85,-74],[92,58],[11,-3],[161,-72],[79,-27],[45,55],[32,44],[-26,21],[11,35],[80,-16],[81,-77],[22,-10],[8,-19],[24,-23],[60,1],[75,17],[47,42],[80,-22],[-5,-12],[29,-14],[30,3],[36,-43],[-19,-70],[46,-24],[24,6],[17,-7],[-1,-38],[66,-7],[-17,-30],[13,-38],[-9,-34],[23,-20],[-12,-18],[10,-12],[9,11],[2,-30],[33,-15],[6,-13],[18,8],[14,-49],[15,2],[-29,-36],[-20,-10],[16,-35],[55,-89],[-4,-9],[34,-17],[17,-21],[21,-6],[23,-49],[11,-14],[13,-35],[-41,-19],[-51,-15],[6,-2],[31,-85],[10,17],[24,8],[1,-13],[24,-10],[36,-34],[3,-21]],[[32540,51747],[-161,-16],[-8,10],[-78,9],[-6,-12],[-57,-21],[-37,37],[-39,-12],[-55,98],[-37,27],[-8,27],[-10,6],[-28,-28],[30,-44],[-24,-11],[-138,53],[-44,8],[-26,-8],[-3,-27],[-33,7],[11,86],[22,84],[-52,41],[-20,-5],[-27,-35],[-41,-15],[-54,27],[-2,16],[-14,-4],[-78,30],[-62,0],[-29,22],[13,29],[-2,33],[-21,1],[-4,41],[-116,40],[-1,-10],[-27,4],[3,69],[38,40],[-8,19],[2,25],[-130,26],[-53,28]],[[31126,52442],[1,51],[-18,27],[4,18],[-9,19],[4,50],[-18,29],[-27,21],[0,19],[14,8],[17,-7],[11,17],[37,0],[37,21],[27,29],[24,12],[80,20],[-21,70],[3,11],[-28,20],[-53,27],[-7,14],[19,19],[37,14],[30,110],[41,32],[10,19],[10,55],[24,36],[-2,99]],[[48394,56426],[-7,87],[1,38],[-195,-43],[-23,137],[23,3],[-29,156],[-71,-20],[-1,8],[-29,-5],[-19,42],[-13,78],[-28,129],[-236,-144],[-14,52],[-12,75],[-17,13],[17,181],[-12,11],[-22,-2],[0,52],[21,171],[12,6],[-18,43],[15,9],[9,106],[7,52],[-46,11],[-42,5],[-9,21],[-40,-1],[-40,-9],[-13,-13],[-31,-6],[-14,79],[-7,59],[-40,161],[-26,116],[3,4],[-19,76],[9,26],[-43,53],[-60,-23],[-53,-12],[-481,-9],[-22,-14],[-91,-161]],[[46688,58024],[-185,118],[0,4],[-47,20],[-1,14],[21,16],[41,41],[42,26],[22,3],[20,18],[38,69],[-100,32],[-51,8],[48,198]],[[46536,58591],[54,20],[-17,126],[63,23],[50,6],[38,25],[53,17],[-6,6],[-6,142],[-38,14],[-25,85],[-26,50],[-17,22],[-15,58],[-3,-1],[9,94],[84,10],[21,83],[5,6],[27,141]],[[46787,59518],[94,-20],[3,14],[101,-34],[31,1],[3,-16],[23,1],[15,66],[11,17],[128,-28],[44,44],[59,51],[-17,16],[62,-15],[16,57],[37,68],[13,47],[11,57],[108,3],[-57,117],[83,-18],[8,49],[-28,6],[12,78],[78,47],[11,46],[-54,5],[30,20],[-24,5],[9,25],[-137,51],[12,42],[-78,31],[-46,-19],[-67,-10],[8,71],[-4,25],[-83,-18],[-32,0],[19,100],[42,-18],[17,137],[63,-41],[10,105],[-38,21],[11,111],[-51,9],[-5,64],[-81,-1],[-82,16],[28,167],[14,70],[12,33],[20,15],[-85,6],[-50,26],[2,7],[-21,150],[8,65],[8,36],[14,29],[-30,266],[5,-1],[-15,170],[-67,55],[23,0],[-31,25],[349,345],[2,54],[-18,215],[-13,340],[-13,637],[634,6384]],[[47851,69997],[1004,1315]],[[48855,71312],[464,237],[195,105],[331,176]],[[49845,71830],[302,-47]],[[50147,71783],[920,-1824],[1488,-2883],[157,-306],[80,-146],[1251,-2263],[466,-558],[1216,-1661],[340,-433],[611,-790],[1573,-2110]],[[37816,54204],[96,-60],[76,-52],[160,-90],[77,2],[62,6],[61,-8],[27,21],[53,55],[47,15],[100,20],[45,22],[0,22],[69,-5],[104,-29],[-5,-73],[55,21],[20,33],[17,9],[20,-7],[18,-20],[-27,-21],[7,-19],[-32,-13],[10,-86],[9,-33],[22,-42],[11,-2],[-6,-20],[-11,-3],[-27,-56],[41,-13],[11,-20],[30,-19],[26,-46],[26,-2],[-7,-28],[-18,-14],[-15,-26],[13,-11],[3,-55],[31,-8],[-5,-20],[34,-31],[8,-15],[-11,-20],[19,1],[9,-44],[11,-26],[23,-18]],[[38030,55949],[7,15],[63,48],[39,16],[3,-9],[34,31],[43,0],[34,34],[-1,9],[22,15],[40,-13],[5,-9],[21,13],[0,18],[17,12],[30,-11],[11,-24],[9,1],[8,-49],[14,2],[11,-56],[65,19],[6,-49],[14,-53],[87,-77],[6,-67],[51,-120],[11,-55],[-7,-43],[5,-40],[24,-89],[10,-99]],[[38712,55319],[-26,-8],[-7,-92],[31,0],[-19,-45],[-16,-3],[-14,-80],[4,-22],[-6,-40],[12,-23],[-10,-15],[-24,-66],[52,-28],[2,4],[62,-7],[72,206],[78,-23],[-38,-160],[-14,-31],[64,-31],[30,84],[48,-18],[-4,-19],[41,-36],[42,52],[21,-8]],[[39093,54910],[-59,-87],[-9,-30],[-1,-56],[15,-43],[3,-32]],[[39042,54662],[-22,-51],[71,-9],[2,18],[23,-3],[-4,-52],[3,-7],[67,-8],[15,-11],[14,-59],[23,-4],[10,-29],[30,-9],[-1,-19],[101,-20],[10,-12],[-4,-15],[62,-9],[8,4],[51,-4],[-6,-20],[20,-14],[-23,-29],[63,-16],[-11,-79],[5,-70],[4,-17],[57,-149],[16,-152],[-17,-76],[-23,-121],[-3,-54]],[[39042,54662],[70,12],[23,15],[60,3],[21,27],[37,8],[13,26],[67,26],[10,11],[20,44],[27,26],[-2,17],[12,51],[8,7],[133,44],[22,-5],[22,16],[27,-18],[19,11],[37,44],[17,-6],[33,9],[4,9],[26,-4],[23,16],[4,40],[19,25],[24,-5],[-6,-52],[30,1],[7,51],[13,1],[79,38],[17,-17],[42,-55],[41,-45],[40,-23],[8,-26],[41,-13],[37,18],[23,-27],[-2,-19],[26,-20],[-6,-17],[15,-34],[41,-15],[17,-13],[18,16],[60,8],[8,-3],[70,4],[67,15],[34,-4],[77,9],[40,-17],[55,-4],[50,13],[58,-8],[70,-36],[79,-16],[38,-2],[-2,17],[156,6],[31,11]],[[38712,55319],[147,28],[86,6],[36,-2],[-7,18],[7,25],[15,9],[28,45],[16,9],[-12,-69],[39,-4],[30,154],[31,70],[84,13],[44,-7],[18,-7],[-8,-30],[-7,-57],[-33,-134],[-15,8],[-16,-20],[-20,-87],[31,-14],[-4,-40],[-40,-36],[-20,-44],[-14,-69],[0,-36],[-11,-36],[10,-23],[-13,-31],[3,-39],[-24,-9]],[[38571,57116],[4,-35],[51,10],[78,0],[3,-8],[29,5],[54,-3],[22,-49],[16,11],[23,-12],[23,0],[43,-9],[12,-9],[-4,-90],[15,-57],[60,13],[4,40],[63,-2],[7,40],[41,-13],[28,77],[15,-13],[49,-20],[30,-2],[20,21],[4,-7],[59,6],[26,-23],[115,22],[8,-28],[31,8],[3,-9],[-23,-105],[32,-9],[35,75],[34,22],[77,1],[56,-3],[19,51],[23,-4],[4,39],[17,-2],[5,40],[35,-33],[6,-23],[65,-41],[21,-70],[30,-28],[50,-29],[33,-25],[66,-37],[47,-87],[33,-36],[5,-15],[43,-33],[63,-64],[28,-32],[-13,-19],[49,32],[28,7],[25,-26],[-29,-9],[-46,-48],[13,-11],[10,-196],[-19,-68],[14,-68],[-1,-15],[191,-52],[-5,-24],[65,-23],[7,26],[26,-8],[-16,-65],[23,-6],[-13,-25],[2,-23],[-10,-26],[-13,-6],[10,-39],[19,-31],[-3,-7],[12,-59],[37,-37],[26,-7],[-12,-27],[-4,-68],[13,-65],[-3,-49],[7,-23],[17,-23],[104,12]],[[37976,57896],[28,-4],[25,15],[23,4],[27,41],[54,45],[22,1],[31,31],[42,21],[13,-15],[3,-22],[17,-33],[23,9],[0,93],[23,3],[12,18],[-15,24],[21,10],[-1,18],[37,4],[25,32],[46,26],[27,-7],[52,40],[11,2],[24,-17],[14,1],[19,24],[-2,31],[32,-6],[43,14],[5,52],[38,15],[29,-79],[21,-16],[13,31],[26,7],[17,-4],[38,12],[20,-14],[19,-88],[76,19],[18,22],[20,1],[4,15],[24,24],[30,-3],[14,-17],[8,17],[-13,8],[13,16],[38,9],[22,39],[-12,32],[50,25],[18,-17]],[[39188,58405],[-29,-25],[89,-101],[11,-114],[-116,-17],[-10,-28],[28,-24],[20,-36],[34,-40],[41,-32],[71,-66],[27,0],[68,-22],[62,-39],[52,-58],[38,-23],[32,-38],[118,111],[137,24],[40,18],[1,14],[41,13],[32,2],[94,34],[98,38],[141,50],[4,-93],[-16,0],[-7,-74],[7,-24],[145,10],[14,33],[40,-26],[-3,-21],[16,-22],[17,-66],[54,2],[49,-28],[39,-3],[26,5],[-3,18],[34,27],[77,93],[20,7],[35,91],[4,6]],[[40860,57981],[70,-35],[18,-13],[21,4],[19,-82],[52,-79],[119,-2],[-4,18],[76,2],[-39,-52],[-12,-8],[25,-121],[60,20],[31,-150],[32,5],[28,20],[123,-12],[35,-6],[62,-23]],[[40860,57981],[-44,18],[-7,46],[-13,120],[43,13],[50,56],[-20,39],[35,14],[46,-44],[9,25],[12,5],[45,-17],[5,-34],[39,-29],[67,72],[35,9],[25,-8],[73,-1],[20,5],[55,-16],[31,6],[10,10],[32,-4],[41,-14],[36,-1],[43,11],[19,21],[46,29],[35,14],[6,62],[22,15],[14,32],[5,139],[19,3],[0,75],[15,43],[61,-17],[-28,-134],[46,-6],[11,8],[18,88],[10,30],[158,-104],[88,-53],[18,-17],[27,-1],[9,40],[3,39],[16,9],[134,28],[-25,21],[21,64],[37,26],[115,-56],[27,-41],[95,63],[82,-209],[72,-37],[13,16],[179,1]],[[42896,58453],[53,1],[141,-10],[64,33],[66,2],[5,-39],[10,0],[20,-38],[68,23],[100,-39],[66,-38],[16,-40],[29,13],[54,-3],[92,1],[8,-107],[24,8],[9,-42],[51,-8],[20,-140],[17,4],[22,-69],[43,2],[10,-31],[68,23],[32,-88],[14,-68]],[[43998,57803],[24,-88],[-12,-15],[-32,-14],[-13,-63],[-95,23],[3,-28],[-205,-8],[23,-216],[-9,-5],[36,-101],[-41,-11],[3,-15],[-67,-6],[-27,-10],[-6,-14],[60,-87],[-46,0],[-24,-10],[19,-39],[-5,-39],[-16,-15],[0,-31],[27,-19],[65,8],[-5,-18],[28,-49],[23,-30],[21,-48],[0,-20],[-17,-12],[-10,-23],[-53,-18],[-11,-12],[-29,-11],[-3,-10],[10,-47],[-14,-38],[-17,-19],[-47,-26],[-24,-4],[-53,-46],[-60,-26],[-51,-5],[0,-20]],[[43998,57803],[161,50],[21,1],[79,16],[-10,48],[29,51],[18,-2],[37,27],[20,-18],[5,-15],[16,5],[-9,21],[16,8],[-15,24],[50,9],[52,-4],[32,12],[63,14],[32,20],[44,35],[73,23],[77,43],[17,-88],[65,5],[-4,17],[67,17],[73,-284],[23,-33],[57,11],[46,33],[3,183],[112,11],[35,117],[35,-13],[29,-17],[-4,-19],[21,-8],[14,5],[24,63],[3,42],[90,-31],[20,102],[-72,33],[-1,18],[16,26],[38,-2],[10,42],[48,-6],[28,35],[6,36],[196,-12],[3,19]],[[45787,58473],[191,-33],[92,-17],[1,17],[95,-100],[25,-45],[38,-19],[15,-30],[70,-42],[19,13],[-11,17],[32,2],[-3,242],[83,1],[9,79],[93,33]],[[46688,58024],[-37,-65],[-26,-25],[-54,-32],[-33,-11],[-32,-1],[-155,15],[-83,-23],[-31,-23],[-231,-216],[39,-42],[-116,-118],[-63,-56],[-122,-119],[58,-27],[5,-29],[24,-59],[3,-20],[-9,-39],[8,-30],[38,-44],[13,-20],[-3,-27],[-33,-25],[-27,-126],[-46,7],[-44,-120],[30,-16],[-4,-7],[141,-81],[18,-13],[47,-46],[49,-64],[26,-40],[12,6],[33,-12],[-10,-17],[25,-14],[-36,-49],[22,-24],[-17,-22],[42,-26],[14,-24]],[[42896,58453],[18,31],[56,130],[-123,71],[74,99],[-21,31],[10,106],[-25,28],[-7,25],[-53,59],[6,6],[147,-17],[4,52],[-10,41],[-42,81],[-34,27],[19,35],[91,30],[45,31],[-16,29],[63,54],[24,29],[-1,19],[-15,10],[4,16],[-18,24],[-28,-3],[-29,21],[27,32],[4,43],[-31,-24],[-22,1],[-7,11],[-2,35],[8,69]],[[43012,59685],[9,-4],[34,16],[36,46],[62,20],[99,12],[11,-6],[2,111],[6,160],[51,-49],[67,-15],[12,30],[-20,5],[-18,147],[124,111],[53,-14],[10,-143],[59,-8],[16,125],[31,-42],[-6,-30],[30,-15],[64,-116],[63,16],[23,-31],[67,7],[22,24],[-3,13],[31,-1],[5,-21],[59,-20]],[[44011,60013],[56,-304],[-87,-62],[-25,-90],[-31,-87],[46,-9],[64,-19],[51,-22],[27,-80],[0,-52],[12,-69],[-12,-25],[155,25],[7,-16],[-12,-63],[11,-23],[21,-11],[24,-26],[33,2],[20,9],[21,-2],[46,11],[39,-62],[10,-26],[38,-74],[6,7],[67,1],[-1,-86],[59,-6],[45,-10],[122,-14],[5,32],[74,-8],[345,28],[38,-182],[107,20],[108,-24],[29,-35],[45,-13],[47,-45],[98,-39],[-4,-48],[76,7],[-4,-50]],[[46787,59518],[14,81],[-62,8],[4,25],[-69,13],[-10,73],[-37,1],[-38,-57],[-102,14],[-63,14],[7,36],[5,62],[-76,15],[-7,6],[-79,2],[-3,-94],[-50,-14],[-48,-22],[-23,-18],[-6,43],[-14,5],[3,-45],[-56,19],[-254,122],[-4,70],[-9,23],[-25,15],[-21,36],[-26,11],[-26,-5],[-34,-14],[-6,17],[30,29],[-18,5],[9,27],[25,44],[-6,18],[34,6],[45,48],[10,41],[-2,31],[-63,-20],[-9,27],[66,21],[-23,50],[49,4],[-1,88],[25,2],[-10,111],[-42,3],[-32,-40],[-142,36],[-2,17],[-144,-104],[-40,-6],[-45,-26],[-42,-4],[-33,-8],[-65,-36],[-79,-23],[-58,7],[-12,11],[18,40],[-65,50],[-1,24],[-31,-1],[-65,25],[-60,-61],[-28,10],[11,148],[-1,67],[-136,87],[-39,-89],[-82,71],[-11,-34],[47,-37],[1,-20],[20,-19],[-10,-26],[-29,9],[2,8],[-39,7],[-7,-30],[100,-25],[-32,-46],[-18,-53],[-43,12],[-12,28],[-145,-75],[-101,20]],[[44341,60409],[-63,13],[-65,127],[-42,75],[-133,99],[-45,53],[-83,91],[-65,64],[-41,80],[-17,67],[-30,96],[-26,105],[-21,48],[-11,41],[8,29],[-3,24],[-10,-2],[-10,52],[8,146],[-55,354],[-25,275],[-111,573],[-106,759],[44,403],[39,493]],[[43478,64474],[140,130],[411,498],[576,724],[438,802],[450,722]],[[45493,67350],[286,335],[318,360],[649,731],[1020,1129],[85,92]],[[44011,60013],[37,20],[7,26],[41,1],[24,58],[-29,24],[-8,15],[14,11],[31,-5],[-5,-15],[34,2],[21,-7],[24,14],[0,-10],[49,23],[-29,49],[16,21],[-8,18],[24,37],[17,-3],[7,25],[21,36],[28,22],[14,34]],[[50147,71783],[6519,3475],[1633,883],[1165,823],[2714,1136]],[[62178,78100],[7389,-16851]],[[24689,52582],[183,-98],[2,-23],[11,1],[4,-22],[19,-3],[-4,-12],[-27,0],[3,-33],[138,-29],[15,79],[95,-34],[-7,59],[-17,21],[-12,53],[13,20],[18,42],[38,-5],[9,58],[101,3],[8,28],[-13,4],[21,74],[30,-17],[5,21],[36,10],[32,-4],[37,7],[34,-8],[50,128],[39,-17],[38,-47],[65,46],[113,0],[98,51],[61,16],[25,20],[-14,29],[-14,66],[37,32],[48,7],[10,27],[5,82],[-8,50],[-25,40],[-1,16],[27,32],[-4,45],[19,21],[-18,88],[13,23],[7,76],[-13,14],[13,10],[20,-5],[56,0],[5,6],[58,-69],[7,14],[34,-25],[29,-15]],[[26241,53535],[56,-21],[17,-13],[42,-67],[3,10],[74,103],[38,28],[28,-21],[-35,-24],[-29,-169],[58,-11],[39,-124],[101,46],[41,-51],[59,-93],[-31,-45],[-39,-20],[-49,-7],[3,-36],[123,-29],[34,-14],[-8,15],[34,16],[8,20],[-5,18],[32,23],[21,31],[17,-7],[13,37],[34,25],[-2,20],[21,0],[2,32],[12,25],[19,5],[2,19],[37,-8],[65,30],[51,-47],[27,-6],[-2,-11],[16,-18],[-1,-11],[73,13],[-5,-18],[38,11],[31,-69],[9,2],[28,-19],[28,-8],[63,3],[15,11],[20,-17],[15,-2],[20,-24],[28,-9],[25,-29],[-5,-7],[20,-29],[-13,-11],[17,-34],[68,-6],[13,-5],[23,-26],[28,16],[0,22],[18,0],[12,-51],[26,-10],[11,-20],[-1,-22],[31,-14],[39,-26],[30,-27],[-67,-54],[5,-18],[2,-89],[-5,-30],[243,-54],[7,20],[6,50],[2,73],[47,69],[176,135],[80,119],[61,130],[11,55],[-88,83],[-4,283],[51,25],[26,27],[-83,67],[-18,3],[-28,27],[-29,0],[-16,23],[-4,17],[-38,18],[-19,19],[-95,77],[21,3],[79,34],[-41,89],[33,3],[120,39],[19,12],[-15,25],[28,10],[1,22],[32,42],[-43,49],[-42,81]],[[28287,54264],[35,19],[66,4],[48,30],[22,-5],[30,6],[66,-49],[20,0],[36,-23],[36,-9],[22,4],[2,-36],[48,-83],[26,14],[25,-42],[52,8],[228,16],[1,14],[253,50]],[[29303,54182],[-6,-23],[9,-18],[50,-46],[37,-44],[27,-19],[2,-25],[-8,-28],[2,-31],[20,-40],[25,-14],[5,-14],[-12,-61],[4,-26],[-10,-36],[14,-23],[12,-61],[-5,-49],[17,-48],[11,-13],[106,2],[-3,59],[116,22],[28,10],[34,30],[31,-56]],[[29809,53630],[-34,-32],[88,-61],[-10,-25],[-31,-9],[59,-41],[-27,-52],[150,-90],[-125,-146],[-61,-56],[-10,-30],[7,-10],[-22,-14],[9,-17],[39,-15],[-52,-10],[3,-31],[-11,1],[11,-58],[71,14],[23,-28],[-65,-13],[38,-164],[29,-3],[-6,16],[26,6],[17,23],[2,-21],[24,-11],[18,17],[34,-8],[13,7],[24,-50],[17,24],[23,-27],[50,-25],[16,0],[-3,-27],[9,-59],[49,-15],[65,-73],[12,-3],[4,-108],[-186,-98],[-59,-81],[-21,-20],[-4,-25],[-19,-16],[37,-14],[60,7],[5,17],[39,-8],[29,-15],[58,-1],[6,-29],[50,-2],[1,14],[46,-38],[30,7],[23,-5],[36,-19],[-3,-8],[71,-60],[6,29],[90,-5],[4,37],[80,5],[9,22],[45,-22],[2,68],[47,1],[11,15]],[[30775,52162],[43,0],[-10,-68],[38,-3],[-9,-62],[-79,4],[-39,-304],[-22,-20],[-19,-36],[-73,-102],[78,-14],[28,-1],[53,-134],[35,-94],[64,30],[35,-93],[24,-44],[-27,-39],[20,-32]],[[30915,51150],[-6,-4],[10,-28],[7,-77],[-32,-41],[-28,-51],[-37,-24],[-22,2],[-25,-38],[-21,20],[-41,19],[-9,-21],[7,-41],[11,-110],[15,-44],[30,-54],[20,-60],[4,-23],[-9,-38],[8,-4]],[[30797,50533],[-73,-53],[-37,-12],[-26,7],[-26,-14],[-30,-26],[-24,-3],[-29,-17],[-11,2],[-41,-29],[-22,-7],[-9,-28],[-28,-21],[-18,-46],[-5,-54],[5,-34],[-10,-32],[-10,9],[-61,-23],[-60,-6],[-12,-9],[-4,-49],[-44,-5],[-62,-24],[-41,-32],[-41,-47],[-16,-26],[-16,-82],[-23,-19],[-209,30],[-11,14],[-41,27],[-159,21],[-26,-5],[-20,9],[-89,81],[-62,35],[-34,-9],[-78,23],[-61,-1],[-47,13],[-79,-95],[-12,-48],[-36,-45],[-38,-19]],[[29021,49884],[-39,3],[-10,-13],[-27,8],[-77,-55],[-60,2],[-57,-16],[-53,3],[-77,-3],[-76,6],[-109,-18],[-65,14],[-31,1],[-39,10],[-37,-1],[-45,-13],[-48,0],[-30,17],[-57,17],[-36,1],[-1,-42],[-32,8],[-24,14],[-60,0],[-70,24],[-50,-24],[-22,30],[-11,35],[13,56],[-32,12],[-11,-15],[-79,50],[31,64],[1,33],[-124,42],[-71,-19],[-83,36],[-49,7],[-20,18],[-12,-18],[-74,-23],[-33,-14],[-21,14],[-93,-7],[-57,-303],[-63,-34],[72,-36],[-62,-46],[-140,-176],[-76,-84],[-32,32],[-90,50],[-138,-73],[-35,14],[-14,-63],[6,-46],[-26,1],[-82,15],[-22,-25],[-59,73],[-7,109],[-53,-6],[-7,-13],[1,-38],[-27,1],[-25,23],[-53,-9],[-39,-1],[-32,-8],[-109,-19],[-11,9],[21,83],[3,43],[-46,-4],[-10,93],[-15,7],[-43,51],[6,61],[-57,-5],[-9,-66],[-31,11],[-14,-41],[-20,24],[-33,19],[-7,26],[9,27],[-72,14],[-26,11],[-39,9],[-43,38],[-24,59],[0,46],[-12,18],[16,41],[14,16],[10,55],[-7,28],[15,31],[-42,1]],[[23816,56420],[52,22],[46,68],[51,-2],[73,-15],[80,-46],[151,43],[68,21],[30,-17],[31,32],[156,37],[133,-19],[19,1],[-17,33],[78,-7],[-7,34],[20,4],[37,90],[20,-14],[26,92],[10,-3],[32,-50],[139,17],[121,-56],[130,120],[177,248],[20,10],[37,7],[32,-7],[13,13],[39,-9],[1,12],[26,15],[28,71],[11,10],[33,55],[12,10],[2,25],[130,-104]],[[25856,57161],[-77,-167],[-70,38],[3,-34],[20,-140],[-8,-63],[2,-64],[-7,-38],[5,-20],[27,-1],[27,93],[16,0],[-1,16],[89,3],[35,-270],[170,-43],[28,-64],[56,-154],[17,-53],[3,-50],[41,-119],[-12,-4],[53,-90],[22,-4],[19,22],[19,7],[37,1],[20,10],[34,-4],[-7,-52],[-9,-7],[1,-39],[25,-35],[57,-40],[-6,-19],[23,-22],[-5,-22],[14,-15],[17,-46],[38,-7],[66,23],[-2,-38],[10,-41],[38,-5],[14,-47],[157,-69],[51,50],[23,18],[-1,-23],[163,-24],[15,-36],[3,-31],[71,17],[-2,14],[-15,-1],[-19,30],[161,-22],[-2,17],[36,-5],[-4,-16],[198,-26]],[[27533,55450],[-3,-35],[-25,-20],[10,-59],[14,-29],[-18,1],[-22,-34],[-26,-83],[-34,-102],[11,-4],[1,-57],[6,-61],[-69,-3],[33,-290],[49,11],[10,-81],[83,-8],[24,22],[8,34],[28,-5],[-13,-25],[60,-13],[-3,-17],[82,8],[-1,18],[62,2],[114,-23],[3,-25],[-29,-7],[3,-86],[27,-71],[-26,-10],[-54,-43],[86,-109],[22,-75]],[[27946,54171],[-26,-5],[-16,9],[-55,-6],[-12,16],[-6,-15],[-15,7],[-25,-28],[-40,-20],[-15,9],[-3,-14],[-22,-7],[-32,2],[-8,8],[-19,-19],[-13,18],[-23,4],[-10,-15],[-18,13],[-6,-8],[-22,30],[-20,-4],[-18,20],[6,17],[-22,-5],[-38,11],[-45,31],[-50,-23],[-30,-1],[8,-33],[-17,-8],[-11,28],[-35,9],[-19,-8],[-17,17],[-31,17],[-35,3],[-32,-5],[-2,-21],[11,-15],[-28,-12],[8,-15],[-6,-25],[-19,20],[-46,-8],[-10,-74],[-60,-25],[-37,-2],[-7,11],[-35,-14],[8,-12],[-60,-30],[-99,25],[-62,-26],[-19,-14],[-50,-18],[-51,-53],[-12,-7],[-18,-38],[-69,-25],[51,-181],[-30,-12],[-89,34],[-10,-28],[-36,-73],[-36,-2],[-20,-7],[-43,-1],[-37,-33]],[[27946,54171],[28,13],[26,0],[23,9],[37,24],[13,-1],[18,27],[26,9],[-7,-14],[20,-7],[93,47],[64,-14]],[[32528,51424],[-14,25],[-58,8],[-18,10],[-24,0],[-10,12],[-13,-8],[-38,3],[3,8],[-23,6],[-95,0],[-16,-24],[-34,-29],[-26,-30],[-22,2],[-33,-16],[-21,5],[-16,-8],[-59,2],[2,-17],[-20,4],[-21,-10],[-7,8],[-26,-21],[-29,-3],[-20,-12],[-9,-23],[-44,-12],[-26,9],[-16,18],[-3,21],[-32,-14],[-33,-4],[-2,-25],[-67,-19],[-36,8],[-48,-18],[-104,-6],[-71,9],[-8,9],[-34,4],[-39,-3],[-36,-9],[-20,2],[5,-11],[-97,-59],[-16,18],[-29,-8],[-57,-24],[-31,-7],[-122,-45]],[[30775,52162],[9,63],[134,45],[49,37],[32,35],[34,16],[33,28],[56,35],[4,21]],[[27533,55450],[1,12],[-62,20],[6,20],[17,14],[29,46],[-13,32],[-25,40],[28,56],[39,-16],[23,17],[37,16],[19,43],[24,5],[32,-2],[65,-22],[20,3],[50,-15],[42,2],[114,49]],[[27979,55770],[42,5],[27,33],[166,12],[122,1],[-3,-27],[137,-65],[-17,-83],[109,72],[5,-18],[-45,-50],[-29,-99],[17,3],[3,15],[18,-8],[-6,-21],[14,-5],[41,6],[32,15],[1,-11],[67,-8],[36,-22],[27,0],[43,39],[18,7],[44,4],[30,10],[26,23],[28,51],[48,19],[57,-17],[25,1],[26,16],[73,9],[68,23],[19,3],[78,-21],[31,9],[13,-6],[14,-24],[56,-46],[56,-12],[44,-39],[32,-20],[15,-55],[-2,-37],[4,-52],[24,-17],[11,-18],[1,-30],[-9,-51],[7,-31],[-4,-18]],[[29619,55235],[-25,-26],[-76,-38],[-49,-10],[-15,2],[-75,-48],[-17,-45],[-2,-53],[45,-38],[11,-15],[4,-29],[-5,-29],[4,-40],[-9,-43],[-31,-16],[14,-32],[-7,-12],[-32,-18],[-2,-26],[13,-20],[-2,-38],[-11,-40],[5,-31],[-20,-38],[-20,-19],[-18,-34],[-42,-47],[24,-109],[-6,-20],[-22,-27],[3,-32],[21,-32],[4,-16],[22,-34]],[[29021,49884],[-4,-17],[-59,-64],[-36,-72],[-22,-88],[-18,-32],[15,-52],[-19,4],[11,-69],[-13,-2],[3,-24],[-9,-14],[-60,-5],[3,-28],[-61,-9],[8,-58],[13,-14],[113,51],[4,-28],[-26,-16],[54,-23],[-2,-63],[-8,-60],[17,-98],[14,-20],[20,-72],[28,-32],[-117,5],[-36,-7],[-9,-13],[-23,4],[-27,-38],[-11,-2],[-57,6],[1,-29],[-49,-188],[-37,-31],[-66,2],[13,-22],[31,-75],[25,-1],[21,21],[15,4],[43,-31],[32,1],[-2,-18]],[[28734,48567],[-84,-50],[-83,-30],[-15,5],[-28,26],[-5,20],[-12,-19],[-22,5],[1,13],[-41,-24],[-21,-25],[-53,16],[-20,24],[-46,2],[-27,-17],[-17,-45],[-24,-18],[17,-6],[-33,-9],[-38,3],[-11,-36],[-40,-44],[-60,4],[-6,-24],[-20,-6],[-17,8],[-36,2],[-3,-19],[20,-11],[-23,-18],[-10,-23],[-23,-24],[-20,-6],[-27,-54],[-51,-32],[-38,-12],[-19,2],[-18,14],[-8,20],[-13,3],[-24,-19],[-26,-28]],[[27710,48135],[-19,13],[-14,-2],[-20,-24],[-12,0],[-8,-32],[-10,-8],[-100,-28],[-28,-39],[-15,-12],[-36,-10],[-28,1],[-2,21],[-20,11],[-36,-3],[-20,-17],[-21,5],[-21,-10],[-24,6],[-8,17],[-17,10],[-35,-5],[-36,-26],[-11,1],[-5,46],[-15,-3],[6,-29],[-107,5],[-14,-17],[-7,12],[-19,-7],[-31,0],[6,-54],[15,-12],[-25,-23],[-47,2],[-7,-25],[-14,10],[-1,15],[-67,-16],[-41,29],[-18,-52],[-21,-2],[-10,-27],[-25,9],[-7,12],[2,34],[-14,-3],[-14,-18],[-30,-7],[-15,23],[-29,27],[-40,17],[-109,5],[-32,10],[-70,-13],[-7,29],[-27,-16],[-37,-4],[-44,20],[-29,37],[1,22],[-12,50],[-63,39],[-35,32],[-42,12],[-40,-58],[4,-25],[-47,23],[-36,-6],[6,-22],[-25,25],[-30,14],[-17,28],[17,12],[-17,14],[7,16],[-39,22],[-17,-12],[-2,12],[-24,10],[-3,17],[17,37],[-8,14],[6,17],[-41,-5],[-5,8],[-1,43],[-13,39],[-14,24],[-27,20],[-19,23],[-13,-1],[-31,35]],[[27710,48135],[11,-90],[43,-12],[20,-36],[197,-116],[-25,-30],[-9,-20],[-48,-31],[-26,-8],[-24,1],[0,-49],[12,-4],[68,16],[39,-6],[43,-19],[26,-72],[10,-131],[6,-67],[82,33],[33,-115],[128,-79],[2,-39],[103,-42],[13,-69],[14,-26],[-12,-55],[16,-98],[-6,-50],[4,-35],[-9,2],[-117,-5],[-27,19],[13,14],[-3,35],[-26,9],[-28,-34],[-2,-14],[12,-22],[57,-71],[-85,14],[-60,-95],[-62,-71],[-35,-77],[-33,20],[-119,127],[-20,-38],[-74,26],[-23,-2],[-5,41],[-11,7],[10,27],[-54,-13],[-72,54],[-51,32],[-35,17],[-18,38],[-29,-13],[-75,-5],[40,-49],[-99,54],[-12,-3],[-22,12],[-4,-20],[23,-13],[-13,-12],[7,-37],[35,-4],[-7,-29],[-72,-25],[-9,-88],[4,-24],[-8,-22],[20,-39],[-3,-19],[-16,7],[-28,-37],[2,-24],[-15,-6],[-28,-96],[-13,-5],[-50,0],[-44,6],[-54,-2],[-11,11],[9,10],[-89,45],[11,161],[-80,-10],[-2,42],[-18,18],[-32,10],[-35,28],[-49,6],[-11,6],[-7,-17],[-32,-132],[-28,-60],[-66,-99],[-83,-70],[-49,15],[-64,57],[-65,12],[-76,-32],[-21,-34],[-27,-33],[-106,-76]],[[26152,46291],[-7,25],[-52,56],[-13,40],[-19,0],[-27,15],[-35,-9],[-46,58],[-29,8],[-29,26],[-14,26],[2,11],[-35,36],[-25,-6],[-24,9],[-29,34],[-80,33],[-35,81],[4,17],[-18,48],[12,31],[-26,52],[-26,28],[-12,2],[11,24],[-12,34],[-16,12],[-14,35],[-4,49],[-30,55],[12,17],[-23,20]],[[35044,45976],[-13,18],[-140,49],[-12,-28],[-35,31],[1,13],[-28,10],[-10,-35],[-60,-48],[11,-14],[-34,16],[6,11],[-47,-2],[-37,34],[-44,2],[-30,13],[-20,39],[-9,46],[-21,28],[-23,17],[-24,53],[-23,0],[-72,33],[-30,26],[-33,4],[-13,13],[-3,-18],[-46,-65],[-2,-28],[-15,-27],[-79,-112],[-17,-19],[-14,-27],[3,-31],[-18,-31],[-34,10],[-10,-51],[9,-32],[-5,-9],[17,-40],[-7,-47],[12,-74],[-26,-31],[-9,-21],[-185,-34],[-59,2],[-65,13],[-16,-28],[-29,20],[-10,-16],[-16,10],[-13,-5],[-3,17],[-42,10],[-56,6],[-7,8],[-113,22],[-8,-35],[-20,-4],[-48,22],[-22,1],[-15,-15],[-6,-25],[-19,5],[-13,23],[-12,0],[-4,-28],[-22,8],[-12,18],[-6,32],[-30,-39],[-17,-5],[-21,-28],[-108,-60],[-36,0],[-131,36],[-17,-17],[-38,-24],[10,-61],[-38,-61],[5,-48],[-14,-27],[1,-29],[-8,-18]],[[32797,45298],[-10,-22],[-4,-54],[7,-27],[-9,-14],[-26,4],[-12,46],[-23,-4],[-18,-11],[-5,-38],[-34,2],[-46,-7],[-33,-66],[-47,-68],[-4,2],[-39,-55],[-87,77],[27,34],[20,17],[3,18],[-11,19],[12,9],[-10,28],[10,15],[-2,76],[4,24],[-2,72],[-8,21],[3,22],[15,6],[3,23],[25,47],[21,26],[0,30],[8,29],[12,10],[-1,16],[-55,-42],[-47,-17],[-69,-51],[-43,-41],[-43,-58],[-18,26],[-26,12],[-40,4],[-7,46],[-22,10],[-13,15],[2,25],[-44,24],[-1,7],[-69,30],[-2,17],[-39,31],[-44,14],[-22,31],[-24,8],[-3,45],[-65,-15],[-11,8],[-31,-4],[-24,3],[-70,29]],[[31706,45762],[-12,40],[-1,25],[34,88],[-64,49],[-6,31],[-26,4],[-28,33],[1,24],[-43,24],[-20,79],[-6,36],[13,32],[-4,46],[-39,10],[-38,-9],[-44,12],[-51,4],[6,40],[20,-8],[10,51],[-83,25],[-19,29],[-12,54],[20,62],[39,98],[48,48],[53,47],[-3,8],[59,-13],[44,16],[16,56],[-10,52],[-18,24],[9,35],[15,12],[-1,42],[-6,18],[10,9],[-6,36],[-58,36],[-38,2],[-44,-19],[-38,-31],[-27,-45],[-27,-4],[-47,8],[-44,-30],[-77,9],[-48,15],[-16,-15],[-38,31],[-6,16],[-27,15],[-49,-18],[-8,-9],[-49,-16],[-25,-33],[-19,-8],[-7,-19],[-37,0],[-34,6],[-7,-13],[-41,-16],[-13,-35],[3,-25],[-15,-8],[-47,5],[-24,15],[-21,-5],[-43,-25],[-36,-5],[-13,-10],[-28,12],[-1,-20],[-35,-13],[-46,0],[-26,7],[-36,23],[-68,3],[-44,6],[-26,9],[-3,-47],[-94,-28],[-77,-8],[2,32],[14,56],[-130,-4],[-46,11],[-3,-19]],[[29896,46820],[-23,11],[-31,4],[4,11],[3,58],[-29,7],[3,19],[-75,7],[-10,10],[-48,-5],[-26,17],[-10,-3],[8,24],[-8,30],[-21,26],[-50,-40],[-16,20],[49,40],[-135,169],[79,67],[-22,15],[-6,18],[15,19],[-18,17],[31,31],[0,10],[-22,17],[-42,13],[3,20],[-20,-11],[-7,15],[19,17],[-11,33],[-3,50],[23,29],[-2,11],[-38,-23],[1,-22],[-139,12],[68,141],[-92,59],[-22,32],[-22,9],[5,42],[-5,30],[-14,31],[-25,28],[42,26],[105,-55],[31,173],[107,131],[6,22]],[[29506,48232],[23,-14],[42,-6],[21,13],[49,-7],[35,10],[17,-21],[20,11],[13,-25],[69,19],[12,-4],[-11,-17],[-57,-62],[-31,-39],[111,-56],[45,64],[48,-24],[2,-11],[26,-4],[17,18],[52,10],[7,-32],[19,-7],[-2,-26],[18,-53],[-16,-34],[-2,-30],[-50,12],[-20,-15],[-2,-15],[18,-13],[-5,-13],[6,-34],[2,-125],[5,-4],[99,-37],[20,-2],[149,45],[10,0],[56,-27],[134,-8],[125,-29],[85,21],[37,20],[50,14],[145,8],[28,-2],[105,4],[26,8],[-21,191],[50,10],[-58,197],[-79,-37],[-19,81],[3,0],[-2,131],[35,-1],[27,69],[25,23],[-13,10],[43,111],[18,-2],[6,30],[14,33],[22,-11],[-3,17],[-26,73],[20,-7],[35,-1],[35,9],[-8,-30],[41,12],[15,-10],[-1,23],[187,-21],[2,7],[94,-30],[32,-6],[40,-16],[120,-39],[18,-8],[6,16],[-19,6],[5,29],[78,-12],[67,-4],[-14,13],[-9,28],[-18,29],[-18,14],[-10,22],[-6,50],[39,-9],[2,68],[-48,24],[16,47],[54,-12],[10,8],[106,4],[89,-39],[33,-19],[58,18],[55,4],[79,-1],[36,-9],[2,-14],[-32,-95],[115,-111],[15,53],[52,-14],[10,38],[6,112],[19,0],[26,93],[68,-3],[41,57],[-44,12],[-36,274],[12,-5],[-81,297],[-27,-5],[-50,95],[69,31],[89,19],[-5,42],[-17,49],[-27,38],[-16,2],[-14,39],[65,34],[-2,17],[31,46],[26,12],[-26,32],[-211,-18],[-62,8],[-34,14],[-13,43],[-31,52],[-46,40],[-27,44],[-24,1],[-8,34],[-12,12],[-57,8],[-24,70],[-31,27],[-60,7],[-34,80]],[[31894,50363],[-42,99],[1,34],[18,-11],[36,45],[51,55],[29,54],[28,-12],[24,4],[41,-19],[-1,-19],[17,-3],[0,-38],[49,-65],[65,15],[-8,31],[28,63],[50,74],[75,21],[53,18]],[[31894,50363],[-76,-42],[14,-45],[-13,-4],[-4,15],[-29,-1],[-2,55],[-55,-22],[-48,20],[-63,2],[2,33],[-21,2],[-116,23],[-125,27],[-43,7],[-6,-54],[-104,16],[9,54],[-163,26],[-5,-5],[-52,14],[-88,32],[-79,7],[-30,10]],[[29506,48232],[-19,9],[-20,-2],[-15,-18],[-71,36],[-31,-20],[-27,37],[-31,4],[-20,25],[-40,3],[-21,8],[-3,20],[-35,-37],[-31,-5],[-17,20],[-37,9],[-8,46],[-331,175],[-15,25]],[[32877,40776],[-12,14],[-32,-1],[-36,-12],[-28,-1],[-10,22],[-32,-3],[7,18],[-43,9],[2,12],[-63,-6],[-240,-119],[-17,23],[19,16],[-14,30],[-18,4],[-15,34],[-24,1],[10,49]],[[32331,40866],[12,67],[24,23],[44,6],[4,7],[-7,55],[-9,1],[18,168],[-40,11],[12,136],[-79,2],[-71,9],[-97,23],[-131,53],[-202,102],[-3,-17],[10,-64],[-6,-29],[-53,11],[-16,-112],[-41,14],[-7,25],[-37,18],[-73,10],[-8,-35],[0,-28],[-29,9],[-11,-39],[75,-24],[-25,-86],[-17,-28],[-37,-38],[-44,-55],[-24,-18],[-42,-4],[-13,34],[-44,50],[-14,48]],[[31350,41171],[-15,39],[7,9],[-42,71],[-19,12],[-15,32],[-59,34],[-8,29],[-47,51],[-26,13],[-19,-4],[-57,53],[-19,-6],[-43,44],[-23,7],[-20,-11],[-10,-16],[-19,-6],[-45,35],[-20,5],[-33,33],[-19,34],[-2,52],[-24,21],[-9,23],[-41,-40],[-5,-31],[-15,-26],[-3,-22],[-23,-97],[-22,-24],[4,-9],[-12,-29],[-9,-5],[-28,-50],[-83,21],[-26,-4],[-13,61],[-33,-15],[-58,-58],[-1,7],[-27,-25],[-33,-4],[-10,95],[-26,-5],[-4,8],[48,15],[6,10],[29,-3],[14,19],[-13,28],[-23,18],[-46,115],[-9,41],[-11,17],[-1,46],[-16,14],[-6,27],[-30,2],[6,24],[-12,37],[-17,19],[-4,28],[-21,14],[-124,-20],[18,-103],[-117,-23],[-6,34],[-88,-20],[1,-29],[-35,-3],[0,-12],[-25,-9],[-83,7],[-12,12]],[[29719,41778],[-14,26],[20,48],[67,16],[3,15],[-12,12],[15,12],[-14,32],[15,42],[-11,12],[15,18],[-24,16],[-19,-2],[1,17],[13,-3],[42,29],[7,19],[-11,23],[19,-8],[-9,59],[-15,7],[20,24],[-29,1],[-24,26],[-13,54],[36,19],[-9,8],[26,5],[-35,22],[12,20],[-18,-3],[12,30],[-15,-14],[-1,21],[24,11],[1,35],[12,16],[-11,31],[-15,-17],[0,31],[-9,10],[-19,-9],[9,26],[-11,3],[-22,-15],[-14,43],[50,21],[21,1],[1,31],[-9,29],[-14,13],[14,40],[17,24],[37,22],[-30,43],[18,17],[1,28],[-8,1],[5,51],[23,-3],[-44,214],[48,8],[15,17],[33,2],[12,66],[-58,2],[7,62],[-54,-5],[10,53],[-4,10],[25,51],[24,39],[-5,35],[0,85],[-4,91],[33,124],[-17,0]],[[29861,43718],[-3,44],[14,50],[91,7],[12,51],[-14,44],[17,82],[35,71],[18,61],[40,29],[42,44],[28,41],[30,11],[15,20],[19,8],[34,-10],[23,7],[26,22],[17,6],[16,20],[28,18],[28,9],[3,31],[41,33],[33,-21],[11,-22],[63,6],[16,-22],[24,-2],[41,13],[33,0],[30,12],[9,16],[29,-8],[22,18],[-1,12],[33,22],[18,-1],[21,13],[-12,15]],[[30791,44468],[13,25],[27,9],[17,-5],[31,23],[28,76],[147,-50],[62,108],[38,-22],[9,6],[13,49],[16,27],[19,17],[50,-20],[-33,-86],[42,-15],[34,88],[-24,7],[11,26],[80,-6],[20,7],[18,68],[21,21],[99,12],[13,-11],[-11,-8],[21,-12],[13,1],[20,27],[34,-14]],[[31619,44816],[-5,-109],[155,-14],[0,-14],[57,1],[-4,-41],[2,-27],[-26,-39],[26,-9],[-24,-30],[18,-5],[-18,-55],[2,-40],[9,-20],[-11,-25],[13,-18],[44,-20],[23,-22],[-5,-11],[35,-5],[14,4],[-23,140],[-10,86],[-2,101],[5,15],[52,35],[31,9],[75,-9],[40,2],[109,-23],[-14,-40],[19,-2],[-56,-68],[21,-14],[-25,-39],[28,-17],[-25,-56],[-22,10],[-27,-70],[31,-4],[-6,-28],[-31,5],[1,-72],[-42,0],[26,-7],[34,-18],[49,15],[15,-15],[12,-37],[38,-15],[26,-27],[18,-3],[33,-36],[12,4],[-3,87],[65,8],[10,-5],[-3,-67],[14,-5],[12,33],[-1,23],[32,4],[6,16],[25,12],[-35,-135],[30,-3],[37,-17],[21,0],[10,-34],[62,-42],[31,-1],[80,69],[-15,28],[70,43],[-16,34],[34,20],[20,18],[15,25],[9,31],[25,38],[9,24],[25,0],[46,9],[31,20],[10,22],[31,17],[22,-26],[39,-6],[88,16],[3,7],[45,-11],[63,-21],[67,-30],[35,11],[49,66],[30,2],[12,-9],[24,24],[22,-5],[23,25],[7,37],[-9,3],[-10,32]],[[33513,44526],[126,2],[52,10],[-3,-62],[4,-45],[-9,-45],[20,1],[31,-9],[4,30],[72,-6],[27,-28],[39,25],[24,66],[55,-1],[17,9],[12,23],[29,13],[24,-6],[38,22],[4,14],[51,31],[15,-4],[44,49],[-5,39],[9,30],[29,3],[18,-72],[74,-6],[-11,-41],[200,-7],[14,-20],[-11,-10],[19,-13],[2,-26],[20,0],[97,-65],[59,-4],[21,-24],[1,-31],[23,0],[1,-20],[19,-1],[-5,-63],[140,32],[22,-12],[90,17],[6,-15],[86,6],[26,19],[3,-11],[52,0]],[[29699,38961],[111,34],[42,-1],[-4,-108],[42,7],[26,57],[14,68],[-7,1],[5,63],[-1,61],[3,57],[30,6],[6,-30],[36,8],[-11,-112],[45,-4],[20,-13],[31,-7],[1,-60],[43,-16],[29,48],[51,11],[33,14],[18,27],[69,2],[22,10],[14,-6],[44,14],[32,-23],[31,5],[-2,40],[25,29],[15,55],[-12,21],[12,6],[15,32],[-31,48],[22,11],[59,-24],[13,34],[16,-2],[22,-43],[22,-33],[38,10],[36,1],[3,22],[10,-3],[12,56],[2,32],[43,37],[28,-6],[22,10]],[[28618,40485],[-2,-6],[79,-24],[122,8],[126,-17],[64,-16],[127,-54],[34,77],[107,-61],[20,95],[40,-12],[42,-7],[8,36],[23,-21],[0,-12],[40,-10],[16,18],[18,34],[27,92],[34,-32],[-2,-11],[55,-14],[15,48],[-3,20],[47,-8],[-15,-62],[28,-11],[-15,-35],[13,1],[0,-42],[15,-19],[28,-8],[30,12],[14,-3],[18,-22],[41,-27],[0,-14],[17,-10],[1,-126],[71,1],[0,-27],[26,-5],[-6,-19],[36,3],[3,100],[6,-27],[10,-7],[28,25],[34,20],[44,-56],[24,-43],[27,6],[-16,86],[-15,37],[40,17],[15,-21],[36,8],[26,-14],[115,26],[5,-38],[18,4],[15,-33],[-44,-7],[-8,-29],[46,6],[99,105],[-10,23],[17,0],[16,29],[23,10],[31,1],[19,14],[30,-5],[4,-21],[12,17],[53,-21],[-6,-13],[83,-43],[30,47],[-64,47],[52,7],[11,11],[22,-11],[17,70],[54,-10],[42,-5],[32,-16],[18,6],[28,-7],[51,-30]],[[31030,40460],[1,-68],[-8,-56],[37,7],[14,11],[12,-34],[18,-21],[-14,-109],[34,-15],[162,9],[-30,-101],[-4,-27],[5,-35],[10,5],[81,6],[-3,-14],[10,-49],[14,-39],[18,-16],[16,-52],[11,-14],[1,-57],[-29,-58],[32,-21],[14,25],[10,-12],[16,4]],[[31458,39729],[2,-10],[32,5],[-6,-12],[40,-2],[11,22],[17,-19],[40,2],[32,16],[15,-7],[8,-26],[9,3],[15,-17],[5,-27],[48,4],[42,-22],[9,-12],[-33,-20],[11,-36],[-8,-17],[15,-21],[-5,-62],[-36,-82],[1,-13],[-26,-40],[-2,-16],[-31,-34],[-15,-6],[-7,-41],[-41,14],[11,54],[10,105],[-120,24],[-4,-6],[-27,-199],[-20,0],[-22,17],[-20,28],[-6,-69],[-16,-5],[-19,8],[8,59],[-21,5],[-8,-57],[-23,-2],[-23,20],[-39,10],[-41,-43],[-35,-14]],[[29075,41597],[-3,-8],[32,-31],[23,16],[87,-36],[-20,-61],[103,-31],[46,-4],[10,12],[34,9],[23,-4],[12,-12],[31,3],[7,24],[24,23],[25,44],[-7,22],[18,3],[-3,13],[-20,6],[-4,17],[15,15],[21,0],[21,12],[14,22],[16,10],[18,-10],[26,21],[-8,15],[9,17],[29,5],[27,32],[38,37]],[[31350,41171],[-48,-32],[-34,-15],[4,-35],[-5,-40],[21,-29],[12,-35],[11,-4],[15,-36],[20,-25],[-2,-14],[-43,-17],[24,-54],[-27,-3],[-22,-32],[-19,-12],[16,-50],[6,-40],[8,-9],[-8,-20],[-31,-19],[-20,-31],[-16,-58],[6,-47],[-24,-6],[2,-39],[-17,-5],[-2,-23],[-34,-16],[-23,-1],[-31,30],[-31,15],[-28,-9]],[[33513,44526],[12,44],[-23,26],[20,46],[-41,23],[-26,8],[-4,27],[4,29],[-40,8],[-37,-2],[4,29],[-40,25],[-12,-32],[-47,9],[13,39],[-62,14],[-32,23],[0,35],[-64,-54],[2,-18],[-14,-44],[-63,10],[-14,-12],[-44,-2],[-1,14],[33,41],[-6,56],[9,31],[-10,6],[-2,28],[31,13],[-22,18],[10,14],[-5,34],[1,46],[-31,48],[-21,9],[-14,38],[6,8],[-20,25],[-2,27],[9,24],[-45,27],[-44,1],[-84,33]],[[27681,44077],[1,15],[-37,15],[0,113],[-9,42],[0,26],[-36,-14],[-20,17],[13,8],[-40,-1],[-63,22],[-36,41],[-32,16],[2,8],[-30,16],[-25,-46],[-18,25],[-6,25],[3,32],[-12,1],[-10,47],[-1,52],[-26,-12],[-38,-7],[-28,-32],[-25,-8],[-24,4],[-19,56],[-54,-17],[-16,-29],[-17,6],[-11,-26],[-39,7],[-15,15],[5,19],[-31,19],[-24,42],[-21,11],[-9,51],[14,26],[-7,89],[11,40],[-27,50],[-34,105],[-1,154],[-26,22],[12,15],[3,39],[-16,5],[-5,36],[21,8],[5,12],[-16,40],[-2,19],[-58,79],[-9,24],[18,8],[7,60],[-21,49],[0,30],[7,9],[-27,49]],[[26782,45604],[-12,18],[-3,29],[11,43],[-19,24],[-27,21],[-18,26],[-30,23],[-5,13],[-36,14],[-9,-6],[-18,12],[-11,37],[1,26],[-15,43],[-29,25],[-28,5],[-47,33],[-48,7],[-28,19],[-28,34],[18,14],[25,50],[0,49],[-13,16],[-27,10],[-30,27],[-34,16],[-39,25],[-26,-26],[-2,19],[-27,2],[2,13],[-17,-1],[-14,17],[-33,-2],[-14,12]],[[29896,46820],[21,-55],[-8,-42],[-16,-25],[0,-17],[22,-56],[-23,-20],[17,-5],[-4,-19],[-26,14],[-14,-18],[13,-17],[-3,-31],[-16,4],[-63,-70],[-45,16],[-25,-1],[-9,-33],[26,-24],[-7,-55],[32,-6],[-7,-29],[28,-35],[-27,-17],[22,-12],[14,19],[19,-1],[33,-19],[17,-43],[-21,-31],[26,-25],[-15,-46],[13,-25],[4,-26],[15,-29],[24,-9],[24,-27],[11,11],[7,-14],[-16,-9],[13,-18],[-14,-12],[18,-23],[31,-3],[-10,-18],[13,-27],[13,33],[12,8],[14,-17],[-34,-53],[-39,-30],[-33,3],[-26,-86],[-13,-8],[-54,1],[-38,-12],[-33,-3],[5,-26],[13,-13],[11,-36],[51,-54],[17,-9],[7,-25],[-3,-46],[5,-17],[27,-10],[3,-15],[-41,-52],[14,-19],[-7,-11],[-41,-9],[-13,-8],[-31,-84],[57,-39],[41,25],[29,38],[17,9],[86,34],[20,1],[27,40],[10,-16],[19,8],[25,-15],[-15,-23],[23,3],[-18,-39],[7,-1],[-43,-45],[-8,3],[-24,-29],[19,-25],[18,-6],[-16,-37],[-33,-102],[11,-14],[-9,-46],[-26,-41],[14,-32],[28,-47],[27,-14],[-3,-15],[37,16],[93,12],[-6,-20],[-27,-9],[-24,-79],[28,17],[31,-31],[24,-5],[26,5],[31,-25],[14,-21],[-31,-54],[35,-45],[50,-35],[18,-87],[46,-32],[27,8],[29,56],[12,10],[33,7],[10,70],[21,-6],[11,36],[20,7],[21,-5],[40,-47],[19,-8],[-35,-57],[54,-31],[74,-26],[51,-22]],[[29861,43718],[-46,10],[-61,28],[-68,38],[-41,13],[-65,33],[-22,6],[-61,26],[-38,35],[-21,26],[-27,9],[-24,29],[-50,27],[-56,14],[-70,12],[-37,13],[-64,-14],[-41,15]],[[29069,44038],[-21,17],[-52,14],[16,53],[-45,18],[-28,31],[-16,25],[-1,40],[-13,10],[-2,42],[-12,21],[4,12],[-24,13],[-14,-8],[-29,-44],[-27,-15],[-44,-52],[-14,-2],[-25,-33],[-9,-28],[-32,-28],[-38,-8],[-25,-49],[-6,-29],[35,2],[-24,-16],[10,-28],[3,-66],[-15,4],[-30,-11],[-45,-6],[-13,-16]],[[31619,44816],[38,-13],[41,-2],[37,17],[17,16],[39,9],[13,24],[12,3],[9,21],[22,2],[28,37],[22,44],[-153,61],[47,90],[5,20],[-30,26],[-9,139],[-35,-21],[5,28],[-6,33],[3,46],[-3,21],[37,100],[-15,21],[1,31],[10,30],[-6,30],[-42,2],[2,98],[-2,33]],[[29057,42577],[24,-4],[15,7],[6,45],[14,1],[-44,152],[-31,98],[8,19],[0,33],[-8,37],[5,46],[23,-8],[24,9],[22,52],[-2,25],[-11,16],[-22,80],[-35,71],[-24,81],[-16,-22],[-28,69],[-2,31],[10,122],[-5,104],[8,66],[17,74],[29,62],[3,41],[22,59],[2,72],[8,23]],[[25791,43890],[-33,2],[-3,57],[11,24],[28,39],[22,39],[41,63],[2,15],[28,43],[42,84],[25,66],[19,23],[-86,13],[19,71],[11,-2],[29,204],[12,0],[-1,41],[21,-5],[10,38],[-10,14],[-61,50],[-22,33],[-37,21],[32,45],[16,-8],[9,13],[14,-6],[21,33],[-41,20],[41,55],[23,-12],[35,36],[14,32],[16,58],[15,31],[65,77],[41,-15],[38,0],[3,17],[30,9],[47,31],[-8,39],[3,33],[8,23],[17,15],[-4,42],[-16,28],[-12,41],[15,15],[46,16],[39,30],[14,32],[103,-44],[200,17],[-11,68],[108,7],[3,3]],[[32331,40866],[-82,-4],[-15,27],[-19,56],[-15,-25],[7,-25],[-28,2],[-25,24],[-22,-30],[-11,-48],[-32,-7],[-8,-23],[-12,-9],[-32,-4],[-12,-18],[-25,-18],[-11,-29],[200,-153],[30,-7],[14,-41],[-33,-13],[38,-6],[15,-51],[-194,-39],[9,-42],[-38,-10],[30,-27],[189,55],[25,-66],[-60,-28],[-41,-5],[-24,-20],[0,-40],[9,-6],[1,-31],[-185,-87],[-9,1],[-22,-62],[-64,-57],[9,-30],[9,-64],[-67,-6],[-46,-23],[1,-28],[-88,39],[-24,-42],[13,-8],[-8,-18],[-27,11],[10,22],[-27,16],[-37,35],[-23,-45],[-63,-106],[-30,24],[-23,-48]],[[21942,62001],[179,-65],[54,-33],[258,-170],[205,-136],[-5,-53],[9,-67],[-10,-74],[3,-28],[11,-25],[34,-30],[15,-36],[-2,-23],[31,-11],[52,-42],[-21,-24],[8,-12],[-31,-17],[0,-20],[-46,-40],[-13,-15],[29,-76],[22,-11],[-10,-50],[23,-44],[13,-12],[-19,-24],[-1,-20],[19,-60],[-12,-39],[-17,-22],[-2,-19],[56,-36],[-11,-24],[258,72],[5,-13],[44,35],[-19,5],[-9,13],[-13,46],[-13,82],[-2,45],[12,72],[76,27],[24,-23],[56,-31],[32,-26],[88,-88],[54,-59],[221,45],[7,-78],[-5,-90],[-11,-66],[16,-12],[115,52],[180,-55],[-2,-20],[111,-40],[-17,-78],[166,-8],[1,-45],[15,-11],[-18,-23],[33,-18],[12,20],[28,11],[14,21],[13,0],[18,47],[39,67],[24,-1],[54,68],[106,75],[110,37],[72,32],[27,81],[21,82],[-15,181],[3,291],[52,33],[58,26],[10,9],[70,1],[11,28],[26,42],[50,28],[49,17],[16,15],[-30,-65],[71,18],[23,-102],[14,13],[133,-47]],[[25247,61381],[45,-146],[201,-84],[217,-86],[13,26],[27,33],[28,-71],[48,-29],[34,-36],[10,-27],[60,-62],[-9,-16],[-22,-6],[-41,-46],[21,-251],[9,-5],[29,12],[15,14],[61,-32],[51,-17],[22,17],[35,-13],[38,-50],[-6,-19],[34,-28],[3,-12],[57,10],[39,-12],[27,-33],[19,-41],[-8,-1],[13,-32],[36,-129],[62,-173],[50,-6],[34,-10],[122,37],[43,7],[106,22],[60,31],[183,89],[39,-288],[136,-432],[27,-44],[-2,-65],[-5,-57],[4,-13],[2,-102],[31,8],[23,21],[26,-15],[54,20],[52,-33],[33,-6],[57,4],[28,-8],[14,-61],[52,-6],[5,-23],[28,-52],[43,-38],[33,-37],[26,12],[3,-11],[22,0],[28,-30],[8,-17]],[[27780,58933],[-9,-3],[9,-23],[-7,-12],[6,-51],[-41,-4],[-8,-12],[-78,4],[-84,-23],[22,-44],[-41,-2],[74,-258],[-7,-89],[61,-2],[1,-225],[-30,-12],[-7,-18],[-39,-22],[-28,0],[-36,-10],[-43,10],[-2,21],[-31,6],[-72,-23],[-32,3],[-33,-8],[-19,6],[-88,-20],[-49,2],[-30,-17],[-1,-11],[-29,-2],[0,-13],[-28,-9],[-10,5],[-19,-26],[-18,5],[-30,-11],[-28,-138],[42,-187],[49,-139]],[[27067,57581],[-212,16],[-27,3],[3,12],[-28,4],[-2,-13],[-131,18],[-49,-10],[-13,-15],[-52,-33],[-73,-1],[-44,7],[-53,-8],[-32,-14],[-29,-20],[-26,-28],[-19,-11],[-105,-14],[-72,-29],[-5,9],[-60,-1],[-6,-19],[-34,-66],[-97,-243],[-45,36]],[[25247,61381],[-11,36],[-53,127],[-13,65],[18,103],[8,9],[-6,48],[9,27],[0,41],[-40,32],[15,30],[-3,43],[-16,32],[-41,38],[-65,-39],[-13,59],[-18,21],[-58,23],[-59,58],[-56,27]],[[24845,62161],[5,23],[19,-4],[60,2],[40,20],[23,-15],[27,11],[22,-7],[17,8],[17,-14],[41,-3],[20,13],[27,32],[1,45],[21,7],[53,8],[17,32],[49,7],[19,10],[18,21],[8,23],[25,8],[-1,19],[15,34],[14,13],[24,4],[21,23],[30,19],[3,29],[57,38],[22,25],[77,38],[8,15],[10,-12],[47,1],[37,14],[11,13],[25,7],[22,-9],[4,28],[33,41],[71,9],[7,19],[18,18],[9,24],[21,-5],[26,8],[32,23],[-1,21],[25,12],[7,38],[63,17],[29,18],[21,-11],[34,2],[7,42],[48,48],[30,-9],[17,7],[18,-6],[-5,22],[32,12],[17,15],[-7,19]],[[26352,63071],[12,18],[12,42],[37,29],[76,36],[35,41],[81,-14],[-4,-30],[54,-63],[39,-35],[39,-4],[24,-21],[23,32],[63,21],[9,11],[21,-6],[23,17],[16,-15],[37,-12],[7,-27],[-23,-35],[13,-36],[-45,-67],[20,-32],[-4,-41],[16,-35],[21,-15],[51,-15],[32,-27],[23,-12],[23,4],[12,11],[88,2],[13,-14]],[[27196,62779],[13,-20],[32,-30],[8,-22],[26,-41],[3,-39],[47,-24],[10,-18],[21,-8],[25,12],[19,20],[28,4],[24,28],[11,-1],[40,-27],[11,-69],[-5,-26],[51,-18],[1,-22],[41,-48],[14,-1],[53,20],[2,28],[11,34],[15,20],[23,5],[9,24],[25,12],[32,6],[3,65],[4,-5],[26,-101],[-1,-11],[49,-13],[21,-16],[38,-7],[38,53],[-23,19],[-4,12],[29,15],[43,-1],[6,12],[25,-2],[16,11],[4,15],[26,-3],[19,-24],[25,-2],[28,-16],[45,4],[2,37],[12,15],[64,-7],[52,24],[41,6],[6,-26],[18,-7],[22,53],[63,-31],[27,2],[33,27],[1,34],[31,48],[-11,17],[-1,25],[10,8],[5,29],[28,24],[33,3],[21,-8],[14,8],[10,20],[0,44],[27,16],[57,-10],[18,20],[22,8],[-14,45],[13,16],[9,59],[38,19],[47,1],[7,27],[19,15],[17,0],[30,23],[18,1],[11,19],[50,37],[0,50],[-7,23],[11,21],[-3,24],[11,17],[-16,23],[47,35],[26,10],[22,-16],[54,-11],[34,10],[1,28],[14,23],[14,-2],[17,13],[4,31],[25,22],[31,-22],[25,17],[11,25],[15,11],[19,-20],[29,2],[25,24],[37,21],[3,14],[33,0],[18,28],[11,36],[38,22],[30,-14],[39,8],[13,-5],[9,-21],[34,-41],[48,2],[18,-14],[30,12],[36,-10],[20,11],[8,27],[-23,10],[18,29],[28,-16],[1,-20],[25,3],[25,14],[21,-6],[30,8],[15,-19],[43,-28],[44,-3],[26,-19],[11,-31],[25,-17],[0,-12],[49,-53],[-6,-21],[5,-17],[47,-15],[20,1],[14,-19],[23,7],[2,-26],[37,-30],[25,-10],[11,-34],[-4,-50],[23,-9],[34,-98],[17,-32],[16,-18],[100,-58],[122,-122],[22,-47],[54,-135],[13,-47]],[[30800,62698],[-13,-31],[57,-6],[25,15],[45,10],[36,-9],[37,10],[42,-5],[31,8],[5,24],[24,6],[22,-9],[28,7],[12,19],[61,7],[17,13],[28,5],[39,15],[1,46],[28,-14],[34,18],[28,-10],[9,-14],[21,8],[5,21],[51,22],[41,-3],[11,-32],[-44,-29],[-26,-10],[-5,-13],[-101,-276],[-65,-30],[-12,-62],[13,-62],[6,-51],[23,-57],[57,-82],[-7,-29],[17,-33],[51,-70],[13,-94],[-21,-125],[-34,-82],[-42,-49],[4,-75]],[[31352,61590],[22,-108],[2,-119],[4,-85],[14,-155],[2,-101],[6,-142],[-39,-70],[-34,-110],[-1,-23],[10,-17],[-9,-100],[-9,-72],[16,2],[32,-111],[0,-25],[-12,-23],[10,-33],[8,-70],[-6,-57],[4,-35],[-9,-93],[-8,-17],[9,-40],[-3,-84],[-56,-51],[-38,-76],[-13,-15],[-1,-31],[-15,-18],[-3,-35],[-11,-36],[-25,-44]],[[31199,59596],[-9,10]],[[31190,59606],[-19,18],[-47,23],[-66,15],[-46,-17],[-36,-8],[-20,25],[-29,-5],[-41,10],[-45,48],[-66,-8],[-11,8],[-4,25],[-51,11],[-12,-9],[-21,-45],[-17,-11],[-34,4],[-44,35],[-31,44],[-8,40],[-8,12],[0,38],[-61,7],[5,20],[-21,31],[-2,33],[19,12],[-22,22],[-23,-10],[-28,2],[-24,-8],[-49,-32],[-103,45],[-32,24],[-26,30],[-13,-2],[-36,13],[3,42],[-39,5],[-12,-18],[-54,19],[-23,-5],[-43,-40],[-13,-37],[4,-16],[20,-19],[-8,-46],[-44,-54],[-4,-37],[-10,-32],[-15,-21],[-65,-58],[-45,-30],[-36,9],[-57,-2],[-46,-48],[-16,-24],[-22,-7],[-33,-23],[-21,-27],[-22,6],[-28,24],[-20,-1],[-27,-21],[-16,1],[-64,15],[-17,9],[-48,-26],[-16,-4],[-35,5],[-94,6],[-60,-1],[-13,-4],[3,-113],[7,-56],[-15,-46],[-116,-102],[2,-9],[33,-22],[10,-26],[30,-12],[16,-33],[-11,-12],[-139,-10],[6,-120],[-102,22],[-58,34],[-16,18],[-36,23],[-39,-3],[-11,8],[-55,-5],[-48,-23],[-22,-23],[-30,-5],[-42,-14],[-26,84],[-21,-22],[-39,63],[-29,33],[-17,-12],[-19,24],[-35,-12],[-86,-45],[10,-67],[38,-67],[37,-38],[-19,4],[-41,-7],[-13,-14],[-27,11],[-32,-14],[-33,3],[-24,-22],[-27,-4],[-25,-24],[-30,16],[-35,-8],[-14,-39],[-14,4],[-27,-15],[-44,10],[-12,8],[-35,1],[-22,12],[-5,13]],[[22990,63262],[12,-44],[0,-120],[-4,-107],[19,-65],[6,-69],[33,-48],[98,-102],[71,-141],[91,-70],[38,-41],[71,-92],[55,-36],[142,-14],[45,26],[159,55],[107,48],[56,28],[236,163],[139,-233],[11,-55],[43,-46],[88,-169],[113,50],[61,-36],[34,-6],[43,4],[14,12],[68,1],[6,6]],[[23203,65400],[187,11],[222,88],[134,222],[139,25],[45,-10],[144,-29],[19,98],[20,38],[-26,18],[-7,-6],[-15,33],[17,104],[107,10],[36,-1],[17,15],[34,5],[14,26],[34,3],[36,-9],[38,-37],[26,-33],[8,-25],[34,-38],[-1,-18],[44,-90],[16,-13],[32,-4],[-4,24],[19,14],[33,14],[96,-5],[68,15],[246,19]],[[25015,65864],[-67,-156],[10,-11],[62,-178],[49,-48],[142,-36],[103,-45],[175,-78],[-43,-80],[-64,22],[-23,-60],[-19,5],[-8,-29],[-34,2],[9,-8],[3,-127],[61,-76],[10,-7]],[[25381,64954],[-72,-102],[-79,51],[-39,-56],[-37,-118],[110,-56],[58,-32],[65,-40],[175,-119],[35,-11],[-20,-78],[-58,-105],[14,1],[-24,-54],[-22,-24],[0,-28],[32,-12],[42,-41],[3,-26],[-11,-33],[3,-34],[-37,-36],[4,-13],[-12,-19],[8,-24],[33,-2],[37,-10],[46,-3],[66,-13],[69,-26],[44,-2],[53,-17],[32,-15],[73,-22],[-14,-36],[20,-5],[-21,-51],[72,-25],[1,-8],[72,31],[19,-10],[-2,-46],[5,-14],[38,-10],[-8,-13],[88,-19],[-11,-32],[2,-33],[21,-10],[28,-33],[-21,-13],[6,-59],[4,-196],[30,-82],[46,-100],[5,0]],[[27067,57581],[17,-54],[79,-8],[-1,30],[12,0],[-6,37],[29,32],[122,-70],[23,-47],[24,19],[151,-105],[9,-39],[10,26],[130,-88],[17,-21],[44,-99],[-114,-122],[25,-50],[-22,-17],[50,-225],[2,-68],[-44,-3],[-6,-12],[-29,1],[3,-25],[-27,-25],[13,-75],[25,-61],[40,-62],[25,-16],[67,23],[51,6],[2,-24],[-11,-195],[72,-8],[95,-16],[-17,-32],[-6,-38],[-3,-55],[9,-17],[-6,-17],[6,-27],[-7,-23],[15,-45],[13,-24],[0,-36],[29,-50],[5,-29],[36,-22],[4,-22],[-43,-13]],[[31190,59606],[-61,-132],[8,-1],[-15,-35],[11,-12],[-6,-21],[13,2],[18,-33],[-1,-37],[-14,-52],[-61,3],[-2,8],[19,50],[-10,8],[-44,-94],[-40,-33],[16,-38],[-6,-23],[-24,-7],[-12,25],[-47,-22],[-20,7],[2,29],[10,10],[-11,22],[-37,-9],[-5,-19],[-85,-52],[8,-44],[-4,-33],[15,-12],[5,-32],[-28,-22],[29,-46],[-15,-29],[7,-4],[-14,-36],[20,-15],[-47,-43],[-43,-7],[-9,-46],[-13,-19],[26,-19],[-2,-28],[-21,3],[-6,-46],[-52,-5],[17,-21],[-28,-84],[15,-2],[-19,-42],[-65,-54],[66,-27],[16,-59],[-88,-170],[33,-13],[44,-33],[22,-33],[-59,-50],[-44,-22],[-79,-23],[9,-19],[-46,-12],[-7,-16],[41,-38],[-20,-6],[-73,-48],[-27,16],[-63,1],[-56,13],[21,-25],[10,-3],[20,-26],[20,-8],[25,-27],[24,3],[3,-20],[38,-35],[38,-100],[-23,-11],[-56,-40],[-24,6],[-15,21],[-18,5],[-14,-7],[-42,-36],[22,-11],[18,-40],[28,-52],[20,10],[50,-85],[-3,-13],[-53,-16],[28,-78],[-23,-12],[2,-34],[23,-1],[30,8],[-13,-52],[22,-51],[-48,3],[6,-52],[41,5],[69,-9],[-19,-91],[63,-16],[-3,-25],[19,-8],[31,102],[58,-23],[26,-112],[3,-65],[-41,-8],[65,-14],[3,-75],[17,8],[11,-22],[-27,-3],[4,-45],[-43,-9],[14,-38],[-38,-104],[16,3],[78,-20],[9,-22],[27,-2],[13,-44],[17,-24],[0,-39],[7,-8],[-10,-17]],[[30757,56421],[-7,7],[-94,1],[-22,-17],[3,-16],[-22,-3],[-13,-26],[-23,-11],[-1,-19],[-26,-16],[-2,-33],[-29,-7],[-32,4],[-1,-17],[-13,-20],[-6,-25],[-12,3],[-8,-57],[-27,-116],[36,10],[53,8],[28,-4],[2,-27],[13,-1],[-29,-104],[-16,-8],[1,-41],[-17,-15],[-2,-19],[29,-25],[23,-10],[3,-22],[-11,-46],[-11,-9],[8,-26],[-22,-22],[-15,10],[-9,-18],[-19,15],[-18,-4],[0,-13],[-37,-12],[-12,5],[-27,-30],[-32,-6],[-35,6],[-41,-21],[-24,0],[4,-9],[-43,8],[-25,-12],[-41,-4],[-36,-8],[-10,15],[-17,-5],[3,-13],[-22,13],[-20,-10],[-29,-48],[-33,-15],[-75,-18],[-10,9],[-10,-15],[-23,-10],[-6,-20],[19,-74],[0,-18]],[[29867,55390],[-72,11],[-51,35],[-7,-32],[-17,-104],[-5,-21],[-90,-8],[4,-24],[-10,-12]],[[31199,59596],[35,-50],[21,-53],[21,-36],[13,-11],[39,-13],[55,-10],[20,12],[65,3],[70,26],[28,31],[108,9],[73,17],[35,-11],[12,-22],[22,-21],[55,3],[21,11],[28,31],[8,27],[19,24],[65,32],[26,-14],[38,-5],[55,26],[63,-11],[56,-41],[48,-21],[-10,-106],[13,-73],[32,-31],[10,-61],[-3,-42],[11,-31],[40,-66],[-9,-16],[-11,-68],[-21,-26],[-8,-59],[-18,-19],[-22,-7],[-32,-42],[2,-32],[-19,-48],[5,-41],[-6,-69],[10,-39],[6,-43]],[[32268,58610],[-56,-22],[-42,-41],[-6,-28],[5,-23],[19,-21],[-1,-47],[9,-27],[-5,-16],[6,-69],[17,-45],[30,-28],[-8,-58],[-26,3],[-23,-146],[-12,-35],[32,-39],[29,-80],[17,-23],[44,-36],[56,-28],[19,-5],[-3,-22],[-23,-87],[6,-81],[-38,-17],[17,-65],[20,-6],[28,-84],[-3,-31],[39,-3],[-8,-30],[14,-26],[-37,-18],[-35,19],[-29,-72],[50,-30],[4,-53],[55,-3],[-13,-44],[19,-68],[12,-4],[11,-33],[-4,-24],[6,-33],[-10,-15],[-2,-39],[4,-34],[-33,-50],[-26,-25],[0,-21],[-17,-31],[4,-43],[-23,-30],[8,-27]],[[32365,56666],[-63,-63],[-23,10],[-4,23],[-73,6],[0,-47],[38,-60],[-118,-29],[-9,2],[-28,85],[-150,-10],[-5,-49],[-34,-208],[-28,3],[-50,-12],[-66,-35],[-19,1],[8,-16],[-35,-49],[-20,-15],[-34,-6],[-36,11],[-33,-16],[-47,6],[-39,-5],[-49,7],[-119,36],[-89,3],[-59,13],[-11,-38],[-19,-38],[-5,-27],[-21,-52],[3,-29],[-11,-72],[-106,11],[-3,31],[-35,5],[21,116],[-26,37],[-11,27],[-45,-8],[-37,2],[6,14],[17,66],[-141,124]],[[32309,55571],[-27,-15],[-57,-47],[-58,-42],[-23,0],[-20,-12],[-26,0],[22,79],[53,130],[-15,55],[-4,34],[-27,59],[-107,116],[-32,26],[-4,20],[-54,3],[-49,9],[9,37],[35,35],[36,45],[97,82],[48,30],[57,25],[17,12],[-18,48],[77,15],[-38,119],[16,1],[107,81],[34,29],[35,43],[36,31],[-20,13],[-14,27],[-30,7]],[[32268,58610],[1,-11],[86,-12],[2,12],[41,-6],[-1,-12],[68,-10],[121,-39],[52,4],[9,15],[44,14],[4,11],[60,13],[25,-15],[58,8],[21,-30],[26,-9],[13,71],[-28,-4],[8,43],[-35,10],[-20,19],[29,9],[-4,19],[60,17],[-10,14],[-34,20],[-4,19],[18,85],[-10,14],[27,7],[43,73],[31,-30],[45,-18],[13,-33],[14,-12],[21,1],[30,-45],[6,-29],[32,-18],[6,-39],[-3,-16],[51,-20],[21,40],[8,-5],[84,121],[38,-25],[62,127],[-39,18],[7,17],[11,-17],[102,89],[32,43],[44,69],[50,38],[45,22],[16,18],[-14,21],[-74,51],[-25,22],[3,75],[10,110],[10,63],[56,4],[43,10],[96,-9],[28,1],[51,-13],[18,-9],[12,-19],[43,-9],[10,-20],[45,-14],[22,-18],[24,3],[31,-11],[26,7],[19,-5],[39,16],[0,-36],[8,-27],[50,50],[45,-10],[90,-14],[47,7]],[[34378,59481],[2,-65],[11,-10],[30,-5],[17,-27],[8,-41],[-15,-25],[-53,-24],[-30,-40],[-30,-71],[-45,-69],[-2,-21],[27,-41],[27,-22],[33,-3],[6,-17],[-10,-30],[-41,-55],[-20,-54],[-33,-56],[-47,-51],[-32,-24],[-39,-18],[-78,-50],[-61,-19],[-57,-27],[14,-79],[-4,-1],[11,-62],[30,-23],[25,-36],[26,35],[63,-4],[-5,-51],[74,-5],[10,-41],[-46,-60],[-51,-89],[100,-117],[14,25],[66,36],[33,10],[-32,-44],[42,-48],[25,10],[17,-29],[36,12],[31,-39],[-24,-47],[123,-123],[9,-69],[32,-138]],[[31303,54400],[-29,3],[-2,48],[-75,-38],[-20,75],[15,1],[-14,55],[-15,33],[63,8],[-9,14],[-43,110],[-6,53],[22,78],[-7,23],[9,43],[0,55],[5,16],[-4,31],[12,15],[-121,-77],[-49,14],[-14,-34],[-95,34],[6,17],[-51,22],[-10,-29],[-30,-6],[-34,11],[20,41],[-35,51],[-12,11],[14,14],[-19,21],[-28,2],[-38,-11],[-10,9],[-74,-22],[-76,3],[-10,-12],[-33,-17],[-45,4],[-38,-20],[-29,-8],[-26,16],[-22,29],[-33,14],[1,9],[-33,23],[-13,43],[-33,9],[-9,28],[-21,15],[-14,-6],[-24,12],[-34,-7],[-11,7],[-3,21],[-30,3],[-13,18],[-10,-10],[-14,29],[-52,4],[-45,16],[-23,-19],[-27,3],[-8,9],[-10,-23],[-20,6],[0,100]],[[31121,54147],[-44,17],[-64,-4],[-7,-4],[2,-34],[-6,-11],[-25,-8],[-4,-53],[-25,-41],[32,-21],[14,-58],[79,-12],[26,-89],[-25,-10],[-37,-25],[-13,24],[-22,15],[-42,76],[-11,9],[-9,-95],[-55,0],[-29,-7],[-40,0],[0,14],[-84,28],[2,16],[-39,5],[19,45],[-15,9],[27,62],[-38,17],[-66,13],[-12,-44],[-33,-45],[-19,-50],[-2,-36],[9,-25],[-6,-63],[-18,-14],[-14,-74],[-27,-3],[-4,-33],[-20,-4],[-57,-62],[-45,-96],[-12,21],[-75,36],[-25,18],[-38,13],[-39,-5],[-31,9],[-20,-5],[-19,6],[-5,18],[-18,14],[-21,0],[-22,-17],[-18,9],[-37,-13],[-23,14],[-19,1],[-10,14],[-37,12],[-20,-2],[-9,31],[-17,5],[-12,21],[-38,-46]],[[35469,59796],[-1,-1]],[[35468,59795],[-66,-18],[-19,-11],[-44,7],[-18,9]],[[35321,59782],[-16,64],[-25,30],[-54,38],[-68,16],[16,40],[-24,15],[-19,-8],[-87,25],[-24,57],[44,-13],[-2,7],[37,0],[-21,45],[16,12],[46,13],[19,11],[65,16],[-3,31],[60,15],[11,-30],[22,6],[21,-8],[4,21]],[[35339,60185],[66,17],[12,-7],[12,19],[13,-6],[18,11],[63,18],[21,-24],[30,-48],[12,6],[-2,-24],[18,-17],[-8,-21],[17,-16],[-37,-43],[-41,-25],[-14,-49],[37,22],[27,-6],[26,22],[47,16],[8,-13],[25,-2],[-40,-21],[6,-12],[-15,-21],[4,-30],[-88,-47],[-31,-13],[-28,-20],[-10,-23],[5,-19],[-27,-5],[4,-8]],[[31352,61590],[49,7],[127,-24],[179,16],[-11,75],[13,28],[19,-12],[92,22],[110,58],[8,1],[47,-26],[42,1],[46,-4],[42,-18],[59,-9],[29,8],[61,51],[43,20],[56,11],[-6,-10],[20,-12],[33,-44],[40,-75],[22,-70],[148,19],[59,3],[30,-3],[0,13],[16,9],[8,30],[-30,6],[-25,27],[-20,55],[-1,18],[-20,41],[4,14],[25,27],[-3,12],[-47,36],[4,20],[-3,37],[9,11],[136,31],[2,-5],[48,8],[111,5],[156,-3],[40,-24],[119,-6],[83,88],[177,-138],[66,-53],[77,-72],[134,28],[43,22],[24,0],[98,-64],[24,-27],[45,-26],[62,-47],[72,91],[-15,51],[-16,79],[30,-4],[25,13],[2,12],[39,4],[21,16],[0,38],[17,5],[5,22],[33,3],[-1,11],[37,6],[-4,11],[26,4]],[[34342,62038],[12,8],[12,-16],[14,7],[36,1],[54,-15],[72,-312],[-6,-3],[28,-75],[21,1],[-2,-15],[10,-57],[4,-91],[10,-92],[-7,-33],[177,27],[7,-82],[46,35],[28,5],[15,15],[18,-5],[68,12],[30,2],[22,-22],[42,-8],[36,1],[15,-6],[36,12],[20,39],[26,19],[56,9],[41,29],[-16,51],[-21,-2],[-71,-23],[-28,40],[59,58],[126,-94],[40,17],[70,10],[86,-30]],[[35528,61455],[-3,-20],[-25,-68],[-35,-33],[-17,-52],[-33,-10],[-19,38],[-3,16],[-159,-58],[-79,-14],[35,-75],[13,-52],[17,-189],[7,-49],[2,-48],[73,9],[2,-89],[-24,-7],[11,-67],[-43,-5],[-9,-13],[19,-161],[3,-50],[-32,9],[12,-17],[27,5],[10,-30],[-9,-8],[11,-42],[7,1],[16,-52],[13,-72],[16,4],[5,-20],[-19,-5],[8,-22],[8,2],[5,-26]],[[35321,59782],[-35,10],[-74,7],[-24,12],[-26,-1],[-39,10],[-10,-3],[-57,5],[-62,-5],[-37,1],[-46,13],[-45,-16],[-67,11],[-64,-9],[-43,-46],[-40,-12],[-41,-23],[-18,-26],[-16,-47],[-35,-40],[-29,-56],[-24,-35],[-34,-14],[-66,-17],[-11,-20]],[[35528,61455],[84,80],[76,86],[44,17],[31,-10],[22,-66],[30,5],[51,-15],[50,-7],[46,-45],[18,-11],[11,20],[-2,-24],[73,-46],[53,1],[-19,-115],[58,7],[-1,-46],[93,11],[22,-13],[7,-31],[18,-35],[24,4],[45,-26],[38,-6],[-16,24],[-6,26],[77,35],[8,-30],[35,11],[13,14],[27,47],[20,48],[24,4],[4,42],[23,10],[4,58],[-17,-6],[-17,45],[8,3],[-12,33],[43,15],[3,46],[56,15],[-5,57],[76,17],[16,-134],[17,-22],[13,10],[62,100],[-17,111],[126,175],[-26,21],[-19,100],[55,24],[-17,18],[41,13],[-58,63],[-41,-36],[-11,17],[-3,47],[34,-5],[35,30],[-14,23],[62,33],[-46,54]],[[36957,62346],[33,1],[36,-10],[50,-39],[25,-6],[6,8],[-13,44],[5,2],[12,45],[16,37],[52,83],[3,14],[21,5],[13,34],[28,-5],[54,145],[-2,11],[3,94],[-19,-12],[-16,89],[46,24],[49,-36],[32,-17],[34,-4],[70,4],[65,-6],[71,-14],[59,-2],[29,7],[27,-33],[42,-26],[20,-26],[6,-21],[45,-37],[21,9],[-12,19],[23,-7],[-6,20],[28,-2],[5,11],[38,11],[15,19],[19,-1],[4,13],[47,33],[22,10],[85,15],[52,13],[19,26],[28,27],[50,-5],[102,-84],[23,-14],[14,-21],[-9,-6],[80,-359]],[[38507,62426],[-12,-167],[-42,-158],[18,-181],[48,-146],[10,-58],[-26,-154],[5,-15],[52,-43],[23,-369],[-46,-22],[11,-75],[-13,-58],[-22,-120],[-82,-208],[-67,-52],[-24,-47],[-7,-99]],[[38333,60454],[-57,-131],[-33,-40],[-81,-28],[-79,-20],[-64,5],[-37,10],[-42,6],[-73,-5],[-62,-12],[-39,-14],[-56,-38],[-59,-26],[-58,-22],[-147,-92],[-136,-39],[-123,-72],[-25,-22],[-69,-26],[-56,-44],[-72,-31],[-52,-4],[-74,17],[-126,70],[-115,57],[-61,28],[-114,38],[-92,18],[-85,10],[-64,-8],[-36,-18],[-54,-12],[-63,-8],[-42,0],[-66,-12],[-61,-22],[-27,-20],[-58,-35],[-150,-82],[-70,-23],[-86,-11]],[[35468,59795],[31,-54],[9,-27],[62,-112],[9,-28],[1,-40],[12,-54],[56,-211],[41,-143],[37,-150],[-6,-2],[43,-164],[105,-51],[39,-31],[33,-31],[5,3],[42,-43],[20,-26],[28,-50],[20,-56],[29,-36],[53,-75],[49,-53],[53,-47],[38,-51],[43,-42],[25,-42],[26,-56],[24,-66],[14,-53],[18,-38],[6,-27],[22,-48],[-14,-10],[10,-12],[17,3],[9,-23],[41,-39],[62,-77],[24,-25],[22,-37],[33,-47],[19,-43],[7,-36]],[[38507,62426],[209,260],[86,289]],[[38802,62975],[151,85],[101,131],[39,182],[28,45],[110,69],[224,227],[72,103],[32,111],[22,83],[24,49],[24,67],[74,83],[45,8],[56,-21],[67,-2],[54,4],[39,-25],[160,-13],[317,58],[1566,-280],[282,84],[145,48],[355,58]],[[42789,64129],[-185,-341],[-233,-423],[-93,-182],[-213,-371],[-253,-398],[175,-695],[-20,-25],[-4,-44],[6,-63],[-70,15],[-147,23],[-32,-23],[-18,-29],[-93,-131],[-3,-22],[15,-49],[8,-2],[-14,-26],[5,-8],[-33,5],[-22,-4],[-34,-24],[20,-44],[10,-68],[-8,-40],[-49,-74],[-12,-40],[-37,-32],[-37,-3],[-49,-42],[-1,-29],[-29,-37],[-9,-48],[20,-57],[1,-27],[-43,-12],[-104,-22],[-10,3],[-78,-16],[-53,-27],[-92,-59],[-63,-27],[-125,-61],[-101,-32],[-26,2],[-88,-3],[-82,-24],[-68,-4],[-71,-56],[-36,3],[-39,-39],[-124,-94],[-20,-6],[-42,-25],[-49,-21],[-78,-23],[-39,1],[-53,-47],[-53,9],[-31,-3],[-30,-9],[-14,-17],[-32,-16],[-31,-6],[-39,12],[-40,19],[-49,2],[-70,24],[-139,3],[-99,18],[-58,-24]],[[39182,60194],[-28,-12],[-31,22],[-198,2],[-64,-10],[-189,76],[-120,87],[-101,39],[-118,56]],[[39182,60194],[31,-50],[5,-154],[-18,-3],[-3,-27],[7,-9],[-27,-99],[-33,-86],[-17,-51],[-2,-68],[1,-63],[-12,-84],[-19,-2],[7,-67],[13,-72],[40,16],[-19,-133],[-10,-205],[91,-47],[18,-4],[43,-41],[8,-13],[85,-66],[58,-30],[29,-6],[33,1],[50,-8],[41,10],[33,2],[66,13],[31,-22],[13,-19],[46,-14],[10,-25]],[[39781,58768],[-38,8],[-13,-28],[-20,-2],[-3,16],[-60,16],[-24,-20],[5,-33],[-30,-27],[-21,-31],[-53,-42],[-46,-29],[-35,2],[-8,-17],[-44,-15],[-21,4],[-30,-22],[-21,-6],[-12,19],[-42,-7],[-28,3],[-13,-11],[6,-24],[-20,-17],[-2,-20],[-29,-37],[10,-9],[22,18],[14,0],[-2,-30],[-35,-22]],[[43012,59685],[-19,3],[-36,-11],[-29,12],[-38,26],[5,26],[-15,7],[-36,-5],[-25,13],[-39,-7],[-67,14],[5,76],[10,8],[-332,71],[-33,131],[-86,-41],[-18,-13],[-14,20],[-41,34],[-38,-2],[-8,9],[0,33],[-10,15],[6,30],[-37,46],[-6,-11],[-14,22],[-25,-8],[-6,17],[-35,-12],[-21,-20],[0,-10],[-47,15],[-4,38],[8,10],[-28,11],[11,16],[-15,7],[-11,22],[-27,10],[-49,-118],[-43,8],[-34,-8],[-54,6],[-35,18],[-27,-55],[-39,-14],[-40,1],[9,-62],[-25,-4],[3,-76],[21,-34],[-33,-45],[-18,15],[-57,-80],[-80,8],[10,-36],[-93,-52],[-94,-11],[-25,12],[-21,18],[-44,17],[-83,16],[-37,2],[-63,-23],[-33,-24],[-13,3],[-36,-23],[-15,2],[-56,-16],[-15,3],[-39,-13],[-29,-16],[-24,-41],[-39,-36],[-23,-37],[-43,1],[-38,-7],[-40,54],[-26,19],[-85,-16],[-32,4],[-43,-6],[-48,27],[-19,-23],[-33,42],[-27,23],[-64,35],[-45,-69],[-33,-57],[-54,-54],[-46,-35],[-77,32],[-37,2],[-27,-69],[96,-4],[67,-25],[259,-115],[34,-31],[-11,-89],[23,-25],[9,-30],[-27,-20],[-60,-16],[-24,3],[-40,-11],[-15,-20],[-76,-24],[-34,1],[-6,19],[7,26],[-8,22],[-21,-1],[-70,6],[22,-51],[20,-34],[1,-51],[-54,0],[-10,-5],[-63,-8],[-18,3],[9,-89],[6,-124],[-23,2],[3,-39],[-22,3]],[[42789,64129],[250,119],[439,226]],[[38802,62975],[-66,19],[-34,5],[0,-10],[-71,47],[-63,58],[42,50],[36,69],[-96,86],[32,5],[-61,227],[-10,-1],[-31,133],[54,68],[20,14],[10,19],[-61,24],[-10,-37],[-72,21],[-17,0],[-23,43],[-16,15],[-89,24],[0,-18],[-22,7],[-19,-11],[3,19],[-34,-15],[13,21],[-21,17],[-196,3],[-12,78],[10,101],[0,54],[21,76],[16,38],[-95,0],[-8,-14],[-34,-8],[-35,-16],[-82,-19],[0,-8],[-49,-8],[-44,1],[-60,15],[-32,17],[-9,-25],[-67,30],[20,125],[3,2],[-166,-12],[-32,-4],[0,47],[25,173],[-26,16],[-38,14],[-37,22],[-91,-35],[-31,-17],[-114,-45],[-28,44],[-18,35],[-30,23],[-6,43],[-16,88],[-2,53],[-6,16],[-5,94],[-9,58],[-13,25],[-54,84],[-39,-61],[-21,-22],[-7,-46],[-17,-46],[-2,-25],[-12,-21],[-31,-26],[-7,-16],[8,-40],[-54,-52],[-26,-6],[-17,-24],[-30,-4]],[[36591,64649],[-49,91],[104,58],[-22,52],[-27,-2],[-111,-38],[-31,105],[-15,-12],[-16,-38],[-74,192],[-116,131],[150,72],[-5,72],[-50,25],[-66,40],[26,58],[-61,19],[13,41],[-29,10],[38,34],[-6,17],[-78,54],[-22,8],[94,-7],[2,36],[56,3],[0,7],[72,16],[1,44],[40,-6],[27,-11],[54,12],[16,0],[30,32],[-16,5],[-16,24],[-21,8],[-17,26],[-39,85],[-14,9],[37,7],[-28,32],[-39,65],[-5,21],[22,31],[21,12],[29,1],[18,9],[29,30],[11,2],[3,29],[21,43],[18,74],[-14,44],[-21,37]],[[36515,66358],[11,3],[104,-15],[0,26],[125,-22],[34,1],[129,114],[28,10],[7,-33],[-50,-12],[0,-21],[15,-23],[89,-70],[-5,-80],[4,-18],[77,45],[19,-51],[26,19],[6,-26],[24,12],[29,-116],[90,106],[19,-120],[73,132],[71,0],[4,39],[54,-54],[11,19],[80,24],[87,-5],[17,-14],[20,-53],[28,2],[-5,68],[25,12],[-12,23],[219,140],[2,7],[139,92],[97,130],[93,187],[130,72],[37,8],[213,101],[228,4],[12,-5],[315,-85],[119,-81],[83,-4],[77,42],[37,93],[113,27],[226,-51],[305,26],[388,-77],[432,-362],[2757,539],[1722,267]],[[34342,62038],[-19,54],[31,80],[-17,41],[15,25],[20,64],[-17,76],[-8,-2],[-60,209],[-24,125],[-5,94],[-43,-4],[-40,-14],[-67,60],[-39,49],[-23,43],[-19,46],[65,27],[16,15],[3,26],[-21,93],[-37,111],[-57,158]],[[33996,63414],[47,91],[106,215],[16,149],[21,5],[35,-20],[16,8],[28,-9],[48,-26],[44,18],[16,-7],[37,-45],[56,-54],[-1,-17],[14,-18],[14,1],[8,25],[16,3],[215,38],[22,7],[98,5],[51,19],[55,33]],[[34958,63835],[11,-43],[38,7],[2,19],[28,-44],[-13,-89],[-5,-139],[26,-55],[3,-16],[71,16],[29,-108],[24,1],[-19,-20],[27,-56],[-5,-39],[20,-36],[-7,-121],[37,-118],[25,-49],[27,-8],[83,-33],[48,-15],[27,-4],[57,12],[48,-29],[35,-33],[116,-66],[28,-84],[19,-43],[207,-13],[3,-74],[-3,-7],[-64,-11],[46,-49],[15,-35],[14,-17],[36,4],[27,-14],[99,-93],[46,-57],[27,-111],[200,10],[255,87],[50,6],[60,17],[27,24],[59,19],[43,-2],[42,19],[30,1]],[[34958,63835],[20,29],[-9,22],[57,13],[25,10],[3,-7],[47,13],[23,12],[38,4],[39,25],[8,13],[33,16],[29,3],[7,-31],[21,10],[26,2],[26,18],[53,11],[21,-3],[24,13],[65,7],[100,40],[21,-16],[23,18],[-4,14],[27,10],[60,87],[46,31],[62,7],[47,37],[87,62],[69,42],[42,44],[73,55],[108,111],[90,30],[43,7],[73,23],[35,-4],[75,36]],[[30800,62698],[65,128],[26,57],[11,15],[78,142],[25,-18],[7,-36],[30,-26],[11,7],[4,22],[28,3],[33,-9],[40,34],[4,27],[24,-10],[43,21],[37,24],[-1,30],[47,17],[23,-18],[7,20],[17,-9],[34,3],[27,26],[-12,40],[15,33],[10,7],[68,9],[22,17],[23,44],[4,19],[34,47],[2,61],[54,-20],[67,-7],[-12,139],[-37,100],[-28,22],[24,13],[11,16],[24,1],[50,-10],[22,18],[25,-5],[21,8],[-11,32],[21,11],[79,-29],[164,44],[17,19],[77,5],[59,-8],[54,6],[109,-25],[44,7],[108,40],[15,8],[50,0],[36,10],[38,-6]],[[32667,63814],[43,-57],[9,-149],[19,-20],[-4,-14],[46,-20],[-26,-87],[-10,-93],[76,-46],[91,-94],[106,-18],[133,-64],[53,-6],[64,52],[38,21],[60,42],[20,6],[131,17],[43,-16],[86,-101],[23,-43],[47,-2],[113,-44],[-50,134],[83,21],[-2,31],[-31,94],[168,56]],[[31264,75990],[-35,61],[9,7],[-57,99],[-8,-4],[-122,154],[19,13],[-41,61],[-85,-57],[-21,31],[85,57],[-32,48],[37,27],[-67,112],[-4,-2],[-67,119],[20,-1],[-16,20],[110,31],[-25,277],[6,17]],[[30970,77060],[53,171],[294,124],[149,117],[102,107],[215,409]],[[31783,77988],[120,17],[276,113],[25,-149],[107,-40]],[[32311,77929],[213,-80],[6,-10],[106,-91],[42,-106],[17,-20],[112,-47],[70,-46],[49,-90],[59,-27],[25,6],[83,-17],[38,-20],[83,-1],[49,-14],[51,-27],[46,-37],[27,-25],[54,-32],[37,-29],[57,-7],[27,-23],[29,-40],[63,-26],[49,-26],[58,-9],[24,7],[44,3],[58,21],[43,50],[69,28],[56,39],[54,7],[32,35]],[[34141,77275],[32,-59],[21,-19],[12,-24],[18,-16],[11,11],[82,-76],[17,-20],[23,-43],[20,-121],[11,-25],[-4,-83],[4,-43],[4,-189],[-11,-71],[-18,-53],[-19,-42],[-87,-133],[-15,6],[-24,-33],[-31,-19],[-30,-6],[-20,-34]],[[34137,76183],[-64,20],[-157,89],[-116,62],[-59,10],[-1,-18],[-78,7],[3,9],[-42,7],[-6,-42],[6,-2],[-16,-65],[-58,24],[5,19],[-46,-16],[-37,-86],[8,-71],[-10,-30],[-31,-32]],[[33438,76068],[-30,74],[-9,49],[-1,92],[-7,3],[-39,-14],[-56,-12],[-40,-1],[-24,-37],[-30,20],[13,18],[-16,0],[-37,-51],[-50,34],[5,31],[-31,5],[-2,-31],[-42,-7],[-17,18],[11,27],[-69,9],[-25,-5],[-26,-59],[-44,-11],[4,-14],[-18,-7],[-11,15],[-23,-5],[5,-13],[-22,-13],[-23,29],[-22,55],[-41,-6],[-8,-13],[-203,72],[-7,-8],[5,-48],[-10,-5],[3,-33],[-19,-3],[-46,7],[-28,-16],[-25,44],[-11,-8],[-41,-9],[-35,-28],[-198,-1],[-6,143],[-68,-9],[6,-139],[-66,-13],[-39,-43],[-139,-19],[-59,-35],[-171,-57],[-40,-20],[-77,72],[-9,-40],[-31,-30],[-14,-32],[-15,-18],[-19,-1],[-34,18],[-17,-13],[-36,14]],[[33438,76068],[-21,-62],[-67,-99],[-22,-40],[31,-22],[22,-35],[-1,-42],[-31,-72],[-36,-113]],[[33313,75583],[-32,-82],[-10,12],[3,62],[-54,12],[-27,-7],[-40,101],[-47,-20],[-18,-41],[-19,-21],[-23,-11],[-16,-23],[-71,-47],[-25,-36],[-44,-22],[-28,44],[-22,3],[-22,-23],[-34,27],[-23,31],[-82,-118],[-11,7],[-67,20],[-11,50],[-2,-17],[-76,26],[-37,2],[-120,-111],[-79,-16],[-158,7],[97,154],[-30,11],[-51,-80],[-32,9],[4,6],[-42,5],[-1,-26],[28,-4],[-30,-50],[-49,7],[4,-41],[-81,30],[-4,-24],[-48,-7],[-39,8],[-11,75],[-10,11],[-65,0],[10,-74],[-55,-16],[-57,94]],[[31656,75480],[-45,49],[-138,145],[-7,44],[16,7],[-99,-16],[-17,33],[-6,43],[15,61],[-5,20],[-12,4],[-3,21],[-29,-5],[2,-11],[-48,-7],[-6,27],[-13,94],[3,1]],[[34137,76183],[-1,-7],[-53,-155],[-2,-21],[19,-37],[60,-12],[-8,-23],[70,-23]],[[34222,75905],[7,-41],[26,-18],[40,-67],[-23,-12],[-105,-37],[21,-52],[-51,-26],[18,-61],[112,28],[-11,-142],[-21,-53],[22,-24],[5,-46],[-50,12],[-60,-2],[18,-93],[-1,-42],[-33,-91],[-22,-70],[-217,50],[7,43],[-57,-3],[-3,-39],[-44,8],[10,-19],[-76,18]],[[33734,75126],[-32,7],[-63,20],[-49,-3],[-32,7],[11,50],[-29,4],[-43,-2],[-21,36],[-29,36],[-49,7],[-64,3],[-8,76],[-72,-40],[-4,7],[76,42],[-2,74],[-11,133]],[[34141,77275],[31,48],[29,20],[55,123],[2,14],[25,63],[38,61],[7,95],[10,11],[111,52],[46,30],[88,38],[10,1],[132,148]],[[34725,77979],[136,-24],[37,1],[61,22],[255,-10],[65,-84],[78,-152],[-10,-50],[144,-117],[29,-67],[26,-34],[18,-44],[36,-30],[153,-54],[16,-52],[31,-76],[140,-55],[223,-146],[51,-53]],[[36214,76954],[-216,-317],[-162,105],[-4,-2],[-109,-106],[-21,-66],[-93,44],[16,42],[-101,45],[258,78],[-33,21],[-23,-17],[-50,-15],[-34,36],[-29,-40],[-21,7],[-175,-52],[-11,-6],[7,-22],[-21,-10],[-65,-160],[-43,-49],[-37,-15],[-30,-27],[-5,-35],[33,-54],[-12,-62],[28,-27],[20,-33],[16,-86],[-39,-62],[-10,-10],[-54,-31],[-29,-35],[15,-56],[-13,-34]],[[35167,75903],[-76,32],[-4,-20],[-89,35],[-8,-144],[-52,-1],[6,-31],[-32,-6],[-10,49],[-14,1],[2,19],[-16,2],[3,32],[16,-2],[14,154],[1,68],[-8,79],[-82,-15],[-77,-35],[-1,-58],[-7,-44],[0,-56],[12,-35],[-19,-12],[8,-14],[-11,-63],[-40,11],[-42,30],[-29,13],[-84,50],[-27,10],[-57,7],[-76,2],[-13,-17],[-3,-63],[-101,15],[-29,9]],[[33734,75126],[-19,-124],[-4,-49],[2,-48],[-5,-77],[11,-89],[-117,-10],[-30,60],[-40,-9],[55,-100],[99,-52],[-24,-43],[47,-25],[32,24],[27,-2],[-1,10],[57,2],[48,-5],[16,-83],[0,-95],[39,0],[1,-34],[42,1],[1,-66],[105,-272],[20,13],[110,57],[13,-28],[-39,-17],[24,-39],[-87,-20],[12,-98],[33,0],[34,-151],[11,-14],[-62,-1],[7,17],[-46,-2],[-43,-12],[14,-158],[29,10],[83,-8],[8,-9],[-28,-50],[-117,-38],[27,-92],[76,-14],[-36,-85],[103,-16],[19,-54],[-27,-63],[-4,-79],[1,-15],[-65,-21],[-63,-32],[-76,-16],[-17,23],[-19,37],[-14,0],[-85,40],[-47,18]],[[33825,73123],[2,29],[-16,85],[-181,47],[-107,-7],[-98,-1],[-166,-7],[-114,-17],[-111,22],[-3,-59],[13,-53],[-16,-6],[-12,26],[-24,6],[3,-40],[-112,24],[1,-12],[58,-14],[0,-61],[-21,-28],[-75,14],[-51,-66],[-116,22],[60,123],[-199,54],[-57,28],[-72,9],[-129,46],[16,78],[32,94],[-9,18],[-29,1],[-4,17],[56,3],[10,28],[3,30],[7,-2],[44,112],[-80,29],[28,86],[-203,-125],[-4,14],[-329,35],[10,-11],[-45,-7],[-30,2],[-27,11],[20,55],[-42,15],[-24,-54],[-123,43],[23,36],[0,25],[95,46],[17,15],[-24,7],[-226,-25],[-6,-57],[-81,6],[-14,-59],[-22,1],[-76,-97],[-44,6],[-2,21],[-174,-86],[9,30],[16,0],[10,43],[-14,2],[11,40],[23,133],[-16,1],[7,30],[-14,29],[2,27],[21,4],[-2,22],[-15,18],[-1,22],[-19,14],[-22,47],[-2,24],[16,55],[-16,49],[-2,52],[-16,12],[2,11],[-18,9],[-8,26]],[[30977,74298],[-7,21],[14,5],[13,33],[17,2],[1,22],[20,15],[-1,22],[21,24],[20,31],[24,1],[-4,17],[13,1],[14,27],[-59,15],[51,17],[29,15],[-2,12],[20,10],[-9,28],[7,5],[-13,61],[16,1],[0,22],[21,14],[-8,53],[8,32],[41,32],[79,-12],[102,-2],[88,46],[11,32],[40,-2],[43,62],[-24,19],[-19,4],[1,63],[-35,-6],[1,89],[198,18],[15,17],[-1,36],[-64,-3],[-32,80],[31,2],[-5,42],[-6,-3],[-40,72],[-5,46],[54,44]],[[30977,74298],[-21,-21],[-39,-13],[-19,9],[-8,-12],[-19,3],[1,14],[-35,-7],[-10,14],[-66,1],[-33,10],[-65,-3],[-35,8],[-47,-1],[-53,35],[-18,0],[-19,16],[-45,23],[5,38],[-54,17],[-13,60],[15,40],[-111,31],[-15,40],[-67,-56],[-84,-104],[1,-85],[37,-74],[54,9],[-6,-68],[6,-33],[-8,-66],[-9,-13],[-12,-46],[-7,-50],[-109,39],[-4,-75],[-20,-44],[24,-15],[-28,-237],[83,16],[62,16],[-27,-42],[12,-6],[60,-66],[25,-36],[-1,-33],[-14,-72],[-6,-59],[-17,-80],[-7,-22],[84,-478],[49,-20]],[[30344,72800],[-6,-42],[-55,15],[-11,-38],[-30,8],[-16,-89],[-279,43],[-186,20],[-19,7],[-3,-10],[-106,8],[-8,-22],[-64,-10],[5,-27],[-22,-45],[-14,-19],[-20,-11],[-38,-9],[-20,-14],[-14,7],[-97,16],[-28,8],[-20,-43],[-15,-15],[18,2],[0,13],[22,-3],[-9,-58],[18,-1],[-1,-18],[-17,1],[3,-34],[-45,0],[59,-178],[24,20],[48,-17],[16,-45],[37,-52],[13,-38],[72,-6],[7,-25],[44,8],[2,-10],[-27,-4],[22,-45],[-15,-5],[16,-37],[-26,3],[-24,-45],[50,-2],[-7,-18],[-58,1],[-13,14],[-51,-4],[-25,59],[35,26],[5,23],[-38,0],[-3,-19],[-88,13],[2,15],[-76,8],[-144,75],[-16,5],[-7,-12],[14,-6],[-19,-30],[-71,75],[-15,4],[43,-82],[4,7],[21,-31],[19,-18],[18,-93],[-30,-4],[7,-27],[35,5],[36,-78],[19,-93],[-21,-40],[-11,-32],[-20,-42],[-50,-78],[-12,-8],[-24,9],[-10,-62],[84,24],[18,2],[-5,-24],[-115,-182],[-23,-43],[-23,-5],[-16,18],[-14,-2],[-27,-24],[12,-22],[1,-28],[20,-28],[-3,-28],[-10,-2],[-92,-103],[-11,-19],[-28,-19],[-8,-24],[-28,-23],[-10,-20],[-48,-56],[12,-42],[-12,-7],[8,-17],[-12,-27],[-121,6],[-49,-4],[-109,-24]],[[28425,70801],[-34,-8],[-64,101],[-52,88],[-23,-70],[-172,27],[-113,-5],[-28,-113],[-123,31],[-71,-81],[-128,58],[11,49],[-14,24],[-7,110],[-32,37],[-9,35],[2,34],[30,27],[15,41],[25,32],[10,67],[4,55],[-10,20],[13,5],[-8,15],[-11,-9],[-23,65],[52,56],[36,62],[16,77],[-9,55],[-22,10],[-1,24],[11,67],[-9,10],[17,16],[9,27],[-99,-4],[-3,-24],[-193,60],[-68,56],[-48,61],[12,83],[-59,-31],[-52,60],[-72,48],[-61,33],[-97,32],[-106,52],[35,39],[-11,30],[-17,10],[-19,34],[-5,23],[22,36],[16,17],[-33,41],[-172,-75],[-7,33],[3,64],[-70,23],[-150,29],[-23,-57],[-9,-30],[-82,40],[-39,-42],[-109,65],[24,31],[-123,18],[-4,3],[-124,-20],[8,47],[-83,-4],[-64,18],[-50,3],[-54,11],[-1,6],[-84,-10],[-2,-37],[-118,-9]],[[25522,72603],[-17,24],[-40,27],[-29,79],[-14,23],[-13,45],[39,34],[50,27],[45,11],[19,18],[57,16],[14,-12],[24,0],[13,25],[32,13],[4,19],[22,23],[3,51],[-17,54],[3,17],[-51,-9],[-14,54],[27,10],[4,15],[17,11],[-23,8],[11,9],[4,28],[-38,20],[1,14],[26,27],[3,24],[-14,30],[6,29],[-52,55],[-10,-8],[-40,16],[-16,1],[-32,27],[-13,20],[-98,-1],[-23,14],[-44,43],[-37,20],[-7,14],[17,33],[-137,86],[11,15],[-1,29],[35,9],[-10,29],[-6,53],[-36,14],[-7,21],[10,36],[28,59],[2,20],[-9,52],[15,37],[-4,20],[-50,124],[36,7],[5,38],[9,26],[-68,-10],[11,87],[5,79],[43,6],[9,19],[8,60],[23,38],[6,33],[2,53],[-22,78],[-13,22],[-4,80],[-118,26],[9,56],[-2,16],[13,12],[-114,24],[-45,33],[83,127],[36,67],[22,1],[5,21],[14,15],[-59,84],[-14,54],[4,9],[-30,9],[-10,65],[3,35],[-10,40],[-3,206],[2,48],[-8,45],[-2,44],[9,31],[-1,64],[17,198]],[[25013,76151],[128,70],[565,36],[33,24]],[[25739,76281],[119,-10],[317,55],[216,39],[139,-83],[174,-8],[123,14],[35,-22],[262,46],[440,-101],[194,23],[181,-109],[170,-46],[246,0],[172,96],[29,52],[15,41],[114,121],[222,241],[82,87],[203,220],[111,176]],[[29303,77113],[84,6],[56,-11],[224,-68],[299,-26],[58,-8],[107,12],[35,17],[143,55],[50,15],[182,23],[65,10],[35,10],[299,-52],[-1,-13],[31,-23]],[[35167,75903],[-2,-11],[26,-21],[-11,-46],[-50,-52],[-33,-109],[-68,-16],[18,-42],[72,-132],[77,-148],[37,-53]],[[35233,75273],[120,-175],[110,-156],[53,-95],[89,-204],[38,-89],[42,-22],[16,-55],[15,-80],[20,-84],[40,-151],[21,-109],[6,-60],[41,-95],[12,-20],[80,-91],[17,-40],[38,-31],[-13,-20],[-5,-26],[11,-43],[26,-30],[37,-3],[34,-17],[42,-3],[11,-27],[32,-27],[67,-6],[14,9],[54,-14]],[[36301,73509],[-130,-17],[-26,-33],[-28,-19],[0,-28],[-25,-76],[-32,-20],[-34,-5],[-23,3],[-26,-6],[-35,-32],[-37,-23],[15,-35],[-14,-15],[15,-16],[-7,-21],[-29,-6],[-21,-13],[4,-22],[-24,-29],[-39,-4],[-25,-15],[-11,-45],[29,-13],[-16,-35],[-15,8],[-14,-9],[2,-42],[21,-68],[20,-4],[-10,-28],[25,-83],[12,-8],[-29,-44],[-7,-19],[24,-83],[-23,-20],[-5,-19],[18,-34],[23,-9],[-2,-23],[-33,-76]],[[35789,72423],[-145,9],[-7,-19],[-15,-8],[1,-39],[-138,51],[-212,35],[15,55],[31,127],[-75,30],[-30,42],[-55,85],[-24,-13],[-20,6],[-28,-7],[-32,9],[-21,-11],[-28,-4],[-17,-18],[-66,-10],[-24,-20],[-14,-20],[-17,15],[-25,-14],[-69,26],[-17,16],[-31,0],[-47,20],[3,19],[-19,2],[-34,15],[-52,-11],[-6,21],[-16,-12],[-23,8],[-24,22],[-13,21],[-19,-5],[-30,14],[-44,-8],[-35,8],[-54,0],[-21,8],[-76,-22],[-2,11],[-33,-6],[-46,-29],[-21,-4],[-17,-24],[-16,-3],[-38,-29]],[[34043,72762],[-15,46],[-31,14],[-27,35],[-32,4],[-18,-8],[-43,11],[-29,27],[-11,-9],[-19,20],[-18,39],[13,142],[12,40]],[[36214,76954],[12,-21],[3,-22],[19,-42],[133,-105]],[[36381,76764],[-48,-148],[2,-14],[-22,-8],[-17,-18],[0,-41],[14,-17],[23,-62],[30,-55],[-3,-53],[-17,-9],[6,-29],[-19,-18],[-47,-57],[-59,-90],[-52,-46],[-33,-45],[-30,-117],[-21,-66],[-17,-3],[-16,-45],[-7,-52],[-20,-55],[5,-27],[-32,1],[-31,-82],[-28,-42],[-28,-79],[16,-47],[15,-5],[-43,-69],[-47,15],[-4,-32],[-11,-19],[-103,-1],[-140,-9],[-55,-19],[-49,7],[-71,-10],[-74,-7],[-115,-18]],[[36381,76764],[108,-84],[38,-15],[127,-124],[95,-51],[85,-97],[67,-31]],[[36901,76362],[65,-50],[44,-59],[115,-193],[21,-76],[52,-63],[30,-31],[17,-7],[116,-123],[53,-21],[68,-52],[53,-28],[36,-8],[152,-81],[101,-52],[35,-14],[30,-5],[115,-73],[36,-19]],[[38040,75407],[65,-36],[109,-28],[17,-14],[88,-60],[44,-22],[63,-10],[56,-21],[125,-33],[50,-60],[25,-12],[111,-25],[108,-17],[35,27],[166,58],[37,38],[104,8],[31,7],[103,48],[25,21],[129,-23],[28,5],[53,38],[168,-53],[78,-59],[131,-36],[98,-194],[114,-50],[245,-83],[-48,-288],[188,-202],[806,-864],[639,-400],[219,-117],[247,-116],[907,-398],[255,-103],[169,-62],[1180,-398]],[[45008,71873],[-3127,-269],[-2101,-357],[-649,216],[-216,-43],[-107,-38],[-142,5],[-48,27],[-25,26],[-100,70],[-65,39],[-476,-401],[-22,-99],[22,-16],[18,-23],[218,-123],[112,49],[-5,-13],[72,-100],[21,-9],[-10,-36],[86,-48],[-3,-59],[-139,-512],[-41,-56],[-250,1]],[[38031,70104],[-159,174],[-31,30],[-98,100],[-45,41],[-36,26],[-1,25],[9,27],[20,20],[1,24],[-31,-6],[-44,14],[-10,-6],[-11,17],[0,30],[-28,30],[-3,19],[-32,55],[1,31],[-14,33],[2,19],[-24,20],[-1,27],[-190,364],[0,20],[35,28],[35,108],[49,139],[25,62],[10,58],[184,104],[89,48],[24,39],[-256,43]],[[37501,71867],[84,111],[0,136],[-119,210],[15,30],[63,98],[51,162],[15,-1],[-34,206],[-49,71],[-181,373],[-100,245],[-101,253],[16,2],[-2,18],[67,5],[-42,81],[-40,-18],[-2,-13],[-8,70],[-12,32],[-9,3],[-16,-27],[-69,-51],[-56,-55],[-42,-57],[-6,-38],[-45,-53],[-33,-15],[-71,-62],[-15,-18],[-37,-109],[-18,-11],[-15,-27],[-27,-13],[-52,-12],[-104,-18],[-43,15],[-73,-35],[-25,15],[16,45],[15,9],[-20,34],[1,12],[-18,9],[-26,27],[-33,3]],[[37501,71867],[-29,-40],[-100,-1],[-57,10],[-77,5],[-126,-6],[-68,-20],[-19,-14],[-92,-54],[-25,-19],[-39,-54],[-30,-59],[-46,-166],[-12,-27],[-26,-81],[-118,-3],[-35,-21],[-47,-17],[-51,-10],[-23,-9],[-36,-6],[-15,-11],[-12,-45],[6,-16],[-12,-18],[-58,6],[-23,-6],[-13,-21],[-22,-9],[-12,-15],[4,-21],[-24,12],[-10,-23],[-63,-68],[-11,9],[-56,2],[-1,-50],[-36,0],[2,-38],[-7,-5]],[[36082,70958],[-72,63],[-4,13],[25,1],[-3,15],[-26,-4],[-14,21],[-26,69],[-17,78],[-4,42],[-32,5],[22,23],[-47,8],[4,42],[-8,46],[6,1],[-19,38],[-42,51],[-29,47],[-19,10],[-16,26],[-85,45],[-69,31],[-34,20],[-57,47],[-62,31],[-26,92],[15,64],[24,52],[72,148],[151,184],[88,131],[11,25]],[[46338,86511],[175,-1486],[-102,-267],[-78,-530],[-13,-252],[-6,-187],[-4,-181],[10,-319],[8,-155],[10,-141],[20,-238],[111,-1124],[25,-545],[12,-140],[63,-440],[100,-642],[81,-506],[25,-131],[65,-355],[186,-925],[56,-237]],[[47082,77710],[-3463,2122],[-49,19],[-459,400],[-708,653],[-67,41],[-25,50],[-107,80],[6,7],[-75,40],[-64,-87],[-72,38]],[[41999,81073],[130,194],[18,-9],[30,59],[-76,38],[45,80],[52,-6],[47,5],[17,63],[-24,0],[-20,9],[-10,-18],[-12,0],[4,20],[-14,12],[-11,-19],[-13,25],[-24,-8],[-18,11],[-21,-12],[12,-30],[-22,-12],[-32,14],[-27,5],[-32,31],[1,18],[16,14],[-16,16],[-21,8],[20,21],[39,52],[-44,24],[-176,150],[-14,111],[3,36],[13,53],[79,-12],[73,6],[39,0],[52,10],[-22,17],[-13,40],[1,51],[5,0],[-2,191],[98,-19],[29,-11],[9,34],[-8,2],[15,62],[188,-2],[-9,30],[-99,2],[4,18],[-34,6],[2,13],[-61,22],[-7,54],[53,24],[-53,19],[-19,15],[17,31],[-6,29],[-55,-12],[-54,-16],[15,-26],[-28,-17],[-31,36],[-14,3],[-12,-24],[6,33],[-24,-3],[-25,-17],[-23,-8],[-26,-21],[-21,19],[-3,-13],[-19,7],[-49,58],[-9,-14],[-40,-30],[-17,-6],[-11,14],[-38,-6],[1,22],[-27,-4],[-4,54],[-87,-28],[5,-36],[-69,-13],[-88,0],[7,28],[-64,27],[13,17],[39,22],[-8,57],[69,2],[16,8],[-13,42],[-33,-8],[-18,58],[31,10],[-14,41]],[[41428,82916],[43,19],[9,120],[17,21],[-20,20],[61,18],[12,-28],[27,4],[-5,138],[-26,7],[-21,32],[101,11],[11,-4],[24,10],[30,46],[21,9],[22,21],[13,2],[4,19],[-10,34],[14,18],[7,36],[-8,18],[11,26],[-14,2],[20,25],[27,44],[25,4],[20,20],[-2,19],[12,12],[19,40],[34,42],[-8,14],[-52,27],[-12,15],[-4,31],[7,12],[-24,13],[10,30],[-25,22],[-28,-7],[-10,29],[2,33],[-9,25],[37,16],[3,7],[-23,39],[-1,27],[13,16],[41,25],[26,5],[27,33],[8,64],[34,48],[19,1],[-9,13],[-22,6],[-7,18],[-25,21],[-9,-16],[17,-38],[-20,-21],[-17,-115],[-46,-28],[-44,-12],[-162,-62],[-19,47],[41,31],[-34,62],[109,91],[70,10],[-14,5],[-1,35],[23,34],[-31,16],[-50,-6],[-25,-12],[-46,12],[-34,26],[-40,5],[-21,16],[-72,18],[-22,15],[-41,1],[-27,37],[-58,17],[-23,-15],[-12,6],[-21,-19],[-12,-28],[-25,-83],[-5,-23],[-13,-21],[-46,-92],[-3,-15],[-75,15],[-15,0],[-51,36],[-15,34],[-35,-4],[-71,19],[0,49],[-47,-7],[-72,-17],[-8,-33],[-43,7],[-50,-4],[-13,-6],[-4,-51],[5,-28],[26,-24],[35,-9],[9,-53],[-12,-1],[-57,-33],[-8,29],[-23,35],[-22,60],[-4,69],[-19,71],[-39,29],[-16,1],[-6,20],[9,47],[-14,42],[6,14],[-11,18],[-27,17],[8,37],[8,6],[-22,44],[-10,6],[-16,44]],[[40442,84661],[17,0],[4,31],[29,26],[10,25],[-5,36],[13,34],[23,99],[7,15],[14,79],[-1,23],[9,24],[26,19],[-23,13],[-6,15],[19,55],[-5,34],[-22,27],[2,42],[18,8],[-29,13],[-32,-9],[-2,27],[-22,0],[-43,17],[-32,6],[-44,40],[-14,-1],[-3,30],[-38,60],[-22,11],[-8,-17],[-50,13],[6,20],[-11,28],[-15,14],[-21,-5],[-25,11],[-13,36],[15,11],[26,2],[4,9],[25,-10],[16,24],[-6,9],[19,18],[-3,27],[28,1],[3,16],[14,-8],[19,10],[-16,35],[18,38],[-19,0],[23,41],[-2,23],[11,38],[-10,29],[10,24],[36,32],[2,30],[69,8],[13,-9],[17,10],[-13,62],[-9,-1],[-13,26],[-30,41],[16,33],[-31,23],[-9,32],[68,22],[132,60]],[[40576,86266],[139,61],[12,-35],[42,13],[4,22],[17,5],[12,31],[6,-2],[47,73],[39,-7],[19,5],[29,-4],[14,82],[-33,1],[7,26],[53,64],[54,-30],[13,-14],[37,-24],[33,4],[38,29],[89,-9],[-19,-23],[10,-23],[26,-3],[30,-30],[52,-20],[10,9],[38,6],[54,-16],[24,17],[20,28],[-1,15],[20,3],[2,-27],[22,-33],[20,-6],[14,-31],[6,-87],[16,-7],[2,-34],[13,-30],[26,-13],[123,-3],[109,2],[32,6],[20,-24],[6,72],[58,-5],[-10,42],[62,11],[13,-27],[30,6],[-4,52],[36,-2],[31,58],[53,-2],[17,31],[-4,22],[10,21],[14,9],[-2,25],[22,12],[5,-9],[32,8],[28,24],[37,-42],[53,-17],[-11,-19],[30,-12],[15,12],[36,-3],[10,7],[13,-20],[48,-3],[0,-59],[8,-88],[46,-10],[1,-17],[42,-7],[75,17],[26,-1],[104,-31],[-54,-60],[46,-3],[36,7],[31,-5],[23,-14],[34,-6],[33,7],[-2,24],[16,0],[10,89],[26,1],[2,11],[23,-2],[0,-36],[8,-2],[-2,-29],[-19,-95],[-2,-59],[14,-95],[8,1],[6,-75],[4,-14],[82,24],[50,26],[54,5],[329,71],[134,1],[465,45],[917,134],[360,96],[623,165],[207,14],[30,-3]],[[34725,77979],[86,47],[-55,137],[-27,56],[-58,26],[142,56],[-20,14],[37,24],[-45,14],[27,44],[20,57],[-36,20],[-143,56],[-64,29],[-59,19],[-52,28]],[[34478,78606],[72,64],[141,136],[34,30],[36,41],[62,107],[39,70],[9,33],[-57,31],[-35,13],[56,464]],[[34835,79595],[31,-12],[36,-22],[28,-48],[29,-19],[30,-5],[8,9],[32,-5],[2,26],[17,23],[32,11],[10,12],[-5,17],[17,46],[47,83],[60,50],[-33,29],[62,83],[-77,37],[0,12],[37,40],[-32,9],[44,103],[14,10],[62,-9],[104,-25],[19,-12],[-1,14],[20,65],[-5,2],[22,111],[-61,12],[2,9],[61,-9],[-2,33],[14,52],[-82,13],[49,114],[21,44],[12,36],[66,7]],[[35525,80541],[20,3],[66,73],[-8,-67],[3,-22],[-9,-26],[19,-30],[54,23],[15,27],[3,28],[24,7],[96,-141],[104,-182],[70,-91],[73,-103],[49,-85],[12,-16],[-2,-66],[87,-57],[21,-23],[1,-27],[24,-6],[13,-19],[31,-29],[15,-66],[48,40],[49,36],[52,32],[71,37],[77,35],[80,28],[30,-40],[32,-18],[13,-38],[20,-18],[34,-9],[-11,-36],[64,-27],[93,-55],[50,28],[41,-120],[12,0],[10,-23],[33,-7],[33,-17],[26,-6],[15,-19],[12,-31],[-3,-19],[16,-15],[2,-26],[11,-13],[33,-5],[27,-23],[14,0],[17,-40],[8,1],[15,-71],[7,-8],[-114,41],[-29,-59],[63,-45],[33,-19],[-36,-52],[-8,-17],[58,-29],[28,-6],[16,79],[11,32],[15,-5],[13,-34],[-6,-34],[24,-12],[34,-62],[48,4],[29,-10],[51,9],[140,-84],[42,-17],[47,-24],[70,4]],[[37866,78859],[34,-2],[19,-21],[45,-27],[17,3],[24,-13]],[[38005,78799],[-35,-56],[-61,-94],[-39,-95],[-16,-78],[-4,-31],[-1,-82],[-10,-34],[-35,-42],[-24,-15],[-84,-29],[-30,0],[-73,-53],[-33,-145],[-27,10],[-16,-48],[-55,-21],[-44,-5],[-34,-58],[-2,-43],[21,-47],[-10,-19],[40,-35],[-86,-147],[0,-6],[67,-10],[-4,-92],[-13,-39],[-11,3],[-17,-34],[-23,-30],[-26,-46],[-6,-42],[-42,21],[-20,-39],[25,-10],[31,-28],[-21,-57],[-41,6],[6,-17],[-23,-55],[-35,7],[-29,-94],[-36,9],[-13,-36],[32,-21],[-7,-28],[11,-13],[49,-37],[12,-15],[28,-14],[17,-18],[-51,-152],[7,-2],[-5,-31],[-14,11],[-44,-36],[-9,6],[-22,-31],[17,-14],[-8,-18],[-48,-64],[31,-18],[-8,-16],[-43,-42],[-15,22],[-68,-60],[-77,-90]],[[35525,80541],[-19,126],[14,-6],[2,32],[38,18],[-6,4],[40,19],[-133,192],[-81,57],[-31,16],[-131,96],[-20,19],[5,10]],[[35203,81124],[27,0],[45,-35],[10,8],[57,-2],[40,-5],[4,10],[-1,98],[100,-1],[13,22],[52,-3],[58,64],[35,18],[-18,17],[-47,55],[-15,42],[-165,28],[-23,9],[-5,103],[14,21],[5,33],[29,-6],[2,-14],[39,-8],[1,33],[-38,10],[3,32],[-13,18]],[[35412,81671],[42,-29],[27,-7],[58,-2],[42,-20],[21,-24],[43,-31],[50,-23],[21,-4],[127,-12],[24,-8],[69,-52],[37,-6],[30,7],[10,-11],[-2,-35],[25,15],[64,14],[31,-16],[14,16],[40,6],[45,15],[16,10],[12,-22],[18,-5],[-1,27],[-16,11],[33,42],[-3,62],[27,43],[35,-9],[16,13],[0,22],[-21,19],[12,20],[-2,16],[-46,54],[14,72],[-31,79],[19,31],[79,-10],[46,12],[69,-11],[15,-22],[11,2],[-5,29],[40,23],[3,13],[55,4],[15,11],[78,-38],[19,-3],[2,12],[49,0],[20,10],[22,-13],[17,7],[31,34],[-5,27],[30,7],[10,31],[24,13],[16,46],[-28,24],[-11,22],[-23,-17],[-20,24],[25,37],[-2,26],[10,19],[38,-15],[58,-14],[22,12],[18,49],[33,-8],[-8,31],[-1,69],[-5,64],[6,31],[-9,64],[-22,48],[-17,63],[-4,34],[-22,9],[-65,-12],[0,6],[50,11],[12,15],[16,-7],[20,20],[-18,9],[20,9]],[[37026,82756],[15,32],[18,0],[23,29],[40,-5],[36,-20],[3,-18],[33,3],[6,-15],[22,8],[33,-4],[17,15],[12,-11],[18,17],[1,-17],[18,-2],[6,13],[22,-6],[21,16],[23,-13],[11,14],[28,-6],[16,10],[52,4],[45,-23],[4,-20],[47,-6],[13,-7],[42,7],[48,13],[28,24],[46,19],[92,-20],[40,-12],[50,-5],[37,7],[23,25],[78,-15],[14,-11],[59,16],[-1,4],[126,31],[13,-4]],[[38304,82823],[-48,-45],[4,-8],[-19,-21],[-4,-17],[-31,-4],[-65,-24],[-5,-11],[-55,-42],[23,-87],[10,5],[115,-13],[0,18],[39,-20]],[[38268,82554],[-5,-288],[-35,12],[-17,-81],[27,-21],[-56,-124],[-15,11],[-9,-29],[69,-45],[-8,-26],[-20,-15],[17,-15],[6,-27],[-6,-22],[106,4],[-13,-20],[-35,-26],[19,-12],[1,-14],[19,-26],[-3,-9],[31,-37],[11,5],[10,-59],[59,-23],[-12,-36],[63,-7],[-21,-67],[8,-13],[113,-47],[-62,-122],[-14,1],[-22,-176],[-69,4],[-29,5],[-14,-80],[69,-11],[-2,-78],[51,1],[5,-17],[-30,-12],[-63,4],[-29,-3],[-78,-33],[21,-2],[-34,-91],[-110,15],[-21,-62],[-55,-102],[18,-10],[-21,-64],[14,-3],[-27,-116],[43,-5],[-19,-77],[103,-19],[-3,-49],[86,-7],[-3,-59],[-94,7],[3,-48],[-14,-7],[34,-9],[80,-44],[-112,-128],[57,-68],[-54,-54],[-63,56],[-39,-45],[-76,-66],[-17,-47],[-24,-131],[5,-36],[-26,1],[-5,-87],[-18,-52],[-34,-34],[4,-32],[-66,-24],[-41,-40],[72,0],[-10,-53],[26,0],[15,-13],[-14,-78],[23,-2],[2,-116],[-3,-21],[-28,-56],[-49,-150],[-11,-11],[24,2],[15,-37],[38,-15],[-11,-32]],[[41999,81073],[-121,63],[22,45],[-120,58],[-11,-17],[-10,5],[12,17],[-50,39],[-13,-15],[-31,33],[-41,-44],[14,-28],[34,36],[58,-59],[-38,-52],[-59,7],[-10,-89],[-38,11],[-32,-26],[21,-13],[-20,-19],[10,-7],[-44,-18],[64,-52],[-32,-37],[20,-18],[-43,-46],[-57,50],[0,-35],[42,-51],[50,-28],[-16,-24],[-4,-26],[38,-6],[-6,-24],[-87,13],[-61,-3],[-39,2],[10,89],[-8,8],[-39,2],[-18,59],[-40,5],[-66,29],[-28,0],[-30,-11],[-23,-29],[-73,-21],[-47,4],[-91,-12],[-43,-15],[-76,-13],[-17,1],[-8,-13],[-74,10],[-20,-21],[9,-4],[74,-58],[-21,-34],[-54,31],[-2,-7],[-45,-8],[-7,-16],[-44,-59],[-5,-63],[58,-34],[-17,-34],[25,-15],[-10,-58],[-22,-40],[-75,-101],[-40,-58],[-81,41],[-6,-26],[33,-36],[-11,-62],[-115,70],[-20,-104],[-80,25],[37,-16],[-22,-160],[85,-18],[61,-35],[14,-42],[46,-7],[-11,-76],[-215,32],[-36,-261],[9,-28],[-169,-81],[21,-11],[-6,-40],[96,-12],[5,-48],[-60,-135],[34,-6],[-28,-61],[-32,6],[-84,-199],[104,-44],[-22,-51],[51,-1],[-103,-188],[13,-8],[-35,-32]],[[40007,78615],[-17,13],[-25,3],[-52,44],[-30,48],[-30,14],[-50,5],[-15,32],[-27,10],[-51,-2],[-96,-57],[-27,21],[-21,4],[-22,-12],[-54,22],[-21,27],[-69,5],[-15,-8],[-30,-1],[-28,14],[-24,-4],[-13,-38],[4,-35],[-32,-25],[-30,-8],[-30,22],[-46,16],[-36,3],[-30,-5],[-18,9],[-72,-15],[-100,26],[-28,13],[-70,12],[-35,2],[-29,21],[-43,0],[-13,5],[-24,-13],[-33,-5],[-20,14],[-25,4],[-41,-10],[-52,-25],[-56,-17],[-29,10]],[[38402,78754],[-14,20],[-84,18],[-21,11],[-56,7],[-55,-15],[-47,-1],[-24,-11],[-72,6],[-24,10]],[[38268,82554],[25,-4],[14,-23],[35,-27],[175,-8],[-9,-52],[23,-1],[0,-12],[29,9],[19,29],[6,-9],[29,26],[-40,24],[-8,36],[-2,47],[-24,-11],[-28,9],[-21,50],[-50,19],[5,17],[35,-13],[50,-6],[-12,76],[-13,47],[6,59],[68,-30],[24,12],[6,-21],[29,-19],[52,-15],[4,-27],[82,-4],[-22,42],[21,18],[41,45],[26,16],[71,12],[22,-1],[101,36],[2,14],[19,11],[15,22],[-16,9],[-35,54],[-2,16],[14,-1],[43,12],[26,28],[-19,63],[-12,4],[-66,-57],[-11,37],[-62,9],[-8,9],[-35,-9],[-56,-32],[-43,11],[38,27],[32,35],[-14,7],[15,29],[6,33],[10,13],[-10,10],[-37,-13],[-1,16],[-30,-3],[18,29],[29,-3],[20,7],[9,-10],[32,-9],[15,73],[32,-9],[20,13],[61,19],[185,-44],[-2,-29],[145,35],[12,-32],[21,-16],[6,18],[31,-13],[4,36],[14,24],[23,8],[21,29],[196,6],[106,-60],[33,5],[34,-28],[27,-8],[3,-11],[20,17],[64,-52],[26,-30],[2,-13],[34,-55],[22,8],[23,-27],[40,-2],[30,-26],[34,-8],[16,-11],[-1,-34],[15,-19],[0,-23],[32,-31],[20,1],[13,-17],[29,6],[0,13],[33,17],[37,-18],[-18,-9],[34,-20],[-8,-20],[5,-31],[105,-59],[39,-32],[16,31],[48,-9],[69,2],[1,-45],[55,-18],[6,21],[21,-6],[-7,-22],[63,-20],[14,30],[19,17],[16,0],[37,21],[11,15],[29,61],[31,28],[10,33],[8,-2],[5,24],[38,36],[-8,44],[-31,49],[-20,14],[58,7],[4,15],[44,11],[2,-12],[-19,-46],[7,-63],[31,-27],[-1,-20],[15,-12],[64,-6],[40,11],[53,-3],[15,-21],[28,32],[29,-60],[86,-3]],[[47082,77710],[193,-437],[116,-548]],[[47391,76725],[-1559,468],[-586,233],[-3027,693],[-353,56],[-178,23],[-199,47],[-321,116],[-72,10],[2,12],[-66,4],[-116,15],[-2,-59],[-61,7],[-13,-73],[-77,17],[10,18],[-36,15],[9,50],[7,56],[-85,23],[18,74],[-65,22],[-30,-134],[-15,2],[3,15],[-13,3],[-10,26],[-42,-30],[-16,-72],[-22,4],[-4,-25],[-9,12],[6,30],[-7,12],[-41,-10],[0,-45],[-19,-33],[-45,1],[-7,-19],[-20,0],[-57,-141],[7,-3],[-37,-87],[-52,-86],[-17,-37],[-33,62],[39,58],[30,72],[16,49],[12,82],[-5,71],[-20,74],[-24,52],[42,4],[34,10],[6,33],[-18,-3],[-26,21],[-40,-21],[-27,-23],[-24,-12],[-31,9],[-27,17],[-26,42],[-28,56],[-23,5],[16,8],[-10,14]],[[38304,82823],[-7,89],[25,12],[14,33],[-86,373],[20,561],[45,7],[38,18],[9,44],[21,33],[-4,17],[10,61],[-11,62],[27,17],[22,-6],[-7,33],[-13,15],[-6,29],[4,34],[-38,15],[-22,-6],[-25,10]],[[38320,84274],[15,54],[10,-4],[37,103],[26,0],[1,11],[52,116],[23,0],[9,-83],[19,-51],[-1,-12],[16,-41],[32,-57],[20,14],[34,-12],[32,10],[9,-19],[0,61],[13,28],[-17,27],[17,38],[30,-3],[20,-16],[38,93],[47,-7],[5,31],[-4,30],[14,-11],[108,-11],[62,13],[28,17],[47,-5],[4,-43],[13,-21],[33,-93],[36,-85],[6,-40],[-6,-34],[17,-18],[2,-28],[15,-13],[129,-3],[18,-10],[122,64],[-12,21],[-26,21],[44,13],[19,-2],[27,-29],[38,-6],[-1,-6],[45,-9],[8,24],[11,-1],[7,35],[26,15],[5,13],[49,8],[-21,10],[3,29],[49,-1],[15,-8],[2,23],[31,94],[11,9],[48,-11],[34,52],[-5,2],[42,76],[12,49],[49,1],[-6,-42],[14,-34],[31,9],[44,-3],[24,-84],[10,-53],[4,4],[70,-15],[-33,53],[-1,28],[9,29],[-3,11],[68,2],[9,-13],[54,21],[42,-3],[-11,59],[30,35],[-53,32],[91,64],[0,-9],[26,-36],[38,-30],[13,-45],[11,-5]],[[38402,78754],[-15,-131],[-8,-59],[-11,-44],[38,-28],[75,-10],[34,-14],[37,-48],[84,-13],[-14,-41],[-13,-63],[-11,15],[-40,11],[-54,-1],[-14,-42],[-27,-52],[25,-34],[-20,-19],[-37,-8],[-7,-39],[81,24],[88,-188],[16,-32],[13,-219],[-12,-54],[16,-32],[-15,-11],[-3,-19],[15,-46],[12,-18],[35,-81],[30,-21],[102,-247],[6,-23],[43,-205],[202,46],[-9,-24],[20,-13],[-80,-1],[-54,-15],[-44,-8],[-7,-34],[-30,-18],[-66,-52],[-26,-13],[15,-12],[-49,-88],[29,-12],[67,-19],[-50,-78],[-42,-126],[-21,13],[-36,-62],[5,-5],[-36,-61],[-56,37],[-34,-59],[-73,55],[3,11],[-12,59],[10,56],[-9,27],[-31,13],[3,-27],[10,-20],[-22,-18],[20,-70],[7,-4],[22,-55],[21,-27],[4,-43],[-3,-31],[10,-10],[3,-32],[12,-21],[0,-67],[-47,12],[5,12],[-23,9],[-11,-23],[-28,12],[-36,-26],[-14,13],[-19,-22],[-36,42],[42,42],[-15,22],[-101,-94],[58,-72],[-63,-73],[69,-85],[117,183],[46,-20],[23,-16],[-14,-39],[5,-52],[-21,-28],[5,-38],[-30,-33],[-3,-20],[-39,-25],[-13,10],[-21,-12],[12,-6],[-18,-12],[-11,11],[-17,-14],[12,-11],[-23,-8],[-12,13],[-30,-26],[6,-8],[-39,-14],[-14,5],[-36,-14],[-45,-37],[-1,-11],[-54,-59],[49,-29],[20,7],[-22,-36],[-15,-11],[3,-34],[-44,-16],[-41,-116]],[[48855,71312],[-528,26],[-1230,223],[-1965,287],[-124,25]],[[47391,76725],[333,-745],[411,-915],[270,-596],[261,-511],[108,-207],[293,-539],[150,-268],[628,-1114]],[[34478,78606],[-46,33],[-33,33],[-52,37],[-62,38],[-33,17],[-90,55],[-100,53],[-42,24],[78,234],[-20,17],[-8,-29],[-14,8],[-74,15],[-23,19],[-31,-51],[-35,10],[-23,73],[-13,62],[-6,49],[18,20],[-20,24],[0,12],[29,87],[35,124],[8,6],[35,108],[84,111]],[[34040,79795],[46,67],[55,-29],[41,-9],[42,-21],[45,-9],[32,-11],[-2,31],[-24,22],[10,14],[19,-14],[9,-96],[8,0],[7,38],[65,-4],[2,38],[55,-4],[-7,-21],[61,-28],[-5,-11],[90,-97],[18,43],[48,-113],[146,-35],[29,26],[5,23]],[[34040,79795],[-57,37],[-3,80],[-52,7],[-31,11],[-24,17],[-49,18],[-41,23],[-99,31],[-40,-4],[-60,-15],[-23,-1],[-80,24],[-15,-1]],[[33466,80022],[-127,-62],[-60,78],[23,13],[-12,22],[-26,-15],[-37,44],[-90,117],[-183,18],[10,11],[-10,28],[36,46],[13,23],[15,48],[-82,21],[-58,31],[-42,-14],[-32,114],[-46,13],[-20,96],[-19,-8],[-66,146],[-6,-1],[-66,145],[-26,5],[4,33],[-21,5],[-7,28],[-91,24],[-6,64]],[[32434,81095],[115,-39],[17,46],[41,-18],[-10,15],[13,33],[15,-4],[144,-72],[-17,42],[58,0],[14,39]],[[32824,81137],[18,-19],[-6,-8],[23,-17],[216,17],[9,-36],[73,-39],[44,5],[33,-57],[-8,-4],[22,-29],[20,-11],[55,-57],[66,62],[9,-211],[46,-1],[28,-115],[274,59],[135,-4],[20,22],[6,29],[31,-6],[10,105],[222,-98],[32,71],[-2,23],[13,4],[18,40],[58,-38],[83,148],[10,25],[-44,2],[9,22],[79,-4],[20,47],[-80,4],[-42,13],[6,31],[122,-24],[12,31],[24,-9],[0,-23],[22,0],[-3,-63],[-17,-33],[-16,6],[-24,-38],[15,-20],[197,-49],[12,54],[4,60],[21,41],[-17,40],[16,49],[47,-33],[-14,-24],[38,-30],[11,20],[55,-33],[4,-19],[34,-37],[4,38],[-1,99],[-10,31],[337,-22]],[[32824,81137],[10,44],[9,3],[-17,25],[-78,45],[-33,136],[-15,32],[-56,36],[-13,22],[3,22],[19,44],[-27,3],[-14,-28],[-168,92],[-207,114],[-9,17],[-26,107],[-24,56],[-745,265],[4,11],[-19,7],[1,-13],[-81,28],[-11,17],[-11,-9],[76,114],[-18,1]],[[31374,82328],[33,22],[75,112],[589,170],[86,24],[593,-87],[219,-189],[72,-63],[9,15],[13,-6],[-10,-19],[34,-8],[49,-19],[90,-6],[45,0],[117,-11],[46,-11],[192,-49],[128,-35],[24,52],[72,174],[12,15],[57,-21],[239,-51],[-14,-100],[108,-4],[2,72],[48,-6],[176,-164],[121,-111],[42,-19],[61,-34],[115,-50],[135,-95],[63,-22],[70,-19],[112,-12],[124,-41],[91,-61]],[[32311,77929],[4,165],[43,77],[70,140],[70,-62],[235,28],[229,218],[125,-91],[-5,43],[2,50],[21,-2],[-28,119],[36,1],[0,-18],[23,1],[1,17],[60,-9],[0,32],[66,-7],[3,-20],[52,0],[-8,-27],[31,3],[10,27],[27,46],[21,27],[-9,8],[-5,40],[16,5],[28,39],[29,16],[-6,31],[-10,5],[-1,31],[-22,6],[-3,15],[34,21],[-37,32],[-40,-1],[-12,15],[-36,27],[19,1],[67,-19],[68,-22],[24,33],[14,0],[18,32],[-27,32],[-25,-3],[-56,20],[-75,-1],[-53,15],[-44,38],[-17,25],[8,34],[17,30],[74,-9],[2,33],[67,54],[-135,26],[115,91],[28,36],[142,-27],[105,89],[-392,72],[17,25],[-79,37],[26,23],[71,-35],[119,168],[-29,12],[61,-13],[70,86],[-17,42],[-17,97],[-25,23]],[[31783,77988],[-177,121],[-69,41],[-51,26],[-25,5],[81,99],[2,156],[-122,77],[-48,221],[83,228],[-16,34],[-90,46],[-53,43],[-47,61],[116,85],[-17,12],[21,16],[17,-35],[33,-17],[12,-14],[47,30],[138,191],[109,103],[15,-19],[24,-6],[53,10],[49,-4],[77,-1],[67,11],[72,2],[83,-2],[-5,79],[28,-11],[16,3],[16,32],[35,41],[32,30],[-19,61],[-72,10],[39,240],[-4,18],[2,69],[17,179],[-5,12],[36,14],[31,48],[51,31],[11,16],[-7,19],[13,8],[0,50],[-9,-5],[-34,76],[32,16],[-45,101],[5,2],[-32,69],[-245,-11],[-81,187],[20,122],[-5,53],[440,20],[6,8]],[[29303,77113],[-117,539],[-40,41],[-210,274],[137,148],[229,37],[84,-7],[92,75],[71,67],[47,105],[25,102],[-111,77],[-84,100],[-139,159],[-106,128],[166,155],[-43,118],[159,6],[-7,32],[16,-3],[73,2],[-77,139],[-30,-12],[-11,18],[22,28],[-128,73],[-193,-21],[8,24],[-8,18],[-13,-10],[-21,19],[-24,0],[-39,29],[-8,26],[-21,13],[-23,31],[-26,-20],[-33,-7],[-50,-34],[-25,62],[53,45],[-14,2],[-66,49],[29,40],[-4,20],[26,29],[-72,63],[-64,39],[-76,-31],[-52,76],[-74,101],[-337,528]],[[28194,80605],[102,96],[167,-34],[121,-24],[91,-20],[94,-24],[38,-3],[84,-20],[72,-19],[121,-30],[28,-4],[143,-35],[45,56],[17,-11],[-34,-51],[97,-21],[147,15],[44,28],[99,74],[33,32],[23,42],[30,30],[51,-3],[47,28],[15,22],[15,1],[120,-58],[25,22],[60,79],[-31,45],[14,84],[26,50],[4,22],[-9,35],[6,26],[20,19],[15,26],[56,205],[13,44],[21,19],[32,53],[27,112],[0,33],[10,66],[-13,24],[-18,76],[7,34],[-11,33],[4,55],[-6,44],[76,-7],[28,7],[27,17],[120,12],[100,-11],[8,37],[29,74],[5,52],[-146,63]],[[30503,82122],[2,39],[31,75],[47,99],[1,63],[12,102]],[[30596,82500],[12,3],[79,-7],[38,-11],[34,-17],[29,56],[39,-22],[19,-37],[44,-50],[4,-43],[67,-34],[413,-10]],[[25739,76281],[-37,151],[-60,49],[-62,187],[-3,118],[33,56],[23,31],[-7,99],[-5,27],[6,35],[9,9],[-21,21],[4,10],[-26,46],[-22,18],[-17,31],[-7,26],[-14,7],[-5,25],[5,23],[-6,30],[-13,37],[1,23],[20,25],[8,28],[26,23],[12,44],[21,5],[2,31],[40,45],[12,35],[-20,20],[5,9],[11,75],[-66,257],[-134,35],[-83,8],[47,41],[33,40],[107,91],[-9,122],[-81,37],[-112,45],[-34,-3],[-178,-82],[-386,3],[-138,8],[4,58],[-56,50],[2,22],[169,22],[-26,61],[-139,-30],[11,151],[20,102],[45,27],[77,13],[61,141],[106,196],[44,77],[8,31],[-16,112],[-14,-25],[-6,34],[10,-2],[-21,71],[-16,1],[-14,99],[11,-2],[89,192],[31,-8],[70,213],[88,253],[-51,197],[-743,1076],[-69,141],[-241,454],[-549,1635],[-1641,3259]],[[21862,86903],[778,-684],[34,-33]],[[22674,86186],[3190,-3862],[721,-827],[376,-164],[453,-196],[78,-9],[14,-31],[337,-146],[136,-78],[70,-38],[145,-230]],[[18707,92831],[6506,-2375],[1943,-688],[2686,-1084],[631,-145],[74,-12],[548,136],[66,-22],[24,-5],[19,-13],[4,23],[41,6],[39,36],[40,9],[56,-11],[41,5],[-2,-7],[69,-28],[-13,-37],[279,-19],[60,1],[3,-10],[36,-26],[30,-48],[23,-24],[17,-48],[14,-11],[-6,-23],[4,-33],[-13,-30],[6,-17],[30,-20],[48,-67],[21,-12],[31,23],[14,20],[3,46],[-28,33],[-7,51],[28,8],[33,1],[72,-23],[109,-29],[55,2],[-2,-64],[8,-2],[5,-30],[18,-3],[13,63],[14,-16],[22,-3],[-9,-50],[195,-32],[70,49],[37,-52],[35,-9],[4,-19],[41,-51],[37,-34],[12,-57],[19,-39],[-13,-20],[-5,-74],[11,-39],[3,-34],[41,-24],[22,-21],[-61,-160],[-17,-4],[61,-42],[-6,-12],[23,-47],[81,-58],[23,-28]],[[33023,87452],[-33,-1],[-75,-35],[-21,-5],[-22,-20],[0,-35],[-21,-44],[-58,5],[-42,-3],[-6,15],[-52,-19],[-15,-26],[-20,-9],[-18,-18],[-21,4],[-44,-28],[-77,-3],[-49,-19],[-69,9],[-9,13],[-51,2],[-57,-32],[-46,-19],[-34,-22],[-20,-23],[-43,4],[0,-27],[-55,4],[-35,-81],[-125,-135],[-17,-76],[-42,-47],[-22,-48],[-24,-27],[-4,-15],[-48,-8],[-83,7],[-10,-5],[5,-68],[-36,-4],[7,-56],[-108,-13],[-6,7],[16,-63],[-168,18],[-14,-76],[-9,1],[-8,-52],[122,-11],[110,-7],[-3,-48],[9,-11],[1,-71],[68,-26],[64,3],[58,-14],[-2,-166],[-59,-30],[-70,17],[-12,-32],[-19,-15],[-6,-92],[-115,-34],[83,-115],[31,-49],[51,-40],[84,-46],[26,-11],[110,-36],[24,1],[90,-19],[77,-26],[40,-58]],[[32096,85443],[-3,-18],[-15,-282],[-51,-167],[-10,-37],[-31,-145],[-220,-1],[-173,3],[-106,-29],[-30,-3],[-44,-28],[-7,-58],[37,11],[36,-10],[-9,-36],[78,-19],[-3,-22],[-30,7],[-9,-22],[-60,14],[-9,-37],[-83,17],[-9,-1],[5,-26],[-28,-14],[4,-23],[-16,6],[-191,1],[-11,20],[-200,-93],[-28,-16],[-23,4],[-47,-19],[-53,-4],[-43,-11],[34,-66],[-39,-20],[-17,-2],[-69,36],[6,34],[-22,-10],[-25,-27],[-18,-38],[46,-16],[-8,-21],[-89,27],[-42,-50],[-52,-37],[-36,-7],[-161,23],[-46,-8],[-44,6],[-57,27],[-4,-116],[-104,2]],[[29967,84142],[5,18],[-8,25],[5,57],[-11,21],[-60,0],[-37,9],[0,7],[-35,-3],[-138,31],[-38,26],[-85,41],[-329,66],[-5,-32],[-72,15],[-6,-11],[-53,10],[-41,15],[4,13],[-93,20],[-57,-8],[-136,73],[-93,64],[-97,64],[-406,260],[-192,120],[-650,382],[-3919,1936],[-2418,1361]],[[22674,86186],[1403,-1121],[511,-393],[1184,-775],[382,-243],[97,-62],[819,-550],[512,-626],[53,-68],[25,30],[116,-140],[191,-232],[50,-6],[-26,74],[58,163],[35,-5],[69,-3],[19,-4],[2,93],[59,-10],[13,32],[40,52],[32,20],[2,39],[58,22],[21,-9],[79,-9],[9,34],[21,41],[22,22],[69,-15],[-13,-61],[-50,-8],[-17,-70],[68,-4],[-4,59],[50,24],[24,3],[53,-8],[176,-38],[64,3],[29,-2],[2,15],[27,12],[28,2],[-11,32],[3,23],[-13,28],[98,102],[-15,55],[-87,14],[-2,134],[-71,0],[-1,168],[21,86],[8,57],[14,-3]],[[28980,83160],[30,-7],[41,-1],[22,-12],[-4,-48],[42,-5],[-17,-66],[64,-3],[21,63],[119,-15],[10,-5],[5,-36],[29,-2],[59,-124],[31,-2],[18,9],[20,-1],[31,-34],[9,-23],[83,-62],[72,-48],[78,-1],[34,4],[124,-10],[28,-5],[57,4],[37,-6],[52,-20],[31,-4],[-28,-155],[15,-15],[-3,-13],[-35,1],[-16,-92],[66,-45],[-52,-119],[23,-6],[16,30],[29,-10],[51,79],[38,-32],[-3,-33],[-11,-25],[159,-62],[-48,-13],[96,-39],[100,-31],[0,2]],[[21017,88684],[6843,-4716],[132,-91],[233,-108],[56,-24],[145,-95],[14,-21],[39,-17],[-6,-8],[36,-16],[20,25],[48,-13],[-30,-43],[228,-56],[83,111],[85,-21],[-6,-42],[-9,-9],[-3,-35],[39,-6],[-24,-63],[-1,-13],[70,-4],[27,92],[120,-16],[14,-29],[1,-27],[51,-144],[-29,-33],[-26,9],[-193,9],[-6,-92],[14,-1],[-2,-27]],[[21862,86903],[-354,440]],[[29967,84142],[-5,-12],[39,-44],[33,-21],[20,-35],[35,-46],[0,-14],[-16,-46],[65,-19],[164,-3],[-24,-26],[-19,-62],[49,-8],[4,22],[63,-7],[78,1],[-14,-103],[98,-21],[3,-46],[30,1],[11,-157],[-5,0],[54,-152],[47,-11],[22,16],[179,-87],[121,-69],[-38,-42],[-68,-45],[-46,-53],[-46,-58],[-53,-33],[-27,-25],[-16,-48],[10,-19],[34,11],[-30,-48],[-15,-35],[-2,-24],[-76,-69],[-11,-22],[-5,-51],[-10,-30],[-6,-63],[2,-39]],[[27196,62779],[58,48],[52,24],[62,-44],[30,-16],[27,125],[2,66],[-33,23],[-4,83],[21,1],[0,12],[-22,3],[14,73],[99,-36],[-12,62],[21,1],[-73,311],[34,45],[27,50],[-19,31],[45,31],[32,6],[56,0],[82,22],[97,13],[25,-1],[173,-22],[136,108],[104,80],[15,-5],[9,36],[-14,9],[-89,79],[43,34],[34,18],[6,46],[-32,5],[4,14],[27,-7],[-2,28],[-23,65],[128,-3],[-41,100],[2,131],[2,318],[2,59],[-300,86],[-11,7],[4,58],[19,-6],[7,8],[-16,20],[-82,26],[14,44],[-98,31]],[[27838,65079],[49,50],[-47,33],[-16,35],[33,33],[10,21],[-9,28],[-10,59],[-17,28],[62,384],[27,-5],[28,170],[-31,8],[21,57],[84,-17],[-12,-54],[88,-36],[12,23],[-10,21],[15,11],[50,6],[-3,32],[49,5],[-9,92],[-86,-7],[18,43],[-59,30],[-82,-109],[-23,24],[-146,97],[-15,137],[58,137],[8,-4],[15,61],[10,-1],[45,-27],[32,16],[19,-26],[13,-37],[20,-14],[72,12],[28,24],[116,-1],[46,-23]],[[28291,66395],[47,-25],[31,7],[19,-13],[53,-12],[12,-22],[-3,-24],[22,-18],[29,9],[23,-9],[52,-43],[28,-2],[-5,-30],[18,-49],[14,-15],[80,-39],[12,17],[2,-24],[21,-10],[20,5],[2,15],[25,-10],[1,10],[28,-6],[21,7],[47,-27],[2,-14],[-12,-30],[16,8],[36,-12],[25,3],[5,13],[17,-15],[16,0],[50,40],[164,138],[60,120],[-41,24],[29,114],[39,-83],[76,155],[-15,58],[-48,8],[23,75],[-8,30],[-26,30],[-3,75],[80,0],[25,45],[31,-20],[13,-16],[26,9],[9,29],[51,-7],[3,11],[85,-24],[1,-14],[20,-8],[63,0],[35,-11],[59,-7],[30,33],[8,49],[23,0],[28,26],[-8,25],[6,22],[-20,40],[-11,1],[6,38],[-11,1],[3,70],[24,0],[33,115],[-10,161],[-130,-73],[-13,14],[-26,-3],[5,-26],[-74,-21],[-8,34],[-8,-7],[-44,52],[-12,28],[1,16],[27,38],[5,36],[-4,41],[-22,42],[-9,7],[19,54],[-1,61],[141,49],[282,95],[17,-10],[16,93],[-22,131],[180,42],[-2,-15],[37,1],[-2,-33],[35,1],[1,-11],[57,-5],[43,10],[-4,-22],[21,1],[1,-23],[64,-4],[4,23],[17,0],[3,-36],[51,-9],[12,64],[48,-21],[-1,-32],[93,-46],[119,18],[47,8],[6,23],[-3,45],[18,-3],[34,17],[73,-28],[-28,-103],[-19,-28],[40,-17],[24,1],[48,26],[35,-5],[-3,-19],[73,19],[35,21],[38,2],[29,-14],[87,-28],[84,-50],[7,40],[118,-53],[13,23]],[[31570,67823],[43,-58],[22,2],[87,52],[35,12],[112,-6],[9,-37],[61,2],[5,16],[20,2],[-5,-29],[23,3],[-7,22],[37,33],[17,32],[7,34],[13,17],[23,5],[44,23],[82,63],[-3,10],[74,4],[-1,4],[156,37],[31,-5],[2,-10],[36,7],[8,-42],[-7,-20],[14,7],[33,-59],[-13,-10],[12,-60],[68,12],[-10,-137],[9,-35],[22,-5],[-1,-24],[22,-42],[20,-1],[42,27],[24,-8],[4,14],[34,-11],[20,38],[54,0],[48,-17],[16,47],[85,-29],[31,-36],[51,32],[12,40],[-8,12],[26,13],[-6,-42],[14,10],[14,63],[-18,6],[13,44],[25,-11],[5,17],[15,1],[37,-29],[24,20],[97,-11],[5,28],[152,-15],[-6,-71],[9,-39],[-1,-36],[64,-1],[14,14],[20,4],[3,-38],[-33,-39],[8,-112],[28,-11],[37,3],[36,-14],[34,-41],[37,-25],[11,20],[100,-4],[176,-45],[16,16],[3,20],[12,-1]],[[34054,67445],[3,-21],[-27,-28],[14,-26],[41,4],[5,-20],[-28,-18],[41,-72],[30,1],[15,-47],[18,-9],[46,-6],[29,-29],[41,-23],[72,2],[52,-14],[27,23],[33,-10],[11,-16],[-15,-20],[1,-31],[-44,-10],[4,-104],[81,24],[34,8],[11,-19],[12,8],[6,-18],[-19,-43],[36,-36],[7,-15],[18,-13],[-4,-12],[43,-29],[85,-24],[19,-23],[17,39],[37,-19],[-47,-29],[-29,-4],[2,-44],[-45,-15],[-37,-22],[3,-12],[-15,-14],[1,-29],[-14,-10],[-2,-18],[-20,-40],[-36,-38],[-45,-27],[-42,-19],[-96,-72],[5,-24],[24,-41],[-4,-12],[19,-5],[26,-18],[18,-1],[-10,-19],[75,-17],[40,9],[-3,-29],[114,-81],[20,-27]],[[34708,66141],[-17,-31],[-39,-47],[-139,-135],[-47,-75],[-19,-36],[-31,-29],[-56,-9],[-100,-33],[-19,-14],[-30,-78],[-39,-55],[-177,-75],[-118,19],[-114,-67],[-41,-16],[-33,-38],[-39,-20],[-76,-4],[-71,-29],[-78,-26],[-18,23],[-19,10],[-78,13],[-84,22],[-47,6],[-35,-29],[-43,-11],[-4,-149],[-9,-27],[-50,-53],[-30,-59],[18,-46],[35,-5],[21,-15],[42,-109],[33,1],[2,-17],[-83,-20],[16,-128],[44,5],[-1,-19],[16,-156],[-35,-4],[43,-252],[5,-22],[2,-73],[-70,-4],[-7,-39],[-129,-34],[-58,-34],[12,-54],[11,-3],[16,-60],[-9,-20],[31,-29],[20,-84],[-316,-54]],[[31570,67823],[-5,59],[15,25],[3,61],[29,46],[30,18],[9,27],[24,35],[90,159],[17,25],[2,20],[-8,36],[-22,23],[-53,28],[-13,19],[30,30],[28,19],[-6,8],[-138,-19],[4,27],[-134,4],[-36,9],[-30,1],[-20,29],[-23,49],[-25,10],[-13,-9],[8,37],[-4,24],[-24,29],[-12,29],[-20,26],[-16,7],[-34,45],[-36,-17],[-11,-12],[-40,4],[2,25],[26,72],[-18,12],[11,7],[-1,22],[-17,33],[-2,18],[32,25],[35,38],[-24,31],[9,18],[28,4],[40,41],[41,13],[33,38],[50,-2],[11,20],[-12,32],[-46,38],[-9,28],[20,32],[11,38],[-5,39],[-23,-4],[-22,23],[-11,46],[-28,14],[0,42],[5,31],[-62,40]],[[31210,69548],[0,40],[6,17],[-11,11],[1,24],[12,14],[-13,16],[10,33],[9,-7],[17,36],[15,4],[23,54],[11,-4],[20,30],[0,14],[28,45],[-11,24],[13,13],[42,65],[12,4],[-1,26],[14,21],[19,5],[0,25],[11,6],[1,34],[15,-8],[10,21],[-16,4],[12,38],[64,58],[-2,12],[15,29],[7,-13],[41,50],[11,39],[42,60],[25,43],[31,33],[-7,5],[31,17],[10,15],[25,1],[28,18],[16,32],[18,-17],[33,-95],[32,-60],[18,-59],[5,-62],[-5,-48],[87,-2],[11,-30],[-15,-12],[-21,-48],[16,-60],[20,-47],[14,-17],[20,-5],[8,-21],[-44,-38],[-40,-23],[65,-44],[73,1],[30,10],[21,-4],[21,-22],[24,-4],[14,7],[5,-12],[71,-32],[63,6],[32,-5],[16,9],[22,-3],[10,13],[40,-4],[47,34],[64,12],[6,-5],[43,14],[2,-22],[32,-16],[19,-28],[35,40],[53,3],[65,-74],[110,-12],[74,2],[35,5],[57,-4],[82,-18],[62,-41],[15,-17],[31,-16],[64,80],[34,32],[36,13],[11,-4],[32,22],[52,1],[19,-30],[157,13],[59,-70],[33,-57],[57,-25],[23,-23],[132,32],[4,29],[41,-13],[37,-20],[143,-29],[17,-1],[145,-63],[40,-10],[74,-34],[69,-28],[90,21]],[[34661,69517],[90,-6],[15,5],[113,21],[146,44],[85,4],[54,7],[22,12],[50,5],[89,21],[37,25],[42,-23],[41,1],[51,-13],[23,7],[31,21],[29,4],[21,-27],[33,-13],[11,8],[2,-31],[11,-25],[14,-53],[36,-23],[37,-158],[-5,-55],[-17,-22],[5,-17],[-19,-13],[36,-16],[-26,-7],[-22,-45],[-3,-35],[-34,-6],[-11,-25],[-29,-29],[21,-23],[-38,-16],[-8,-24],[-22,-32],[-14,4],[-10,-59],[6,4],[45,-26],[31,-13],[0,-35],[-20,-65],[27,-51],[16,-40],[11,-2]],[[35664,68682],[21,-24],[-1,-11],[-63,-17],[13,-76],[-71,-59],[-37,15],[-18,17],[-15,-7],[13,-34],[15,-20],[-2,-24],[-16,-21],[3,-24],[17,-16],[1,-25],[-11,-31],[8,-56],[-17,-33],[-38,-3],[-24,-12],[-41,-35],[-21,-43],[-17,-15],[-44,-1],[-49,-34],[-11,21],[-47,-36],[-62,-2],[-43,38],[-28,-4],[-39,5],[-31,10],[-47,0],[22,46],[14,43],[36,-7],[21,64],[-154,31],[-51,-3],[-49,17],[-15,-64],[0,-120],[22,-1],[9,-51],[38,20],[3,-100],[-35,-28],[-100,-210],[-13,-23],[-56,-68],[-30,-21],[-61,9],[-28,9],[-3,-13],[-26,3],[-2,-20],[-15,7],[-23,-12],[4,-12],[-22,4],[-11,-27],[-25,0],[-8,-9],[-17,15],[-80,5],[-15,75],[-60,5],[-19,87],[-68,12],[-10,-55],[66,-40],[-4,-30],[-35,-51],[-26,-16],[-16,-35],[-28,-27],[-17,-51],[-16,-8],[-5,-30]],[[36082,70958],[11,-13],[28,-86],[21,-38],[24,-26],[-58,-84],[13,-54],[-31,-22],[-22,-31],[-31,-22],[-14,-2]],[[36023,70580],[-27,-7],[-3,11],[-29,-10],[-31,33],[-17,69],[-17,31],[-57,-19],[-19,12],[-29,29],[3,76],[-39,39],[-23,14],[-93,33],[-29,21],[-32,13],[-21,-17],[-25,9],[-41,-10],[-15,12],[-14,-11],[11,-70],[-23,-23],[-1,-42],[-82,-12],[-24,30],[-70,-11],[32,-82],[-89,-19],[-8,34],[-21,-4],[-28,39],[-66,-39],[-17,2],[-158,-11],[-304,-16],[-37,-142],[15,-143],[38,-69],[-46,1],[-5,19],[-72,5],[23,-101],[23,-92],[-89,-22],[23,-80],[-105,-27],[16,-42],[13,-13],[28,-49],[9,-24],[35,-54],[46,-48],[61,-78],[27,-57],[21,-73],[7,-47],[13,-31]],[[31210,69548],[-10,-16],[-1,-27],[-38,-4],[-25,-11],[-14,-17],[-28,-18],[-77,-13],[7,33],[-73,62],[-38,-53],[-24,19],[-23,2],[-36,-57],[-33,41],[-37,6],[-90,27],[-71,29],[-92,-16],[-35,-35],[-8,-14],[-31,-19],[-42,7],[-20,-14],[-23,40],[-37,22],[-7,33],[-109,-28],[-20,25],[-44,152],[-10,15],[12,54],[25,84],[17,118],[-25,4]],[[30150,69979],[18,17],[22,127],[-4,1],[-10,64],[-9,89],[-147,-15],[-10,21],[94,8],[-3,21],[96,4],[-9,30],[26,237],[59,65],[22,43],[45,119],[21,18],[23,33],[25,6],[22,40],[4,51],[9,43],[58,-21],[60,-42],[92,-25],[60,118],[-9,22],[30,16],[48,-8],[15,10],[34,1]],[[30832,71072],[142,-80],[12,-11],[192,-4],[-1,-16],[125,-76],[93,-15],[1,14],[190,-5],[10,83],[57,-3],[35,10],[14,59],[-41,6],[24,84],[30,7],[-6,30],[35,14],[32,-2],[42,-15],[25,6],[10,22],[-30,18],[-9,-7],[-28,24],[-50,126],[86,28],[-1,6],[79,40],[-34,62],[46,17],[31,7],[48,3],[69,-9],[1,3],[65,-33],[58,-49],[42,-60],[42,-25],[37,-11],[23,-55],[35,21],[36,33],[10,22],[38,30],[26,47],[34,16],[32,4],[3,22],[10,10],[-6,18],[-2,47],[6,32],[-11,40],[-13,24],[-2,57],[-8,16],[8,15],[-23,54],[8,18],[-27,19],[50,51],[31,10],[14,33],[30,25],[6,31],[-4,19],[9,15],[-2,33],[28,29],[22,36],[6,26],[21,9],[-3,21],[17,10],[12,25],[-19,18],[-1,16],[21,9],[17,31],[30,9],[1,20],[30,36],[16,-5],[18,18],[60,19],[43,7],[65,0],[42,-33],[-5,-12],[28,-20],[53,6],[43,-8],[22,-10],[0,-19],[26,-10],[5,11],[24,-1],[15,-10],[43,8],[28,20],[40,56],[9,28],[25,30],[1,59],[53,26],[48,38],[37,10],[11,20],[38,33],[55,18],[35,7],[74,24],[44,22],[65,8],[42,25],[41,2],[27,22],[36,14],[25,16],[13,21]],[[30832,71072],[37,-3],[36,64],[54,-26],[103,140],[-123,38],[74,94],[-80,25],[26,224],[6,27],[-8,27],[-92,-46],[-105,-39],[-36,-56],[-118,70],[86,113],[-9,2],[38,44],[0,37],[33,158],[-24,22],[11,48],[6,63],[10,24],[20,12],[-13,32],[-2,30],[13,25],[1,19],[-28,16],[-29,60],[-4,49],[-26,60],[-5,37],[15,30],[-3,26],[-14,41],[-31,13],[-70,-26],[-41,19],[30,63],[-102,57],[31,54],[-155,61]],[[30150,69979],[-9,3],[-29,-18],[-46,-3],[-9,-25],[-34,-37],[-1,-24],[-17,-7],[-13,-25],[-65,14],[-19,-12],[-62,-60],[-27,-3],[-60,26],[-49,9],[-35,17],[-20,-4],[-51,35],[-31,0],[-24,-12],[4,-9],[-33,3],[-21,-17],[-52,-14],[-8,8],[-39,-3],[-17,7],[-25,-7],[-6,-28],[-25,-23],[-30,-17],[-25,-2],[-11,-22],[6,-27],[-22,-35],[-11,-9],[-5,-26],[-26,-22],[-32,10],[-12,29],[-31,29],[-41,-2],[-25,13],[3,26],[10,23],[-21,34],[-33,21],[10,8],[-22,6],[4,-14],[-29,24]],[[28984,69817],[-21,9],[0,17],[-39,12],[-14,12],[-26,-4],[-5,-17],[-34,-10],[-34,-2],[0,10],[-33,43],[-12,-6],[-14,16],[-45,26],[11,20],[-12,12],[-16,-4],[-14,27],[-66,38],[17,9],[13,29],[9,0],[5,22],[-15,8],[-3,29],[34,-1],[43,20],[5,15],[-17,14],[11,8],[-12,23],[-16,4],[-12,26],[8,16],[-20,17],[-12,-6],[-13,18],[-42,10],[-12,27],[-17,-2],[-5,41],[38,45],[3,21],[-93,12],[-2,12],[-2,118],[-70,-5],[-8,255]],[[34708,66141],[15,7],[73,46],[49,35],[142,2],[117,-7],[17,4],[67,97],[43,92],[36,55],[19,69],[110,11],[63,22],[68,57],[67,88],[80,44],[84,-5],[68,-7],[42,-25],[50,-36],[60,-34],[76,-23],[81,-15],[89,84],[76,0],[108,-132],[19,-18],[35,13],[11,-26],[13,4],[2,-28],[36,-44],[4,-38],[-13,-53],[0,-22]],[[35664,68682],[42,9],[70,21],[20,-14],[62,-24],[20,8],[38,69],[41,13],[36,-4],[8,-38],[80,26],[-3,27],[21,16],[11,22],[17,7],[1,39],[56,-3],[-2,68],[60,11],[1,52],[-23,0],[1,32],[10,52],[14,35],[-7,17],[69,-13],[62,182],[39,6],[-7,37],[-35,-6],[-15,4],[-44,-18],[-18,100],[-49,-15],[-36,5],[-18,33],[-8,47],[7,38],[-23,24],[-19,5],[1,56],[89,37],[44,27],[23,25],[30,52]],[[36330,69749],[22,-21],[12,1],[10,26],[31,7],[203,83],[15,-28],[27,5],[23,-192],[155,36],[25,27],[9,-75],[19,-46],[5,-100],[-11,-72],[84,-54],[66,7],[3,-19],[-17,-3],[28,-11],[71,10],[-30,47],[-5,20],[-16,19],[11,6],[34,-6],[37,-38],[17,-2],[9,13],[18,58],[-45,131],[-45,62],[112,56],[129,-4],[12,67],[150,4],[141,14],[0,-17],[-28,8],[-17,-24],[-2,-32],[34,-13],[7,10],[26,-18],[43,-19],[13,27],[18,16],[41,-10],[64,-4],[30,-11],[185,-41],[12,1],[90,98],[70,60],[41,-34],[-30,-28],[-14,6],[-37,-42],[17,-17],[72,-35],[3,5],[50,-41],[16,-17],[114,-36],[15,11],[8,54],[10,15],[28,11],[-85,56],[-39,22],[-37,28],[-18,5],[-16,27],[-43,25],[-17,16],[-8,21],[-68,67],[-127,145],[-265,-53],[-29,9],[-36,28],[-18,7],[234,46],[9,-27],[80,17],[-4,5]],[[36330,69749],[38,129],[17,79],[-1,76],[-30,11],[-20,24],[-34,24],[132,41],[-21,43],[-180,-57],[14,42],[-27,34],[-39,38],[-21,41],[59,40],[-16,17],[79,54],[-67,74],[-71,-61],[-24,34],[-44,39],[-35,-26],[-21,41],[5,94]],[[28984,69817],[-52,-51],[-4,-10],[-71,-45],[-34,-19],[8,-10],[-49,-42],[103,-119],[-3,-33],[-51,-16],[-33,90],[-219,-96],[64,-172],[14,-28],[1,-22],[-43,-18],[-17,3],[-8,-22],[-17,0],[-8,-19],[-26,-15],[-35,10],[-31,-17],[-18,1],[-35,-15],[-1,-25],[-21,-3],[-10,18],[-36,-16],[-16,5],[-16,20],[-8,-5],[-11,21],[-33,7],[-55,-48],[-10,0],[-51,-23],[-29,4],[-40,-28],[-4,-13],[-14,10],[-4,-18],[-31,6],[2,-15],[-17,1],[-62,-33],[-25,-36],[-32,-18],[-21,6],[-6,-14],[-16,24],[-9,-3],[-37,-37],[7,-46],[29,-9],[9,6],[11,-38],[-12,-16],[6,-32],[-7,0],[1,-31],[8,-11],[-14,-25],[4,-19],[21,-10],[-10,-22],[-12,2],[-18,-30],[3,-52],[-8,-53],[26,-5],[4,-23],[37,-34],[1,-21],[-55,-41],[-16,-37],[-15,-10],[16,-8],[1,-19],[-26,-29],[-3,-36],[-11,-4],[-8,-29],[3,-45],[36,-29],[1,-16],[15,-5],[-25,-11],[-2,-14],[-30,-25],[14,-22],[7,-44]],[[27795,68046],[-16,-7],[-18,16],[-15,-22],[-42,24],[-21,-5],[-15,-28],[-42,6],[-9,11],[-13,-15],[-9,7],[-13,-16],[-9,9],[-11,-11],[-39,6],[-9,-14],[-8,13],[-20,-20],[9,-8],[-14,-20],[-23,0],[4,-32],[-26,-9],[-38,26],[-10,-8],[-46,20],[-8,11],[-46,-13],[-14,-53],[-80,-27],[-153,-55],[3,287],[-18,2],[-54,-11],[-28,-47],[-50,-10],[-35,0],[-25,11],[-22,-1],[13,-64],[14,-1],[-2,-39],[-35,2],[-6,18],[-83,-42],[-8,-28],[-115,-16],[-17,42],[-22,-6],[-20,-22],[-142,-81],[-52,-9],[-44,23],[-48,0],[-40,-5],[-30,20],[-10,42],[-31,61],[-24,9],[-63,-27],[-76,9],[-23,-14],[-14,7],[2,-17],[-37,-12],[2,-5],[-39,-12],[-10,18],[-58,7],[-19,10],[-35,2],[-15,11],[-17,-4],[11,23],[-47,35],[-25,-10],[-13,10],[-57,-5],[-27,-15],[-22,19],[-10,-30],[-39,-32],[-36,1],[-32,-13],[0,37],[-22,-10],[-21,-31],[-33,-7],[40,-136],[22,10],[8,22],[19,-67],[-99,18],[-18,60],[-11,-7],[0,-47],[-143,25],[-30,29],[-7,-19],[2,-36],[-35,-27],[-26,-3],[-26,10],[-21,21]],[[25010,67765],[-5,12],[-35,25],[-125,-52],[-142,-22],[-104,-6],[-9,-27],[-47,1],[-5,-14],[-29,-11]],[[24509,67671],[3,20],[16,26],[11,-5],[18,25],[23,5],[7,-11],[18,5],[15,18],[18,-1],[4,39],[10,14],[19,-16],[15,32],[33,-11],[55,63],[16,5],[16,-10],[26,-4],[31,27],[10,2],[16,-20],[24,1],[17,12],[21,-19],[35,10],[6,16],[21,7],[11,-17],[24,4],[20,-13],[54,-12],[46,4],[21,-18],[23,1],[23,-15],[-9,24],[-15,66],[12,64],[7,82],[1,39],[6,19],[7,73],[5,22],[-46,27],[-50,17],[-10,9],[-56,5],[-34,9],[-118,23],[-32,14],[-50,6],[43,37],[-17,38],[72,42],[23,-10],[14,13],[78,189],[6,100],[-39,66],[17,2],[-6,93],[-20,-4],[-1,31],[-19,61],[-35,95],[15,13],[44,14],[15,-8],[54,13],[9,20],[51,7],[6,13],[-6,35],[3,30],[21,20],[-18,23],[18,5],[-7,31],[-13,3],[8,14],[-14,8],[3,28],[19,-4],[15,50],[26,27],[27,67],[12,4],[-17,23],[6,34],[-29,0],[-14,27],[-33,24],[-10,22],[-21,-10],[-20,26],[-49,-12],[-10,-18],[-13,7],[-23,-11],[-11,-18],[-1,-20],[-21,-2],[-5,-21],[-35,-12],[-59,12],[-16,24],[-25,19],[-10,-2],[11,28],[-16,11],[-19,-4],[-9,12],[8,14],[1,43],[21,11],[-6,35],[-8,1],[-2,26],[-14,32],[-58,52],[-1,25],[-25,7],[-25,25],[0,16],[-17,12],[-22,-4],[-25,16],[-8,40],[-16,24],[0,62],[-13,47],[19,17],[3,63],[38,33],[14,33],[-12,39],[5,11],[-7,27],[19,9],[-2,16],[23,3],[38,-7],[17,-18],[43,-13],[18,12],[19,-7],[9,17],[37,4],[7,22],[16,8],[20,-8],[8,22],[39,35],[40,5],[18,51],[24,10],[9,-21],[23,45],[11,-10],[4,19],[15,-6],[-9,23],[18,13],[-2,15],[13,26],[69,58],[-17,15],[-24,-14],[-10,33],[13,31],[21,4],[1,16],[-13,36],[-37,66],[2,6],[-24,33],[-23,1],[-14,16],[-29,7],[-44,22],[-40,72],[2,30],[21,20],[-12,24],[3,39],[-44,88],[-34,44],[-42,89],[19,144],[33,65],[33,52],[-21,17],[-2,17],[31,22],[16,28],[-4,10],[8,55],[15,28],[40,46],[19,-12],[41,-4],[18,27],[-4,41],[11,26],[8,66],[16,27],[-7,22],[-12,1],[4,21],[26,12],[18,-7],[62,11],[27,-5],[35,6],[15,-13],[49,3],[13,-19],[-4,-10],[42,-12],[36,-3],[15,10],[41,-17],[16,23],[64,-9],[14,18],[-2,14],[42,-1],[12,14],[31,8],[24,-17],[-18,112],[-18,59],[-19,47],[-15,52],[-5,93]],[[25621,72415],[-2,77],[-97,111]],[[28291,66395],[15,11],[-8,35],[14,6],[10,71],[-15,4],[-91,8],[13,74],[-12,14],[5,17],[-39,14],[11,32],[29,42],[32,24],[-20,4],[9,49],[8,0],[6,63],[13,42],[-36,50],[-19,14],[-28,6],[13,14],[-25,29],[-8,-7],[-29,22],[18,24],[32,15],[15,29],[-61,36],[-3,43],[-9,51],[-18,65],[-10,139],[-15,72],[-23,70],[-13,50],[-12,6],[-31,48],[-15,11],[6,10],[-16,35],[-12,4],[8,22],[-4,26],[-11,8],[-30,-11],[-34,39],[-13,-12],[-22,-3],[13,81],[10,26],[4,52],[-10,24],[-51,50],[-37,3]],[[25015,65864],[24,1],[-6,18],[-19,113],[105,-19],[7,25],[46,70],[1,21],[-169,44],[20,31],[58,58],[52,114],[22,-8],[58,126],[35,5],[73,-11],[38,46],[-9,1],[10,63],[20,53],[87,-13],[-45,32],[6,110],[-78,10],[20,158],[-24,12],[4,20],[-15,3],[-21,18],[-30,5],[-17,-10],[-22,14],[-42,-1],[-28,-17],[-29,17],[-45,-21],[-35,4],[-62,38],[4,53],[-4,61],[-25,-4],[-1,72],[-6,21],[13,40],[-20,4],[25,67],[10,38],[40,26],[-9,30],[10,54],[-23,5],[-9,304]],[[27838,65079],[-24,-39],[-44,-41],[-20,-47],[-144,-56],[-103,-32],[-144,47],[-46,48],[-3,29],[-12,15],[-72,1],[2,48],[-160,11],[-112,16],[-32,82],[-22,95],[-94,115],[-7,1],[7,-53],[-30,3],[-40,-16],[-76,-37],[-16,118],[-89,9],[-44,1],[-147,24],[-20,10],[-27,32],[-30,16],[-185,5],[-13,-26],[-24,-2],[-12,-28],[19,-19],[-13,-16],[-30,15],[6,-32],[-26,-29],[-3,-36],[-31,-4],[10,-23],[19,5],[10,-34],[-9,-19],[25,-18],[0,-21],[-12,-13],[-21,3],[1,-16],[21,-15],[5,-53],[-40,-27],[14,-37],[-39,19],[-50,-11],[-40,1],[-56,11],[-22,-1],[-34,8],[-67,23],[-18,0],[-74,22],[-4,-72],[-9,-6],[-81,22],[-6,-23],[-24,8],[-13,-39],[-27,8],[-22,-57],[-25,15],[-8,-13]],[[22889,65608],[16,59],[192,295],[37,79],[67,199],[-8,113],[69,208],[289,46],[34,90],[17,0],[70,24],[-18,38],[0,30],[47,0],[27,-39],[34,37],[4,35],[38,-28],[0,22],[36,36],[11,19],[60,-12],[27,6],[28,23],[50,8],[-4,44],[-17,24],[24,9],[-16,13],[10,24],[-17,38],[4,13],[-10,21],[-11,-5],[-11,17],[12,2],[12,30],[-5,14],[15,25],[-8,6],[-28,-11],[-23,75],[3,30],[-10,49],[14,28],[-2,18],[29,22],[12,27],[-11,32],[7,9],[24,-5],[-8,36],[2,21],[24,8],[18,25],[-12,14],[21,20],[-3,18],[25,21],[28,-1],[18,43],[39,7],[-1,16],[20,15],[3,20],[31,-27],[25,-8],[42,-45],[13,12],[25,-22],[31,7],[26,-12],[6,19],[44,13],[24,30],[25,-25],[34,21]],[[20844,71226],[15,1]],[[20859,71227],[491,-238],[315,-83],[52,-20],[158,-21],[34,8],[38,-10],[43,8],[13,-16],[34,13],[0,-23],[10,-5],[21,51],[38,-4],[33,-22],[14,-2],[24,-20],[12,-43],[39,-31],[10,-25],[29,-25],[23,-1],[11,13],[47,-24],[23,-25],[18,-5],[19,-22],[58,16],[12,-8],[15,17],[42,-5],[12,4],[25,-13],[27,11],[13,18],[38,24],[25,-9],[32,6],[28,-14],[13,-16],[24,24],[3,-14],[22,-6],[-10,-18],[30,-22],[23,1],[5,-16],[15,10],[13,35],[8,46],[57,55],[34,22],[65,24],[132,41],[39,25],[14,14],[74,101],[99,-25],[89,5],[73,20],[24,50],[129,31],[-40,18],[-19,26],[17,23],[37,8],[17,-13],[17,6],[18,25],[17,56],[-7,32],[-22,19],[-11,49],[-11,18],[-14,-5],[-20,23],[-20,46],[21,5],[1,18],[-22,0],[8,18],[-14,18],[-37,2],[-34,13],[-1,14],[64,42],[65,51],[21,-69],[228,95],[-23,71],[32,7],[1,38],[6,12],[33,8],[13,-39],[85,21],[-20,38],[50,11],[-21,76],[43,3],[102,18],[1,89],[-15,122],[193,-2],[215,-110],[113,142],[-29,24],[-33,42],[-16,32],[-20,10],[-18,32],[14,26],[-7,29],[-27,28],[34,7],[5,38],[-4,25],[6,23],[29,44],[30,51],[14,45],[4,40],[100,-20],[35,-22],[47,-22],[80,10],[60,-3],[-44,-82],[43,-77],[31,14],[0,-41],[32,-39],[55,-19],[30,-15],[50,3],[7,-5],[77,-23],[-4,-23],[29,18],[44,10],[62,41],[41,16],[48,29],[39,37]],[[20454,75882],[598,223],[132,64],[201,81],[120,44],[14,11],[30,5],[40,25],[20,-6],[36,-23],[15,9],[21,-11],[22,4],[45,35],[18,4],[37,25],[66,35],[32,-68],[55,-60],[57,-100],[6,-24],[-25,-27],[337,103],[54,13],[59,20],[90,39],[62,13],[23,22],[11,33],[38,42],[81,40],[21,25],[36,7],[54,-27],[65,-41],[31,-3],[84,4],[45,13],[0,6],[82,-56],[20,-106],[-87,-28],[23,-69],[12,-23],[29,-88],[33,-65],[98,-138],[7,59],[-7,10],[-33,111],[18,9],[3,47],[18,35],[11,59],[78,129],[40,-17],[62,-14],[8,-21],[69,1],[25,23],[39,-123],[8,8],[64,-196],[24,-50],[-34,-48],[4,-39],[263,-77],[147,45],[85,67],[188,62],[239,19],[11,4],[86,87],[96,30],[37,15],[70,2],[92,50]],[[20859,71227],[172,53],[137,45],[102,42],[174,97],[50,30],[44,18],[285,28],[33,7],[14,13],[113,18],[71,153],[-2,12],[22,-1],[129,-58],[-9,123],[-62,57],[30,24],[11,-7],[57,55],[14,0],[10,16],[20,2],[52,28],[22,5],[27,18],[32,-9],[33,18],[18,17],[79,43],[18,25],[32,24],[44,4],[49,29],[18,2],[31,-15],[66,38],[102,47],[-1,9],[-24,1],[-3,29],[-19,28],[-41,7],[-20,-8],[-40,1],[16,26],[-9,64],[-13,-2],[-46,51],[-28,17],[-19,31],[9,26],[3,80],[40,-5],[-3,94],[43,3],[-11,49],[123,23],[-19,86],[-61,39],[71,94],[-11,8],[30,31],[-83,55],[17,40],[0,19],[-68,87],[-123,26],[37,57],[11,22],[-15,0],[-8,35],[-61,2],[-43,-51],[-92,-94],[-146,51],[-109,-10],[5,32],[-72,-6],[27,58],[-193,70],[-23,34],[-19,18],[-38,16],[5,15],[-55,50],[-260,98],[-225,144],[-533,234],[-582,373]],[[32096,85443],[83,-53],[29,-22],[63,-27],[64,-21],[37,-28],[61,-23],[20,34],[21,14],[9,31],[14,15],[41,22],[22,-7],[46,18],[58,165],[30,-21],[79,-30],[84,-37],[110,-20],[71,-6],[-22,-117],[137,-11],[8,-28],[35,-25],[20,-33],[6,-28],[-9,-49],[46,-24],[106,-26],[70,-20],[89,-49],[61,-39],[49,-10],[12,-14],[37,-17],[30,-21],[152,-33],[5,94],[7,58],[-66,122],[22,1],[77,-20],[32,32],[46,1],[-43,-40],[31,-9],[108,58],[93,-42],[8,-44],[119,29],[11,98],[58,-21],[-15,-78],[92,-18],[12,2],[3,-48],[87,-11],[7,33],[-59,7],[2,19],[29,-1],[62,-17],[1,15],[57,7],[58,-25],[226,-88],[80,-35],[116,-45],[65,24],[40,10],[44,-18],[19,-19],[26,-68],[13,5],[34,-62],[61,-21],[14,-9],[48,-49],[25,9],[24,-8],[70,8]],[[35614,84739],[-3,-50],[-76,9],[4,-70],[1,-64],[-5,-81],[-46,-177],[6,-11],[-4,-108],[11,-32],[-22,-14],[-53,-20],[-27,1],[-49,-35],[-28,-45],[-14,1],[-44,-44],[152,-65],[-13,-16],[-14,-92],[-54,33],[10,-105],[16,-17],[51,2],[25,-28],[21,-54],[-29,-28],[-7,-48],[24,-6],[19,-22],[16,27],[17,-13],[20,-4],[38,-41],[-30,-51],[-12,17],[-37,-12],[-5,-27],[14,-4],[5,-43],[9,-11],[2,-34],[-11,-25],[24,-54],[33,-8],[36,-1],[23,-15],[19,-40],[43,2],[26,16],[5,-10],[21,12],[26,-4],[18,8],[3,-18],[41,-7],[0,9],[38,45],[14,-3],[10,19],[10,-13],[35,-6],[1,11],[55,-9],[28,-11],[33,-31],[32,-1],[10,-18],[-13,-41],[29,-35],[9,-28],[18,-14],[42,-9],[71,0],[4,-26],[88,-4],[36,-31],[-2,37],[42,13],[45,30],[-11,17],[-8,64],[102,13],[71,18],[-29,38],[19,10],[-5,14],[-28,-5],[-60,79],[-2,14],[114,-33],[-2,20],[147,33],[6,-49],[41,-5],[14,-19],[45,-23],[25,-34],[17,-100],[46,-100],[33,-10],[-36,-31],[3,-15],[25,-34],[19,-16],[-10,-11],[-9,-51],[0,-25],[18,-20],[-1,-34],[32,-23],[5,-23]],[[35614,84739],[33,3],[33,-11],[43,10],[64,2],[46,5],[86,18],[3,39],[-49,43],[26,53],[-11,8],[7,50],[8,14],[26,13],[21,50],[-3,26],[-36,14],[-62,-45],[-12,38],[24,33],[-18,23],[11,17],[31,27],[15,35],[36,36],[22,-10],[23,-23],[4,8],[45,-20],[27,13],[18,-12],[11,15],[53,-10],[16,-42],[41,-22],[-11,-11],[22,-19],[14,-24],[28,6],[5,-18],[31,-24],[10,8],[41,-8],[27,85],[61,-34],[11,50],[-2,48],[-10,81],[69,6],[5,49]],[[36497,85332],[54,-22],[30,-34],[15,-25],[42,-30],[64,-26],[7,7],[38,-20],[48,30],[26,-1],[3,-24],[41,-6],[130,29],[-13,-51],[23,-36],[31,-25],[28,13],[31,-5],[16,28],[24,12],[19,-4],[9,20],[-4,15],[31,-19],[28,12],[33,-16],[36,-31],[36,-16],[36,-3],[43,15],[8,34],[54,10],[45,13],[-4,35],[12,1],[5,-34],[36,-14],[40,30],[15,44],[23,7],[9,23],[-2,43],[-14,30],[0,18],[41,-23],[15,-14],[54,-1],[1,49],[7,31],[31,23],[77,7],[6,-38],[22,-11],[4,15],[19,-10]],[[37906,85387],[17,-74],[51,-46],[-6,-65],[-32,-32],[-2,-37],[-20,-16],[7,-30],[-10,-12],[14,-35],[1,-53],[24,7],[4,-59],[-10,-25],[1,-29],[12,-31],[57,5],[121,-52],[5,-24],[-19,-33],[-5,-37],[-100,-41],[-30,-21],[-32,51],[-16,-3],[8,-27],[16,14],[22,-37],[-19,-29],[-37,-13],[-17,1],[-18,66],[-150,66],[-40,-71],[-32,-9],[1,-17],[-16,-4],[34,-121],[-21,-13],[-124,-15],[-53,-4],[-8,-27],[33,4],[6,-16],[-1,-37],[46,-14],[0,19],[47,7],[-1,-44],[-96,30],[-18,10],[-9,-27],[27,-39],[1,-57],[-1,-185],[27,11],[1,48],[22,-1],[1,-18],[25,-9],[2,-73],[11,-4],[-41,-48],[0,-35],[20,-4],[19,-18],[85,-25],[23,7],[50,-17],[33,2],[19,-17],[42,-10],[52,-26],[64,-22],[19,-12],[34,-10],[36,3],[181,60],[9,65],[27,37],[12,32],[-50,38],[-26,69],[-24,3],[-11,-18],[-83,15],[-34,14],[-99,16],[-48,-9],[8,9],[49,6],[32,-7],[41,52],[56,63],[59,14],[20,-1],[15,-20],[20,-2],[33,14],[6,-7],[39,1],[11,-10],[15,12]],[[37906,85387],[22,14],[-13,17],[4,54],[-46,5],[-4,8],[-56,34],[-28,5],[10,33],[16,0],[28,25],[4,13],[-38,9],[2,14],[-41,7],[4,17],[57,-9],[-19,38],[0,19],[-23,8],[10,31],[25,-8],[3,-11],[31,1],[17,-32],[50,10],[6,16],[-23,89],[20,2],[2,16],[-22,8],[7,43],[48,-6],[43,48],[56,-46],[23,30],[-17,83],[-20,43],[-27,31],[44,-20],[35,18],[16,-2],[39,14],[28,-1],[38,11],[15,18],[7,-9],[77,-43],[6,-17],[47,18],[12,18],[35,10],[-2,-7],[57,13],[-10,16],[28,10],[32,28],[-1,10],[28,23],[15,74],[-13,12],[-21,69],[-22,41],[10,36],[-7,37],[19,33],[55,34],[27,21],[23,-14],[18,7],[3,24],[13,32],[-13,13],[18,39],[26,21],[29,50],[24,17],[5,23],[-18,20],[-20,7],[7,34]],[[38726,86784],[17,-9],[131,-29],[50,-6],[68,-15],[61,-18],[83,2],[56,-9],[189,-51],[59,-13],[92,-14],[21,34],[30,-6],[1,22],[16,-2],[-6,-63],[38,-26],[36,-15],[18,-14],[37,-7],[14,-21],[77,7],[10,9],[22,-5],[13,9],[47,-4],[16,21],[51,14],[10,-27],[15,-8],[4,40],[-11,17],[32,28],[8,22],[24,11]],[[40055,86658],[37,10],[18,16],[32,11],[2,-44],[21,-6],[-2,-25],[52,-36],[14,5],[23,-7],[15,6],[29,-22],[24,-4],[-8,-29],[21,-8],[36,-3],[27,97],[33,-15],[7,-23],[-5,-38],[-8,-15],[20,-8],[-17,-39],[40,-1],[-2,-59],[39,-75],[27,-19],[-12,-15],[8,-11],[25,0],[25,-35]],[[33023,87452],[24,4],[90,34],[14,9],[18,28],[31,-5],[2,-35],[60,-43],[23,-9],[38,-44],[43,-133],[55,-41],[21,-35],[7,-58],[13,-48],[36,-88],[107,-85],[113,-39],[52,-44],[54,-14],[18,25],[51,6],[52,0],[27,10],[39,3],[51,11],[44,-18],[7,26],[54,-57],[21,16],[5,33],[32,-13],[16,129],[65,-25],[55,-15],[50,-26],[10,4],[52,101],[-2,20],[30,38],[34,59],[35,-18],[-7,-68],[20,-6],[10,60],[9,-6],[1,26],[-19,8],[-10,17],[42,48],[2,-41],[14,-8],[40,56],[120,-85],[-2,-41],[66,-21],[-8,-34],[2,-18],[40,-13],[-2,-46],[80,-26],[0,-28],[15,-1],[105,-29],[-10,-24],[-34,-42],[133,-45],[-10,-109],[0,-79],[6,-78],[21,15],[15,86],[91,-44],[37,190],[12,-3],[15,109],[32,116],[34,-1],[-16,19],[84,-32],[36,71],[26,108],[40,2],[10,-11],[13,13]],[[35623,87120],[20,-49],[49,-69],[23,-54],[-16,-6],[10,-14],[28,14],[10,-25],[45,-23],[6,-25],[23,-12],[3,-22],[48,-42],[5,-10],[38,-11],[-10,-27],[21,-20],[32,-14],[22,-72],[-14,-9],[13,-28],[-3,-42],[-27,-13],[25,-3],[-1,-29],[47,-36],[2,-35],[-20,-59],[-20,4],[-4,-18],[18,-8],[-13,-36],[21,2],[101,21],[9,-25],[-91,-16],[6,-30],[-66,-29],[-67,-34],[39,-75],[22,-9],[150,71],[28,-31],[22,-48],[51,11],[26,-34],[8,-56],[-7,-26],[2,-30],[-7,-14],[-4,-77],[14,-30],[-5,-37],[17,-59],[-48,-27],[-44,-13],[-10,5],[-19,-28],[-9,-54],[-28,-26],[-9,-32],[60,-17],[1,-40],[39,-34],[-22,-43],[-36,11],[-54,43],[-13,-30],[-19,-11],[-8,-32],[41,-30],[86,-34],[40,20],[19,0],[34,17],[44,-13],[24,-15],[36,3],[10,10],[32,-14],[31,-4],[39,-22],[28,-30]],[[16774,95780],[8016,8481]],[[24790,104261],[5230,-11261],[2116,-1783],[478,-628],[154,-60],[60,-26],[17,-1],[88,17],[110,8],[89,17],[22,11],[23,1],[12,-41],[47,-61],[43,-21],[55,-63],[26,3],[43,-17],[47,-4],[66,12],[52,-6],[13,67],[19,70],[4,44],[26,-10],[33,9],[7,-14],[37,7],[29,-8],[11,-22],[20,-3],[-1,29],[30,-1],[6,15],[35,-8],[-12,-59],[18,-2],[28,11],[51,-5],[1,19],[31,19],[27,-8],[8,-12],[2,26],[17,1],[1,-28],[20,3],[31,-24],[10,2],[-7,-28],[24,-6],[15,-18],[22,7],[23,-6],[-13,31],[27,11],[35,59],[34,-2],[16,-9],[20,7],[6,28],[28,-3],[7,-20],[20,0],[51,-17],[41,6],[-3,23],[29,-1],[-12,21],[35,12],[35,-12],[8,10],[19,-9],[23,8],[32,31],[27,12],[-26,41],[-15,8],[-50,5],[-17,14],[-11,27],[-34,27],[-31,5],[-8,30],[4,21],[-10,23],[19,26],[22,68],[23,32],[42,19],[27,-1],[24,34],[13,46],[17,22],[4,22],[16,33],[-4,62],[-21,44],[-4,26],[-15,14],[48,8],[0,43],[29,-4],[63,6],[22,22],[41,17],[48,25],[42,31],[36,5],[11,-37],[10,-80],[12,-52],[19,-63],[18,-38],[29,-86],[79,4],[1,-42],[53,11],[21,18],[-32,86],[28,4],[41,-9],[34,-29],[31,-18],[37,7],[27,-17],[12,-24],[16,-11],[29,-5],[20,-17],[41,19],[25,25],[54,26],[21,14],[69,-8],[13,14],[21,-3],[4,-14],[20,-4],[38,23],[13,19],[1,24],[32,15],[7,17],[20,7],[6,16],[51,20],[3,41],[15,41],[-13,66],[13,64],[0,27],[-13,1],[-18,35],[-21,25],[3,61],[23,37],[-28,28],[14,40],[50,62],[-35,28],[19,45],[-135,51],[7,26],[-6,41],[-11,190],[-21,221],[-7,164],[32,2],[-14,251],[387,725],[255,3296]],[[36337,96792],[498,-3676],[220,-346],[-5,-166],[-58,-24],[-9,-18],[-21,-10],[-23,2],[-16,-10],[2,-16],[26,-46],[-6,-19],[3,-31],[-22,-19],[0,-23],[37,-10],[0,-23],[26,-24],[3,-50],[172,-165],[8,-18],[35,-7],[203,-115],[101,-12],[-5,-27],[48,-20],[-27,-54],[-47,24],[-25,-42],[-20,9],[-30,-50],[-21,12],[-59,-97],[-66,38],[12,-11],[-14,-23],[-49,-66],[-8,18],[-33,1],[-23,9],[-3,25],[-22,-10],[-5,26],[-27,-14],[5,-36],[13,-22],[31,-17],[-4,-47],[-22,-27],[-15,2],[-9,-18],[-22,-12],[-4,-27],[3,-36],[10,-5],[-4,-44],[9,-41],[19,-50],[14,3],[0,-21],[40,-41],[24,-39],[12,-28],[5,-46],[14,-3],[-11,-21],[13,-31],[0,-22],[-17,-10],[-3,-47],[13,-40],[21,-17],[-9,-69],[1,-43]],[[37214,90859],[-54,-8],[-22,-15],[-65,-62],[-74,-40],[-4,-10],[-51,-31],[-7,-22],[2,-35],[10,-7],[-15,-36],[-12,5],[-20,-42],[-4,-42],[15,-25],[-7,-39],[15,-41],[-13,-12],[1,-27],[-18,-40],[3,-17],[21,-16],[10,-41],[-4,-14],[34,-102],[-9,-57],[5,-17],[-36,-5],[1,-37],[15,-38],[45,24],[26,30],[80,-112],[21,-55],[-103,-20],[24,-14],[1,-30],[-19,-11],[20,-5],[-30,-60],[15,-10],[-29,-22],[20,-27],[-14,-54],[3,-16],[-47,1],[-4,-13],[14,-9],[42,6],[7,-100],[-49,8],[-29,-70],[-7,0],[-17,-33],[-1,-31],[56,-7],[3,-14],[-12,-36],[-4,-74],[39,-3],[31,-13],[-34,-90],[18,-4],[92,-55],[12,-16],[-1,-42],[-8,-26],[0,-26],[-17,-37],[32,15],[38,-8],[77,65],[1,-6],[54,-11],[-18,-13],[-7,-53],[-46,6],[-9,-7],[-27,-98],[20,-3],[37,11],[-2,5],[96,39],[9,-26],[21,8],[30,2],[5,-22],[68,11],[1,26],[16,-7],[5,-68],[-33,3],[-14,-73],[-10,0],[-53,-34],[-28,-77],[29,-35],[4,-19],[17,-7],[-21,-22],[-25,-35],[-54,-27],[72,-77],[17,5],[-5,-16],[12,-32],[22,-10],[15,-22],[0,-25],[-15,-16],[-21,-71],[-29,-56],[-76,3],[-1,-13],[-36,1],[-47,12],[-40,-9],[12,-13],[1,-20],[29,-28],[-1,-9],[-37,-4],[6,-17],[-13,-1],[-9,-28],[20,-5],[15,-19],[3,-24],[-33,-15],[-2,-48],[30,-15],[-39,-92],[22,-4]],[[37160,87792],[-14,-32],[-25,-31],[-20,-10],[-38,-7],[-33,18],[-48,17],[-22,-1],[-27,-28],[3,-28],[-9,-19],[-42,-23],[-27,-35],[-34,-32],[-51,14],[-65,48],[-70,5],[-5,26],[-38,26],[0,21],[-28,26],[1,-16],[-30,-6],[8,-26],[-37,-8],[-79,241],[-20,1],[-19,26],[-12,-10],[-17,8],[-15,-17],[-13,-38],[4,-54],[18,-51],[21,-19],[13,-39],[-28,-31],[3,-21],[48,-16],[11,-25],[-52,-63],[-112,-4],[-71,18],[-136,4],[-50,10],[-7,-47],[25,0],[31,-65],[-21,-12],[8,-83],[-25,-5],[-18,21],[-20,-127],[-60,1],[0,-15],[-184,-1],[-78,2],[0,-17],[-76,3],[-6,-19],[16,-5],[-14,-28],[8,-12],[-17,-6],[1,-16],[49,-30],[26,-3],[-6,-15],[-16,4],[4,-16]],[[37160,87792],[4,9],[113,-21],[2,19],[43,-12],[73,-16],[0,-47],[16,7],[67,2],[4,74],[50,-8],[-4,-65],[13,-1],[40,11],[49,-2],[22,-9],[-24,-31],[-13,-45],[-57,-37],[5,-25],[21,-18],[18,-29],[10,-55],[36,1],[-6,49],[6,32],[3,59],[21,-3],[13,25],[37,30],[3,20],[11,0],[-12,-31],[13,-4],[41,-74],[60,29],[-12,-31],[48,14],[7,-37],[115,-22],[-1,13],[20,30],[5,23],[37,31],[11,-29],[42,-23],[19,-46],[16,-18],[87,-25],[8,-17],[58,-33],[4,-39],[11,-5],[26,-43],[17,-14],[55,-16],[25,-33],[35,-24],[12,-27],[-3,-22],[-11,-10],[10,-39],[-22,-83],[57,-18],[50,9],[51,-15],[-3,34],[16,13],[79,-9],[-21,-19],[13,-25],[21,-21],[11,-24],[-12,-27],[5,-51],[18,-26],[13,-70],[-19,-36],[-10,-32]],[[24790,104261],[540,409],[9353,0]],[[34683,104670],[-92,-1192],[408,-1179],[853,-2615],[13,-40]],[[35865,99644],[81,-513],[337,-1342]],[[36283,97789],[37,-458],[17,-539]],[[37214,90859],[1,-62],[21,-59],[-31,-47],[-1,-39],[13,-7],[125,-101],[28,7],[10,17],[5,31],[25,34],[42,25],[14,-27],[22,-8],[30,-60],[51,-1],[11,22],[25,-41],[-8,-17],[-28,-1],[-1,-47],[57,33],[66,-92],[4,-15],[10,36],[66,-19],[3,4],[98,-28],[17,-26],[-9,-54],[139,-41],[4,35],[-6,29],[5,71],[8,20],[50,0],[0,39],[92,-9],[102,-52],[48,-27],[34,36],[12,57],[19,11],[22,-2],[41,-21],[23,4],[64,-7],[60,1],[20,-12],[20,4],[33,34],[21,6],[16,29],[33,9],[21,25],[-12,64],[35,51],[14,1],[6,41],[-33,10],[-7,15],[-20,5],[-37,32],[16,23],[30,-3],[54,-17],[16,-13],[21,28],[62,122],[88,92],[52,77],[40,-56],[56,24],[5,12],[-33,26],[-37,39],[29,21],[354,265],[264,180],[128,86],[33,15]],[[39885,91696],[10,-31],[19,6],[-10,36],[67,-4],[16,-45],[-46,21],[18,-81],[-27,-6],[36,-102],[14,-28],[17,-10],[32,-47],[17,-34],[1,-30],[-22,-3],[8,-30],[-3,-19],[18,7],[14,-36],[45,-29],[33,-45],[12,-30],[37,-45],[38,-19],[5,-12],[26,-19],[12,-33],[-8,-17],[0,-36],[9,-20],[28,-13],[6,-35],[47,-19],[24,-52],[19,1],[12,-29],[19,-8],[27,92]],[[40455,90892],[112,-150],[105,-138],[90,-121],[-48,-39],[21,-21],[18,-3],[35,-35],[16,-25],[22,-13],[5,-22],[32,-22],[33,-7]],[[40896,90296],[-12,-36],[-21,-28],[-44,-4],[-13,3],[-29,36],[-19,-9],[-19,6],[-21,-14],[32,-40],[26,-48],[43,-24],[-8,-14],[-53,-61],[60,-10],[-30,-48],[20,-11],[-43,-33],[20,-22],[42,-22],[-28,-32],[28,-22],[27,30],[59,-53],[19,-13],[65,-8],[71,-36],[22,35],[46,-41],[-52,-170],[25,-15],[-30,-121],[-16,5],[-9,-76],[39,-18],[43,-6],[-26,-37],[-31,4],[-2,-12],[-32,-2],[1,13],[-27,11],[-21,-18],[-7,19],[-47,3],[-21,-19],[-17,4],[-31,-21],[-22,-2],[-40,-24],[-25,-8],[-17,-25],[2,-27],[-9,-7],[5,-21],[-15,-7],[17,-22],[-6,-15],[16,-13],[-16,-12],[13,-9],[-11,-14],[11,-28],[-18,-3],[14,-14],[-8,-21],[16,-3],[-6,-22],[9,-15],[-5,-20],[-16,-2],[4,-15],[-28,3],[4,-26],[-21,-20],[-16,6],[3,-17],[-19,-1],[10,-32],[-24,1],[3,-26],[-12,-7],[-1,-37],[9,-44],[-13,-16],[-44,-3],[-42,18],[-41,-2],[-40,14],[-24,2],[-40,-25],[-22,6],[-35,-14],[-5,15],[-16,-3],[2,-18],[-24,-15],[-16,44],[-45,-1],[-1,-7],[-52,27],[-12,-25],[-7,-48],[1,-31],[-21,-3],[-23,-22],[9,-10],[-12,-31],[-34,3],[-13,11],[-30,-29],[-42,6],[-30,16],[-24,24],[-30,14],[-31,-40],[-35,-10],[1,-13],[-18,-13],[12,-28],[3,-25],[12,-16],[5,-41],[10,-27],[-9,-44],[7,-18],[-16,-22],[-25,-7],[-7,-14],[-45,-31],[-15,-1],[3,-25],[19,3],[4,-24],[-6,-26],[-17,-36],[-45,7],[11,-25],[-33,-46],[-24,-88],[-15,-16],[-33,-18],[13,-27],[-8,-14],[34,-13],[3,8],[84,-41],[35,-49],[90,-18],[45,19],[24,3],[-7,55],[45,-15],[10,-51],[12,1],[73,30],[1,-53],[-19,-1],[-3,-50],[-14,-4],[20,-15],[13,-26],[-60,-28],[10,-52],[16,-38],[-20,-14],[-10,-25],[1,-29],[11,-18],[-17,-20],[34,-14],[69,8],[38,60],[25,-23],[28,-10],[35,-4],[8,-10],[-8,-23],[12,-14],[-36,-2],[-21,7],[-19,-41],[2,-22],[-39,-16],[-22,9],[18,-27],[-16,-4],[-12,-20],[-13,-52],[15,-7],[-9,-13],[8,-15],[-14,-13],[-9,-30],[17,-31],[-16,-5],[37,-29],[-8,-10],[18,-10],[-1,-17],[-38,-4],[-20,-22],[-14,0],[-12,-25],[-17,-6],[-24,-26],[-17,17],[-39,-4],[-13,9],[-9,-22],[3,-25],[-1,-198],[1,-55],[-80,-21],[1,-107],[33,-8],[29,2],[16,11],[11,-13],[29,2],[36,11],[14,-20]],[[36283,97789],[760,-1535],[1034,-1613],[579,-714],[571,-363],[31,-80],[20,-39],[19,-50],[6,-3],[-21,-40],[30,-57],[-35,-161],[115,-14],[36,21],[-16,-50],[23,-7],[7,24],[-4,38],[123,72],[72,-80],[8,-1],[94,62],[-10,59],[-43,70],[358,-37],[190,-22],[19,-4],[-6,-11],[36,-19],[-12,-39],[4,-25],[-6,-38],[3,-25],[16,-30],[0,-29],[-15,-74],[-16,-47],[-12,-4],[-170,-505],[-54,-152],[3,-41],[-3,-51],[6,-63],[-9,-11],[-20,-108],[-5,-13],[-9,-86],[-25,-25],[-35,-10],[-12,-34],[-33,-51],[7,-36],[-6,-21],[9,-21]],[[40896,90296],[26,11],[29,-19],[1,20],[20,3],[77,-4],[157,37],[171,45],[46,3],[103,-113],[31,-2],[26,-28],[-30,-8],[58,-54],[-39,-16],[26,-18],[146,61],[14,-33],[-126,-52],[242,-173]],[[41874,89956],[9,-7],[-21,-28],[98,-67],[-8,-19],[53,-28],[30,13],[10,28],[145,-66],[-19,-33],[84,-34],[-10,-15],[17,-4],[23,32],[17,5],[70,5],[-12,54],[22,-1],[7,-31],[42,25],[15,-11],[96,-121],[25,-8],[7,-37],[22,-35],[36,-35],[93,-71],[43,13],[29,128],[30,23],[14,28],[63,24],[34,4],[97,19],[100,74],[151,33],[102,19],[532,147],[46,24],[36,417],[84,606],[33,231],[59,216],[108,378],[37,117]],[[44323,91968],[89,240],[59,139],[57,84]],[[44528,92431],[48,45],[40,31],[283,182],[104,57]],[[45003,92746],[227,100],[249,111],[138,60],[460,157],[827,51],[798,29],[1078,45],[2951,-43]],[[51731,93256],[-3542,-4358],[-242,-266],[-1284,-1431],[-258,-541],[-67,-149]],[[51731,93256],[54,22],[2519,981],[114,62]],[[54418,94321],[3024,-5711],[4736,-10510]],[[41874,89956],[99,92],[23,-15],[6,-31],[39,-18],[32,21],[41,-28],[20,31],[71,-47],[-13,16],[50,56],[11,-9],[20,25],[41,-29],[20,17],[39,-25],[9,20],[1,28],[-37,29],[-50,28],[75,25],[-106,89],[-23,27],[28,19],[10,-10],[16,12],[59,-63],[34,27],[-6,25],[35,33],[-7,13],[54,45],[-13,13],[123,103],[32,45],[139,166],[1577,1282]],[[40455,90892],[68,233],[46,151],[27,68],[81,116],[63,77],[123,166],[146,177],[27,47],[27,35],[30,10],[21,-44],[6,-32],[16,-10],[-2,-23],[30,-58],[36,10],[16,16],[-29,132],[131,54],[33,10],[-19,66],[35,25],[34,15],[58,3],[25,15],[52,5],[3,-75],[55,11],[10,-54],[151,25],[56,31],[1432,240],[391,78],[301,2],[441,7],[152,10]],[[35865,99644],[154,-200],[3029,-4231],[215,-240],[1122,-614],[270,-6],[282,-29],[833,-96],[300,-27],[170,-14],[56,102],[4,26],[-10,143],[0,53],[-5,41],[9,79],[266,-61],[878,-824],[1565,-1000]],[[34683,104670],[12275,0],[4807,-5395],[2653,-4954]]],"transform":{"scale":[0.00006174059073397214,0.00003439380911435943],"translate":[7.85,54.4]},"objects":{"dk_post":{"type":"GeometryCollection","geometries":[{"arcs":[[0,1,2,3,4,5,6,7,8,9,10,11,12,13]],"type":"Polygon","properties":{"nr":"1050","navn":"København K","visueltcenter_x":12.58600133,"visueltcenter_y":55.68065246}},{"arcs":[[-7,14,15,16,17,18,19,20,21,22]],"type":"Polygon","properties":{"nr":"1051","navn":"København K","visueltcenter_x":12.59022696,"visueltcenter_y":55.6798377}},{"arcs":[[[-20,23,24,25]],[[-22,26,27,28]]],"type":"MultiPolygon","properties":{"nr":"1052","navn":"København K","visueltcenter_x":12.58954953,"visueltcenter_y":55.67906706}},{"arcs":[[-25,29,30]],"type":"Polygon","properties":{"nr":"1053","navn":"København K","visueltcenter_x":12.59073024,"visueltcenter_y":55.67798554}},{"arcs":[[[31,32,33]],[[-28,34,35,36]]],"type":"MultiPolygon","properties":{"nr":"1054","navn":"København K","visueltcenter_x":12.58906639,"visueltcenter_y":55.67763459}},{"arcs":[[[-33,37,38,39]],[[-9,40,-36,41,42]]],"type":"MultiPolygon","properties":{"nr":"1055","navn":"København K","visueltcenter_x":12.58807383,"visueltcenter_y":55.67723256}},{"arcs":[[-8,-23,-29,-37,-41]],"type":"Polygon","properties":{"nr":"1056","navn":"København K","visueltcenter_x":12.58793902,"visueltcenter_y":55.67946993}},{"arcs":[[-21,-26,-31,43,-34,-40,44,45,-42,-35,-27]],"type":"Polygon","properties":{"nr":"1057","navn":"København K","visueltcenter_x":12.58959143,"visueltcenter_y":55.67833309}},{"arcs":[[-19,46,47,48,49,50,51,52,53,-38,-32,-44,-30,-24]],"type":"Polygon","properties":{"nr":"1058","navn":"København K","visueltcenter_x":12.58792693,"visueltcenter_y":55.67595336}},{"arcs":[[-39,-54,54,-45]],"type":"Polygon","properties":{"nr":"1059","navn":"København K","visueltcenter_x":12.58672365,"visueltcenter_y":55.67675239}},{"arcs":[[-10,-43,-46,-55,-53,55,56,57,58,59,60,61,62,63]],"type":"Polygon","properties":{"nr":"1060","navn":"København K","visueltcenter_x":12.5837984,"visueltcenter_y":55.67651434}},{"arcs":[[-59,64,65,66,67,68,69,70]],"type":"Polygon","properties":{"nr":"1061","navn":"København K","visueltcenter_x":12.5810871,"visueltcenter_y":55.67749602}},{"arcs":[[-70,71,72,73]],"type":"Polygon","properties":{"nr":"1062","navn":"København K","visueltcenter_x":12.5820684,"visueltcenter_y":55.67745504}},{"arcs":[[-63,74,75,76,-73,77,78,79,80,81,82,83,84]],"type":"Polygon","properties":{"nr":"1063","navn":"København K","visueltcenter_x":12.58481601,"visueltcenter_y":55.67812648}},{"arcs":[[-84,85,86]],"type":"Polygon","properties":{"nr":"1064","navn":"København K","visueltcenter_x":12.58421619,"visueltcenter_y":55.67855701}},{"arcs":[[-68,87,88,89]],"type":"Polygon","properties":{"nr":"1065","navn":"København K","visueltcenter_x":12.58120927,"visueltcenter_y":55.67792419}},{"arcs":[[[-60,-71,-74,-77,90]],[[-69,-90,91,92,93,-78,-72]]],"type":"MultiPolygon","properties":{"nr":"1066","navn":"København K","visueltcenter_x":12.58283658,"visueltcenter_y":55.67738024}},{"arcs":[[-89,94,95,96,97,98,99,100,101,102,-92]],"type":"Polygon","properties":{"nr":"1067","navn":"København K","visueltcenter_x":12.58180816,"visueltcenter_y":55.67872776}},{"arcs":[[[-61,-91,-76]],[[-80,103,-93,-103,104,105,106]]],"type":"MultiPolygon","properties":{"nr":"1068","navn":"København K","visueltcenter_x":12.58355191,"visueltcenter_y":55.67746813}},{"arcs":[[[-82,107,-106,108,109]],[[-101,110,111]],[[112,113,114]]],"type":"MultiPolygon","properties":{"nr":"1069","navn":"København K","visueltcenter_x":12.58417532,"visueltcenter_y":55.67777633}},{"arcs":[[-11,-64,-85,-87,115,-109,-105,-102,-112,116]],"type":"Polygon","properties":{"nr":"1070","navn":"København K","visueltcenter_x":12.58352498,"visueltcenter_y":55.67881568}},{"arcs":[[[-79,-94,-104]],[[-81,-107,-108]],[[-83,-110,-116,-86]]],"type":"MultiPolygon","properties":{"nr":"1071","navn":"København K","visueltcenter_x":12.58375053,"visueltcenter_y":55.67826694}},{"arcs":[[-96,117]],"type":"Polygon","properties":{"nr":"1072","navn":"København K","visueltcenter_x":12.58065996,"visueltcenter_y":55.67845615}},{"arcs":[[-97,118,119]],"type":"Polygon","properties":{"nr":"1073","navn":"København K","visueltcenter_x":12.58060115,"visueltcenter_y":55.67878677}},{"arcs":[[-12,-117,-111,-100,120,-114,121,122]],"type":"Polygon","properties":{"nr":"1074","navn":"København K","visueltcenter_x":12.5835962,"visueltcenter_y":55.67941235}},{"arcs":[[[-99,123,124,125,126,127,-122,-113,-115,-121]],[[-98,-120,128,129,130,131,132]],[[-13,-123,133,134]]],"type":"MultiPolygon","properties":{"nr":"1100","navn":"København K","visueltcenter_x":12.58283276,"visueltcenter_y":55.67989336}},{"arcs":[[-128,135,136,137,138,139,140,141,142,143,-134]],"type":"Polygon","properties":{"nr":"1101","navn":"København K","visueltcenter_x":12.5831775,"visueltcenter_y":55.68044771}},{"arcs":[[-127,144,-136]],"type":"Polygon","properties":{"nr":"1102","navn":"København K","visueltcenter_x":12.58279789,"visueltcenter_y":55.68084435}},{"arcs":[[-14,-135,-144,145]],"type":"Polygon","properties":{"nr":"1103","navn":"København K","visueltcenter_x":12.58412972,"visueltcenter_y":55.68076455}},{"arcs":[[-1,-146,-143,146,147]],"type":"Polygon","properties":{"nr":"1104","navn":"København K","visueltcenter_x":12.58393567,"visueltcenter_y":55.68124172}},{"arcs":[[-125,148,149,150,151]],"type":"Polygon","properties":{"nr":"1105","navn":"København K","visueltcenter_x":12.58212355,"visueltcenter_y":55.68003329}},{"arcs":[[-150,152,153]],"type":"Polygon","properties":{"nr":"1106","navn":"København K","visueltcenter_x":12.58120094,"visueltcenter_y":55.68045276}},{"arcs":[[[-126,-152,154,155,-137,-145]],[[-142,156,157,-147]]],"type":"MultiPolygon","properties":{"nr":"1107","navn":"København K","visueltcenter_x":12.58319268,"visueltcenter_y":55.68161934}},{"arcs":[[[-138,-156,158,159]],[[-141,160,-157]]],"type":"MultiPolygon","properties":{"nr":"1110","navn":"København K","visueltcenter_x":12.5818153,"visueltcenter_y":55.68146481}},{"arcs":[[-139,-160,161,162,163]],"type":"Polygon","properties":{"nr":"1111","navn":"København K","visueltcenter_x":12.58080608,"visueltcenter_y":55.68219996}},{"arcs":[[[-124,-133,164,165,166,167,168,169,170,-153,-149]],[[171,172,173,174,175]]],"type":"MultiPolygon","properties":{"nr":"1112","navn":"København K","visueltcenter_x":12.57974966,"visueltcenter_y":55.68123981}},{"arcs":[[-132,176,177,-165]],"type":"Polygon","properties":{"nr":"1113","navn":"København K","visueltcenter_x":12.58017369,"visueltcenter_y":55.68001592}},{"arcs":[[-166,-178,178,179]],"type":"Polygon","properties":{"nr":"1114","navn":"København K","visueltcenter_x":12.57891556,"visueltcenter_y":55.68069802}},{"arcs":[[-167,-180,180,-175,181]],"type":"Polygon","properties":{"nr":"1115","navn":"København K","visueltcenter_x":12.5782846,"visueltcenter_y":55.68103123}},{"arcs":[[[-163,182,183,184,185]],[[-168,-182,-174,186,187]]],"type":"MultiPolygon","properties":{"nr":"1116","navn":"København K","visueltcenter_x":12.58005882,"visueltcenter_y":55.68222456}},{"arcs":[[-151,-154,-171,188,-169,-188,189,-183,-162,-159,-155]],"type":"Polygon","properties":{"nr":"1117","navn":"København K","visueltcenter_x":12.58157142,"visueltcenter_y":55.6810324}},{"arcs":[[-170,-189]],"type":"Polygon","properties":{"nr":"1118","navn":"København K","visueltcenter_x":12.58080964,"visueltcenter_y":55.68104247}},{"arcs":[[[-172,190,191,192,193]],[[194,195,196]]],"type":"MultiPolygon","properties":{"nr":"1119","navn":"København K","visueltcenter_x":12.57714609,"visueltcenter_y":55.6823894}},{"arcs":[[-173,-194,197,-197,198,199,200,201,-184,-190,-187]],"type":"Polygon","properties":{"nr":"1120","navn":"København K","visueltcenter_x":12.57870875,"visueltcenter_y":55.68236562}},{"arcs":[[-200,202]],"type":"Polygon","properties":{"nr":"1121","navn":"København K","visueltcenter_x":12.57891573,"visueltcenter_y":55.68277836}},{"arcs":[[-185,-202,203]],"type":"Polygon","properties":{"nr":"1122","navn":"København K","visueltcenter_x":12.57978841,"visueltcenter_y":55.68253368}},{"arcs":[[[-2,-148,-158,-161,-140,-164,-186,-204,-201,-203,-199,-196,204,205,206,207,208,209,210,211,212]],[[213,214,215,216,217,218,219,220,221,222,223,224]]],"type":"MultiPolygon","properties":{"nr":"1123","navn":"København K","visueltcenter_x":12.57745579,"visueltcenter_y":55.68426232}},{"arcs":[[-193,225,226,227,228,-205,-195,-198]],"type":"Polygon","properties":{"nr":"1124","navn":"København K","visueltcenter_x":12.57689183,"visueltcenter_y":55.68303024}},{"arcs":[[-192,229,230,231,-226]],"type":"Polygon","properties":{"nr":"1125","navn":"København K","visueltcenter_x":12.5763264,"visueltcenter_y":55.6824351}},{"arcs":[[-231,232,233,234]],"type":"Polygon","properties":{"nr":"1126","navn":"København K","visueltcenter_x":12.57516001,"visueltcenter_y":55.68230152}},{"arcs":[[-227,-232,-235,235,236,237]],"type":"Polygon","properties":{"nr":"1127","navn":"København K","visueltcenter_x":12.57557089,"visueltcenter_y":55.68291443}},{"arcs":[[-237,238,239]],"type":"Polygon","properties":{"nr":"1128","navn":"København K","visueltcenter_x":12.57473787,"visueltcenter_y":55.68282201}},{"arcs":[[-228,-238,-240,240,241,242]],"type":"Polygon","properties":{"nr":"1129","navn":"København K","visueltcenter_x":12.57433901,"visueltcenter_y":55.68317382}},{"arcs":[[-206,-229,-243,243,244,245,246]],"type":"Polygon","properties":{"nr":"1130","navn":"København K","visueltcenter_x":12.57364349,"visueltcenter_y":55.68337542}},{"arcs":[[-246,247]],"type":"Polygon","properties":{"nr":"1131","navn":"København K","visueltcenter_x":12.5738097,"visueltcenter_y":55.68385549}},{"arcs":[[-131,248,249,250,251,252,253,254,255,-233,-230,-191,-176,-181,-179,-177]],"type":"Polygon","properties":{"nr":"1150","navn":"København K","visueltcenter_x":12.57713782,"visueltcenter_y":55.68116195}},{"arcs":[[[256,257,258,259]],[[-250,260,261,262]]],"type":"MultiPolygon","properties":{"nr":"1151","navn":"København K","visueltcenter_x":12.57640167,"visueltcenter_y":55.67925834}},{"arcs":[[-251,-263,263,264,265,266]],"type":"Polygon","properties":{"nr":"1152","navn":"København K","visueltcenter_x":12.57705358,"visueltcenter_y":55.68037643}},{"arcs":[[[-260,267,-264,-262,268]],[[-266,269,270,271]]],"type":"MultiPolygon","properties":{"nr":"1153","navn":"København K","visueltcenter_x":12.57741313,"visueltcenter_y":55.67913736}},{"arcs":[[-259,272,273,274,275,276,-270,-265,-268]],"type":"Polygon","properties":{"nr":"1154","navn":"København K","visueltcenter_x":12.5758435,"visueltcenter_y":55.67961793}},{"arcs":[[-271,-277,277]],"type":"Polygon","properties":{"nr":"1155","navn":"København K","visueltcenter_x":12.57544104,"visueltcenter_y":55.68007367}},{"arcs":[[-274,278]],"type":"Polygon","properties":{"nr":"1156","navn":"København K","visueltcenter_x":12.57530761,"visueltcenter_y":55.67957221}},{"arcs":[[-258,279,280,281,-275,-279,-273]],"type":"Polygon","properties":{"nr":"1157","navn":"København K","visueltcenter_x":12.57544281,"visueltcenter_y":55.67907168}},{"arcs":[[282,283,284]],"type":"Polygon","properties":{"nr":"1158","navn":"København K","visueltcenter_x":12.57361214,"visueltcenter_y":55.67861951}},{"arcs":[[-252,-267,-272,-278,-276,-282,285,286,287,-284,288,289,290,291,292,293,294,295]],"type":"Polygon","properties":{"nr":"1159","navn":"København K","visueltcenter_x":12.57608635,"visueltcenter_y":55.68077513}},{"arcs":[[-130,296,297,298,299,-280,-257,-269,-261,-249]],"type":"Polygon","properties":{"nr":"1160","navn":"København K","visueltcenter_x":12.57872573,"visueltcenter_y":55.67891577}},{"arcs":[[-281,-300,300,301,302,303,304,-285,-288,305,-286]],"type":"Polygon","properties":{"nr":"1161","navn":"København K","visueltcenter_x":12.57562704,"visueltcenter_y":55.67849122}},{"arcs":[[-287,-306]],"type":"Polygon","properties":{"nr":"1162","navn":"København K","visueltcenter_x":12.57424006,"visueltcenter_y":55.67892784}},{"arcs":[[-283,-305,306,307,308,-289]],"type":"Polygon","properties":{"nr":"1164","navn":"København K","visueltcenter_x":12.57338344,"visueltcenter_y":55.67826381}},{"arcs":[[-291,309,310,311,312,313,314,315,316,317,318,319,320,321]],"type":"Polygon","properties":{"nr":"1165","navn":"København K","visueltcenter_x":12.57068192,"visueltcenter_y":55.68076308}},{"arcs":[[-292,-322,322]],"type":"Polygon","properties":{"nr":"1166","navn":"København K","visueltcenter_x":12.57281215,"visueltcenter_y":55.67899335}},{"arcs":[[-313,323]],"type":"Polygon","properties":{"nr":"1167","navn":"København K","visueltcenter_x":12.57155172,"visueltcenter_y":55.6791299}},{"arcs":[[-320,324,325]],"type":"Polygon","properties":{"nr":"1168","navn":"København K","visueltcenter_x":12.57235905,"visueltcenter_y":55.67990118}},{"arcs":[[-253,-296,326,-294,327,328]],"type":"Polygon","properties":{"nr":"1169","navn":"København K","visueltcenter_x":12.57454621,"visueltcenter_y":55.680565}},{"arcs":[[-295,-327]],"type":"Polygon","properties":{"nr":"1170","navn":"København K","visueltcenter_x":12.57446263,"visueltcenter_y":55.68008905}},{"arcs":[[-293,-323,-321,-326,329,-318,330,331,332,333,-328]],"type":"Polygon","properties":{"nr":"1171","navn":"København K","visueltcenter_x":12.57230844,"visueltcenter_y":55.68176293}},{"arcs":[[[-254,-329,-334,334]],[[-319,-330,-325]]],"type":"MultiPolygon","properties":{"nr":"1172","navn":"København K","visueltcenter_x":12.5736165,"visueltcenter_y":55.68095745}},{"arcs":[[-255,-335,-333,335,336]],"type":"Polygon","properties":{"nr":"1173","navn":"København K","visueltcenter_x":12.57365135,"visueltcenter_y":55.68174413}},{"arcs":[[-332,337,338,339,-336]],"type":"Polygon","properties":{"nr":"1174","navn":"København K","visueltcenter_x":12.5724811,"visueltcenter_y":55.68241134}},{"arcs":[[-234,-256,-337,-340,340,-241,-239,-236]],"type":"Polygon","properties":{"nr":"1175","navn":"København K","visueltcenter_x":12.57414508,"visueltcenter_y":55.68255536}},{"arcs":[[-67,341,342,-297,-129,-119,-118,-95,-88]],"type":"Polygon","properties":{"nr":"1200","navn":"København K","visueltcenter_x":12.5798222,"visueltcenter_y":55.67820341}},{"arcs":[[-298,-343,343,344,345,346]],"type":"Polygon","properties":{"nr":"1201","navn":"København K","visueltcenter_x":12.57787668,"visueltcenter_y":55.67813397}},{"arcs":[[-66,347,348,349,350,351,-344,-342]],"type":"Polygon","properties":{"nr":"1202","navn":"København K","visueltcenter_x":12.57894282,"visueltcenter_y":55.6777881}},{"arcs":[[-350,352,353,354,355,356,357,358,359]],"type":"Polygon","properties":{"nr":"1203","navn":"København K","visueltcenter_x":12.57680004,"visueltcenter_y":55.6765462}},{"arcs":[[-358,360,361,362,363]],"type":"Polygon","properties":{"nr":"1204","navn":"København K","visueltcenter_x":12.57548042,"visueltcenter_y":55.67653214}},{"arcs":[[-351,-360,364,365,366]],"type":"Polygon","properties":{"nr":"1205","navn":"København K","visueltcenter_x":12.57678089,"visueltcenter_y":55.67723642}},{"arcs":[[-345,-352,-367,367]],"type":"Polygon","properties":{"nr":"1206","navn":"København K","visueltcenter_x":12.57706457,"visueltcenter_y":55.67754793}},{"arcs":[[-299,-347,368,-301]],"type":"Polygon","properties":{"nr":"1207","navn":"København K","visueltcenter_x":12.57661838,"visueltcenter_y":55.67810969}},{"arcs":[[[-302,-369,-346,-368,-366,369,-363,370,371,372,373]],[[374,375,376,377,378,379]]],"type":"MultiPolygon","properties":{"nr":"1208","navn":"København K","visueltcenter_x":12.57500757,"visueltcenter_y":55.6769724}},{"arcs":[[-303,-374,380]],"type":"Polygon","properties":{"nr":"1209","navn":"København K","visueltcenter_x":12.57572903,"visueltcenter_y":55.67789078}},{"arcs":[[[-359,-364,-370,-365]],[[-304,-381,-373,381,382,-307]]],"type":"MultiPolygon","properties":{"nr":"1210","navn":"København K","visueltcenter_x":12.57425967,"visueltcenter_y":55.67809804}},{"arcs":[[-372,383,384,-382]],"type":"Polygon","properties":{"nr":"1211","navn":"København K","visueltcenter_x":12.57421763,"visueltcenter_y":55.67751052}},{"arcs":[[-349,385,386,-353]],"type":"Polygon","properties":{"nr":"1212","navn":"København K","visueltcenter_x":12.57874486,"visueltcenter_y":55.6770308}},{"arcs":[[-354,-387,387]],"type":"Polygon","properties":{"nr":"1213","navn":"København K","visueltcenter_x":12.57779783,"visueltcenter_y":55.67665117}},{"arcs":[[388,389,390,391,392]],"type":"Polygon","properties":{"nr":"1214","navn":"København K","visueltcenter_x":12.57975543,"visueltcenter_y":55.67457161}},{"arcs":[[[-52,393,394,395,-56]],[[-58,396,397]]],"type":"MultiPolygon","properties":{"nr":"1215","navn":"København K","visueltcenter_x":12.58576691,"visueltcenter_y":55.67544188}},{"arcs":[[-57,-396,398,399,400,401,402,403,-397]],"type":"Polygon","properties":{"nr":"1216","navn":"København K","visueltcenter_x":12.58304021,"visueltcenter_y":55.67524053}},{"arcs":[[-65,-398,-404,404,-391,405,406,407,-355,-388,-386,-348]],"type":"Polygon","properties":{"nr":"1218","navn":"København K","visueltcenter_x":12.58039426,"visueltcenter_y":55.67606465}},{"arcs":[[[-392,-405,-403,408,409,410]],[[411,412,413,414,415,416,417,418]],[[-395,419,420,-399]]],"type":"MultiPolygon","properties":{"nr":"1219","navn":"København K","visueltcenter_x":12.58340336,"visueltcenter_y":55.67370675}},{"arcs":[[[-393,-411,421,422,423,424]],[[-390,425,426,427,-406]],[[-357,428,429,430,431,-361]]],"type":"MultiPolygon","properties":{"nr":"1220","navn":"København K","visueltcenter_x":12.57862049,"visueltcenter_y":55.67358331}},{"arcs":[[[-410,432,433,-412,-422]],[[-51,434,-420,-394]]],"type":"MultiPolygon","properties":{"nr":"1221","navn":"København K","visueltcenter_x":12.58192337,"visueltcenter_y":55.67283897}},{"arcs":[[435,436,437,438,439,440,441,442,443]],"type":"Polygon","properties":{"nr":"1250","navn":"København K","visueltcenter_x":12.58975823,"visueltcenter_y":55.68202801}},{"arcs":[[-18,444,-440,445,446,-47]],"type":"Polygon","properties":{"nr":"1251","navn":"København K","visueltcenter_x":12.59498748,"visueltcenter_y":55.67960602}},{"arcs":[[-438,447,448,449]],"type":"Polygon","properties":{"nr":"1252","navn":"København K","visueltcenter_x":12.59617117,"visueltcenter_y":55.68145466}},{"arcs":[[[-437,450,451,452,453,-448]],[[-17,454,-441,-445]]],"type":"MultiPolygon","properties":{"nr":"1253","navn":"København K","visueltcenter_x":12.59699341,"visueltcenter_y":55.6847672}},{"arcs":[[-16,455,-442,-455]],"type":"Polygon","properties":{"nr":"1254","navn":"København K","visueltcenter_x":12.59034599,"visueltcenter_y":55.68100155}},{"arcs":[[-6,456,-443,-456,-15]],"type":"Polygon","properties":{"nr":"1255","navn":"København K","visueltcenter_x":12.58863161,"visueltcenter_y":55.68116853}},{"arcs":[[[-453,457,458,459,460,461,462]],[[-436,463,464,-451]]],"type":"MultiPolygon","properties":{"nr":"1256","navn":"København K","visueltcenter_x":12.59417151,"visueltcenter_y":55.68579757}},{"arcs":[[-452,-465,465,466,467,-458]],"type":"Polygon","properties":{"nr":"1257","navn":"København K","visueltcenter_x":12.59278982,"visueltcenter_y":55.68446372}},{"arcs":[[[468,469,470]],[[-462,471,472,473,474,475]]],"type":"MultiPolygon","properties":{"nr":"1259","navn":"København K","visueltcenter_x":12.6154165,"visueltcenter_y":55.70489621}},{"arcs":[[[-5,476,477,478,479,480,-466,-464,-444,-457]],[[-460,481,482,483,484,485,486,487]]],"type":"MultiPolygon","properties":{"nr":"1260","navn":"København K","visueltcenter_x":12.59008573,"visueltcenter_y":55.68378904}},{"arcs":[[-4,488,-477]],"type":"Polygon","properties":{"nr":"1261","navn":"København K","visueltcenter_x":12.58694628,"visueltcenter_y":55.68191836}},{"arcs":[[[-461,-488,489,490,-472]],[[-486,491,492,493,494]]],"type":"MultiPolygon","properties":{"nr":"1263","navn":"København K","visueltcenter_x":12.59622407,"visueltcenter_y":55.68876737}},{"arcs":[[[-3,-213,495,496,497,498,499,500,501,502,503,504,-492,-485,505,506,-480,507,-478,-489]],[[508,509,510,511,512,513,514,515]],[[-493,516,517,518,519]],[[520,521,522]]],"type":"MultiPolygon","properties":{"nr":"1264","navn":"København K","visueltcenter_x":12.58756966,"visueltcenter_y":55.68424184}},{"arcs":[[-467,-481,-507,523,-483,524]],"type":"Polygon","properties":{"nr":"1265","navn":"København K","visueltcenter_x":12.58943983,"visueltcenter_y":55.68485743}},{"arcs":[[-494,-520,525,526]],"type":"Polygon","properties":{"nr":"1266","navn":"København K","visueltcenter_x":12.59098837,"visueltcenter_y":55.68789729}},{"arcs":[[-519,527,528,-523,529,530,-526]],"type":"Polygon","properties":{"nr":"1267","navn":"København K","visueltcenter_x":12.5903806,"visueltcenter_y":55.68828183}},{"arcs":[[-515,531,532,-530,-522,533]],"type":"Polygon","properties":{"nr":"1268","navn":"København K","visueltcenter_x":12.59030867,"visueltcenter_y":55.68881006}},{"arcs":[[-487,-495,-527,-531,-533,534,-513,535,-490]],"type":"Polygon","properties":{"nr":"1270","navn":"København K","visueltcenter_x":12.5908799,"visueltcenter_y":55.68984032}},{"arcs":[[-514,-535,-532]],"type":"Polygon","properties":{"nr":"1271","navn":"København K","visueltcenter_x":12.58981807,"visueltcenter_y":55.68924322}},{"arcs":[[-212,536,537,538,539,540,541,542,543,544,545,546,547,548,549,-504,550,551,552,553,-499,554,555,-496]],"type":"Polygon","properties":{"nr":"1300","navn":"København K","visueltcenter_x":12.58427444,"visueltcenter_y":55.68266571}},{"arcs":[[-497,-556,556]],"type":"Polygon","properties":{"nr":"1301","navn":"København K","visueltcenter_x":12.58587955,"visueltcenter_y":55.68334448}},{"arcs":[[[-538,557,558,559]],[[-498,-557,-555]],[[-479,-508]]],"type":"MultiPolygon","properties":{"nr":"1302","navn":"København K","visueltcenter_x":12.58409674,"visueltcenter_y":55.68448319}},{"arcs":[[-500,-554,560]],"type":"Polygon","properties":{"nr":"1303","navn":"København K","visueltcenter_x":12.58837636,"visueltcenter_y":55.68594749}},{"arcs":[[[-211,561,-558,-537]],[[-539,-560,562,563,564,-541,565]],[[566,567,568]]],"type":"MultiPolygon","properties":{"nr":"1304","navn":"København K","visueltcenter_x":12.58306965,"visueltcenter_y":55.68333481}},{"arcs":[[[-210,569,-563,-559,-562]],[[-567,570,571,572,573,574,575]],[[576,577,578,579,580,581,582,583,584,585,586,587,588,589]],[[590,591,592,593,594,595,596]]],"type":"MultiPolygon","properties":{"nr":"1306","navn":"København K","visueltcenter_x":12.58135321,"visueltcenter_y":55.68430724}},{"arcs":[[[-209,597,598,599,600,601,602,603,604,605,-564,-570]],[[-540,-566]]],"type":"MultiPolygon","properties":{"nr":"1307","navn":"København K","visueltcenter_x":12.57998797,"visueltcenter_y":55.68643425}},{"arcs":[[-542,-565,-606,606,607,-571,-569,608]],"type":"Polygon","properties":{"nr":"1308","navn":"København K","visueltcenter_x":12.58479357,"visueltcenter_y":55.6865329}},{"arcs":[[-572,-608,609,610]],"type":"Polygon","properties":{"nr":"1309","navn":"København K","visueltcenter_x":12.58342163,"visueltcenter_y":55.68721135}},{"arcs":[[[-484,-524,-506]],[[-459,-468,-525,-482]],[[-543,-609,-568,-576,611,612]],[[-573,-611,613,614]],[[-501,-561,-553,615]],[[-575,616,617]]],"type":"MultiPolygon","properties":{"nr":"1310","navn":"København K","visueltcenter_x":12.59029867,"visueltcenter_y":55.68593955}},{"arcs":[[[-544,-613,618,-617,-574,-615,619,620,-578,621,622,623]],[[-502,-616,-552,624]]],"type":"MultiPolygon","properties":{"nr":"1311","navn":"København K","visueltcenter_x":12.58380631,"visueltcenter_y":55.68811515}},{"arcs":[[[-612,-618,-619]],[[-577,625,626,-622]]],"type":"MultiPolygon","properties":{"nr":"1312","navn":"København K","visueltcenter_x":12.58583966,"visueltcenter_y":55.68763774}},{"arcs":[[[-503,-625,-551]],[[-545,-624,627,628,629,630]],[[-590,631,632,-626]],[[-579,-621,633,634]]],"type":"MultiPolygon","properties":{"nr":"1313","navn":"København K","visueltcenter_x":12.58894598,"visueltcenter_y":55.68703948}},{"arcs":[[[-623,-627,-633,635,-628]],[[-630,636,637]]],"type":"MultiPolygon","properties":{"nr":"1314","navn":"København K","visueltcenter_x":12.58633595,"visueltcenter_y":55.68750826}},{"arcs":[[-546,-631,-638,638]],"type":"Polygon","properties":{"nr":"1315","navn":"København K","visueltcenter_x":12.58791833,"visueltcenter_y":55.68763127}},{"arcs":[[[-605,639,640,641,-634,-620,-614,-610,-607]],[[-582,642,643,644,645,646]],[[647,648,649]]],"type":"MultiPolygon","properties":{"nr":"1316","navn":"København K","visueltcenter_x":12.58282835,"visueltcenter_y":55.68830711}},{"arcs":[[-641,650,651,652,-644,653,-648]],"type":"Polygon","properties":{"nr":"1317","navn":"København K","visueltcenter_x":12.58191343,"visueltcenter_y":55.68896717}},{"arcs":[[-580,-635,-642,-650,654]],"type":"Polygon","properties":{"nr":"1318","navn":"København K","visueltcenter_x":12.58478262,"visueltcenter_y":55.68846582}},{"arcs":[[[-547,-639,-637,-629,-636,-632,-589,655]],[[-505,-550,656,-517]],[[-581,-655,-649,-654,-643]]],"type":"MultiPolygon","properties":{"nr":"1319","navn":"København K","visueltcenter_x":12.58712218,"visueltcenter_y":55.68802871}},{"arcs":[[-548,-656,-588,657,658]],"type":"Polygon","properties":{"nr":"1320","navn":"København K","visueltcenter_x":12.58748743,"visueltcenter_y":55.68846691}},{"arcs":[[-518,-657,-549,-659,659,-528]],"type":"Polygon","properties":{"nr":"1321","navn":"København K","visueltcenter_x":12.5895451,"visueltcenter_y":55.68791672}},{"arcs":[[[-516,-534,-521,-529,-660,-658,-587,660]],[[-584,661,-646,662,663]]],"type":"MultiPolygon","properties":{"nr":"1322","navn":"København K","visueltcenter_x":12.58942362,"visueltcenter_y":55.68835925}},{"arcs":[[-585,-664,664,665,-591,666]],"type":"Polygon","properties":{"nr":"1323","navn":"København K","visueltcenter_x":12.58573703,"visueltcenter_y":55.68966625}},{"arcs":[[-509,-661,-586,-667,-597,667]],"type":"Polygon","properties":{"nr":"1324","navn":"København K","visueltcenter_x":12.58712585,"visueltcenter_y":55.68930756}},{"arcs":[[[-510,-668,-596,668]],[[-592,-666,669,670]]],"type":"MultiPolygon","properties":{"nr":"1325","navn":"København K","visueltcenter_x":12.58847527,"visueltcenter_y":55.68932439}},{"arcs":[[[-511,-669,-595,671,672]],[[-593,-671,673,674]]],"type":"MultiPolygon","properties":{"nr":"1326","navn":"København K","visueltcenter_x":12.58839238,"visueltcenter_y":55.68962824}},{"arcs":[[-594,-675,675,676,-672]],"type":"Polygon","properties":{"nr":"1327","navn":"København K","visueltcenter_x":12.58723576,"visueltcenter_y":55.69037471}},{"arcs":[[-512,-673,-677,677,678]],"type":"Polygon","properties":{"nr":"1328","navn":"København K","visueltcenter_x":12.58836924,"visueltcenter_y":55.68991619}},{"arcs":[[-583,-647,-662]],"type":"Polygon","properties":{"nr":"1329","navn":"København K","visueltcenter_x":12.58464108,"visueltcenter_y":55.68914774}},{"arcs":[[[-208,679,-222,680,-598]],[[-604,681,-651,-640]],[[-645,-653,682,-678,-676,-674,-670,-665,-663]]],"type":"MultiPolygon","properties":{"nr":"1350","navn":"København K","visueltcenter_x":12.57590522,"visueltcenter_y":55.68659617}},{"arcs":[[-600,683,684,685,686,687]],"type":"Polygon","properties":{"nr":"1352","navn":"København K","visueltcenter_x":12.57310725,"visueltcenter_y":55.68939296}},{"arcs":[[-221,688,689,690,691,-684,-599,-681]],"type":"Polygon","properties":{"nr":"1353","navn":"København K","visueltcenter_x":12.57119575,"visueltcenter_y":55.68704697}},{"arcs":[[-685,-692,692,693,694,695]],"type":"Polygon","properties":{"nr":"1354","navn":"København K","visueltcenter_x":12.57096165,"visueltcenter_y":55.68980117}},{"arcs":[[-691,696,697,698,-693]],"type":"Polygon","properties":{"nr":"1355","navn":"København K","visueltcenter_x":12.5712291,"visueltcenter_y":55.68871643}},{"arcs":[[-220,699,700,701,-689]],"type":"Polygon","properties":{"nr":"1356","navn":"København K","visueltcenter_x":12.56804206,"visueltcenter_y":55.6871711}},{"arcs":[[[-690,-702,702,-697]],[[-219,703,-700]],[[-694,-699,704]],[[-686,-696,705]],[[-601,-688,706]]],"type":"MultiPolygon","properties":{"nr":"1357","navn":"København K","visueltcenter_x":12.56795624,"visueltcenter_y":55.68858347}},{"arcs":[[[-317,707,708,709,710,711,712,713,714,715,716,-338,-331]],[[-207,-247,-248,-245,717,718,-223,-680]]],"type":"MultiPolygon","properties":{"nr":"1358","navn":"København K","visueltcenter_x":12.56695637,"visueltcenter_y":55.68056747}},{"arcs":[[719,720,721,722,723,724,725]],"type":"Polygon","properties":{"nr":"1359","navn":"København K","visueltcenter_x":12.56421074,"visueltcenter_y":55.68365009}},{"arcs":[[-216,726,727,728,729,-718,-244,-242,-341,-339,-717,730,731,732,733,734,735,736,737]],"type":"Polygon","properties":{"nr":"1360","navn":"København K","visueltcenter_x":12.56656367,"visueltcenter_y":55.6856827}},{"arcs":[[[-714,738,739,740,741,-731,-716,742]],[[-224,-719,-730,743]]],"type":"MultiPolygon","properties":{"nr":"1361","navn":"København K","visueltcenter_x":12.56876693,"visueltcenter_y":55.68296065}},{"arcs":[[[-721,744,745,-740,746]],[[-732,-742,747,748]],[[-225,-744,-729,749]]],"type":"MultiPolygon","properties":{"nr":"1362","navn":"København K","visueltcenter_x":12.56993139,"visueltcenter_y":55.68488443}},{"arcs":[[[-735,750,751,752,753,754]],[[-715,-743]],[[-741,-746,755,-748]]],"type":"MultiPolygon","properties":{"nr":"1363","navn":"København K","visueltcenter_x":12.56557099,"visueltcenter_y":55.68513437}},{"arcs":[[[-713,756,757,758,759,760,761,-722,-747,-739]],[[-214,-750,-728,762]],[[-720,763,-752,764,-733,-749,-756,-745]]],"type":"MultiPolygon","properties":{"nr":"1364","navn":"København K","visueltcenter_x":12.56643374,"visueltcenter_y":55.68207564}},{"arcs":[[-761,765,766]],"type":"Polygon","properties":{"nr":"1365","navn":"København K","visueltcenter_x":12.56444325,"visueltcenter_y":55.68208169}},{"arcs":[[[-723,-762,-767,767,768,769,770,771,772,773,774,775]],[[-734,-765,-751]],[[-215,-763,-727]],[[-726,776,-753,-764]]],"type":"MultiPolygon","properties":{"nr":"1366","navn":"København K","visueltcenter_x":12.56325243,"visueltcenter_y":55.68207959}},{"arcs":[[-724,-776,777,778,779]],"type":"Polygon","properties":{"nr":"1367","navn":"København K","visueltcenter_x":12.56359571,"visueltcenter_y":55.68310746}},{"arcs":[[[-760,780,-768,-766]],[[-774,781]]],"type":"MultiPolygon","properties":{"nr":"1368","navn":"København K","visueltcenter_x":12.56378826,"visueltcenter_y":55.68138249}},{"arcs":[[[-759,782,783,784,-769,-781]],[[-772,785,786,787,788,789]]],"type":"MultiPolygon","properties":{"nr":"1369","navn":"København K","visueltcenter_x":12.55953017,"visueltcenter_y":55.68214443}},{"arcs":[[[-773,-790,790,-778,-775,-782]],[[-725,-780,791,792,-754,-777]]],"type":"MultiPolygon","properties":{"nr":"1370","navn":"København K","visueltcenter_x":12.56346092,"visueltcenter_y":55.68484818}},{"arcs":[[[-736,-755,-793,793]],[[-217,-738,794]]],"type":"MultiPolygon","properties":{"nr":"1371","navn":"København K","visueltcenter_x":12.56404534,"visueltcenter_y":55.68594651}},{"arcs":[[[795,796,797,798,799,800,801]],[[802,803,804,805,806,807,808,809,810,811,812,813,814,815]],[[-50,816,817,818,819,820,-400,-421,-435]]],"type":"MultiPolygon","properties":{"nr":"1400","navn":"København K","visueltcenter_x":12.59681168,"visueltcenter_y":55.67038519}},{"arcs":[[[-48,-447,821,822,823,824,825,826,827,828,829,830,831,-818,832]],[[-820,833,834,835]]],"type":"MultiPolygon","properties":{"nr":"1401","navn":"København K","visueltcenter_x":12.59566443,"visueltcenter_y":55.67729107}},{"arcs":[[[-402,836,-835,837,838,-433,-409]],[[839,840,841,842,843]],[[-49,-833,-817]]],"type":"MultiPolygon","properties":{"nr":"1402","navn":"København K","visueltcenter_x":12.58542262,"visueltcenter_y":55.67280147}},{"arcs":[[-825,844,845,846,847,848]],"type":"Polygon","properties":{"nr":"1403","navn":"København K","visueltcenter_x":12.5941033,"visueltcenter_y":55.67539344}},{"arcs":[[[-847,849,850,851]],[[-826,-849,852,853]]],"type":"MultiPolygon","properties":{"nr":"1406","navn":"København K","visueltcenter_x":12.59344137,"visueltcenter_y":55.67493602}},{"arcs":[[[854,855,856,857,858]],[[859,860,861]],[[-829,862,-851,863,864]],[[-827,-854,865]]],"type":"MultiPolygon","properties":{"nr":"1407","navn":"København K","visueltcenter_x":12.59549054,"visueltcenter_y":55.67360101}},{"arcs":[[[-807,866,-842,867,-838,-834,-819,-832,868,869,870,871]],[[-830,-865,872,873,874,875]],[[-828,-866,-853,-848,-852,-863]]],"type":"MultiPolygon","properties":{"nr":"1408","navn":"København K","visueltcenter_x":12.59088619,"visueltcenter_y":55.67363421}},{"arcs":[[-401,-821,-836,-837]],"type":"Polygon","properties":{"nr":"1409","navn":"København K","visueltcenter_x":12.58767981,"visueltcenter_y":55.67355505}},{"arcs":[[-804,876,877]],"type":"Polygon","properties":{"nr":"1410","navn":"København K","visueltcenter_x":12.59114295,"visueltcenter_y":55.67196294}},{"arcs":[[-413,-434,-839,-868,-841,878,879,880,881,882,883,884]],"type":"Polygon","properties":{"nr":"1411","navn":"København K","visueltcenter_x":12.58304583,"visueltcenter_y":55.6706881}},{"arcs":[[-880,885]],"type":"Polygon","properties":{"nr":"1412","navn":"København K","visueltcenter_x":12.58609487,"visueltcenter_y":55.67059202}},{"arcs":[[-840,886,-881,-886,-879]],"type":"Polygon","properties":{"nr":"1413","navn":"København K","visueltcenter_x":12.58669684,"visueltcenter_y":55.67064899}},{"arcs":[[[-806,887,-843,-867]],[[-808,-872,888,889]],[[-870,890,-875,891,892,893]],[[-846,894,-873,-864,-850]]],"type":"MultiPolygon","properties":{"nr":"1414","navn":"København K","visueltcenter_x":12.58974986,"visueltcenter_y":55.67225731}},{"arcs":[[[-824,895,896,897,898,899,900,-859,901,902,-892,-874,-895,-845]],[[-805,-878,903,904,905,906,907,908,-882,-887,-844,-888]],[[-809,-890,909]],[[-894,910,911]]],"type":"MultiPolygon","properties":{"nr":"1415","navn":"København K","visueltcenter_x":12.59499761,"visueltcenter_y":55.67444226}},{"arcs":[[[-893,-903,912,913,914,915,916,917,-911]],[[918,919,920,921]],[[-831,-876,-891,-869]]],"type":"MultiPolygon","properties":{"nr":"1416","navn":"København K","visueltcenter_x":12.59424032,"visueltcenter_y":55.67286214}},{"arcs":[[-810,-910,-889,-871,-912,-918,922]],"type":"Polygon","properties":{"nr":"1417","navn":"København K","visueltcenter_x":12.59236256,"visueltcenter_y":55.67274948}},{"arcs":[[-905,923,924,925,926,927,928]],"type":"Polygon","properties":{"nr":"1418","navn":"København K","visueltcenter_x":12.59016855,"visueltcenter_y":55.67133117}},{"arcs":[[-907,929,930]],"type":"Polygon","properties":{"nr":"1419","navn":"København K","visueltcenter_x":12.58895097,"visueltcenter_y":55.67053449}},{"arcs":[[[-906,-929,931,932,933,-930]],[[-803,934,-924,-904,-877]],[[-811,-923,-917,935]],[[-858,936,-913,-902]]],"type":"MultiPolygon","properties":{"nr":"1420","navn":"København K","visueltcenter_x":12.59000159,"visueltcenter_y":55.67073872}},{"arcs":[[-908,-931,-934,937]],"type":"Polygon","properties":{"nr":"1421","navn":"København K","visueltcenter_x":12.58811181,"visueltcenter_y":55.67028252}},{"arcs":[[[938,939,940,941,942]],[[-857,943,-861,944,-922,945,-914,-937]],[[-899,946,947,948]],[[-816,949,-925,-935]],[[-928,950,-932]],[[-812,-936,-916,951]],[[-855,-901,952]]],"type":"MultiPolygon","properties":{"nr":"1422","navn":"København K","visueltcenter_x":12.60083,"visueltcenter_y":55.67583778}},{"arcs":[[-815,953,-926,-950]],"type":"Polygon","properties":{"nr":"1423","navn":"København K","visueltcenter_x":12.59282667,"visueltcenter_y":55.67073581}},{"arcs":[[[-802,954,-883,-909,-938,-933,-951,-927,-954,-814]],[[-797,955,-920,956]]],"type":"MultiPolygon","properties":{"nr":"1424","navn":"København K","visueltcenter_x":12.59220558,"visueltcenter_y":55.66931315}},{"arcs":[[-796,-813,-952,-915,-946,-921,-956]],"type":"Polygon","properties":{"nr":"1425","navn":"København K","visueltcenter_x":12.59425877,"visueltcenter_y":55.67184012}},{"arcs":[[-798,-957,-919,-945,-860,957]],"type":"Polygon","properties":{"nr":"1426","navn":"København K","visueltcenter_x":12.59670167,"visueltcenter_y":55.67223173}},{"arcs":[[-898,958,959,-947]],"type":"Polygon","properties":{"nr":"1427","navn":"København K","visueltcenter_x":12.59740604,"visueltcenter_y":55.67501129}},{"arcs":[[-897,960,961,-959]],"type":"Polygon","properties":{"nr":"1428","navn":"København K","visueltcenter_x":12.59745699,"visueltcenter_y":55.67551144}},{"arcs":[[-939,-948,-960,-962,962]],"type":"Polygon","properties":{"nr":"1429","navn":"København K","visueltcenter_x":12.59825398,"visueltcenter_y":55.67527963}},{"arcs":[[-823,963,-940,-963,-961,-896]],"type":"Polygon","properties":{"nr":"1430","navn":"København K","visueltcenter_x":12.59864182,"visueltcenter_y":55.67701184}},{"arcs":[[[-471,964,965,966,967,968,-474,969]],[[-942,970,971,972,973,974]]],"type":"MultiPolygon","properties":{"nr":"1432","navn":"København K","visueltcenter_x":12.61655877,"visueltcenter_y":55.69425974}},{"arcs":[[-966,975,976,977,978,979]],"type":"Polygon","properties":{"nr":"1433","navn":"København K","visueltcenter_x":12.72430087,"visueltcenter_y":55.72946145}},{"arcs":[[[980,981],[988]],[[982,983,984,985,986,987]]],"type":"MultiPolygon","properties":{"nr":"1434","navn":"København K","visueltcenter_x":12.60345664,"visueltcenter_y":55.68032633}},{"arcs":[[[-984,989]],[[-986,990]]],"type":"MultiPolygon","properties":{"nr":"1435","navn":"København K","visueltcenter_x":12.60607236,"visueltcenter_y":55.6803494}},{"arcs":[[[-439,-450,991,992,-981,993,-971,-941,-964,-822,-446]],[[-989]]],"type":"MultiPolygon","properties":{"nr":"1436","navn":"København K","visueltcenter_x":12.6035624,"visueltcenter_y":55.6760139}},{"arcs":[[-972,-994,-982,-993,994,995,-987,-991,-985,-990,-983,996]],"type":"Polygon","properties":{"nr":"1437","navn":"København K","visueltcenter_x":12.60755523,"visueltcenter_y":55.6822005}},{"arcs":[[-449,-454,-463,-476,997,-995,-992]],"type":"Polygon","properties":{"nr":"1438","navn":"København K","visueltcenter_x":12.60018111,"visueltcenter_y":55.68254869}},{"arcs":[[-475,-969,998,-973,-997,-988,-996,-998]],"type":"Polygon","properties":{"nr":"1439","navn":"København K","visueltcenter_x":12.60639558,"visueltcenter_y":55.68671916}},{"arcs":[[-799,-958,-862,-944,-856,-953,-900,-949,-943,-975,999,1000,1001]],"type":"Polygon","properties":{"nr":"1440","navn":"København K","visueltcenter_x":12.60137342,"visueltcenter_y":55.67308696}},{"arcs":[[[-968,1002,-1000,-974,-999]],[[-800,-1002,1003]]],"type":"MultiPolygon","properties":{"nr":"1441","navn":"København K","visueltcenter_x":12.6128732,"visueltcenter_y":55.67992992}},{"arcs":[[-308,-383,-385,1004,-379,1005,1006,1007,1008,1009]],"type":"Polygon","properties":{"nr":"1450","navn":"København K","visueltcenter_x":12.57305928,"visueltcenter_y":55.67728132}},{"arcs":[[-316,1010,-708]],"type":"Polygon","properties":{"nr":"1451","navn":"København K","visueltcenter_x":12.56919359,"visueltcenter_y":55.6800785}},{"arcs":[[-710,1011]],"type":"Polygon","properties":{"nr":"1452","navn":"København K","visueltcenter_x":12.56829492,"visueltcenter_y":55.67954104}},{"arcs":[[-315,1012,1013,1014,-711,-1012,-709,-1011]],"type":"Polygon","properties":{"nr":"1453","navn":"København K","visueltcenter_x":12.57080331,"visueltcenter_y":55.67990502}},{"arcs":[[1015,1016]],"type":"Polygon","properties":{"nr":"1454","navn":"København K","visueltcenter_x":12.56955821,"visueltcenter_y":55.67806442}},{"arcs":[[-312,1017,-1016,1018,1019,1020,1021,-1013,-314,-324]],"type":"Polygon","properties":{"nr":"1455","navn":"København K","visueltcenter_x":12.57032224,"visueltcenter_y":55.67883409}},{"arcs":[[-311,1022,1023,1024,1025,-1019,-1017,-1018]],"type":"Polygon","properties":{"nr":"1456","navn":"København K","visueltcenter_x":12.56925402,"visueltcenter_y":55.67731979}},{"arcs":[[-290,-309,-1010,1026,-1023,-310]],"type":"Polygon","properties":{"nr":"1457","navn":"København K","visueltcenter_x":12.57191269,"visueltcenter_y":55.67821919}},{"arcs":[[-1008,1027,1028,1029,1030,1031]],"type":"Polygon","properties":{"nr":"1458","navn":"København K","visueltcenter_x":12.57201105,"visueltcenter_y":55.67697626}},{"arcs":[[-1009,-1032,1032,1033,-1024,-1027]],"type":"Polygon","properties":{"nr":"1459","navn":"København K","visueltcenter_x":12.57180355,"visueltcenter_y":55.67753312}},{"arcs":[[-1031,1034,1035,-1033]],"type":"Polygon","properties":{"nr":"1460","navn":"København K","visueltcenter_x":12.57083548,"visueltcenter_y":55.67662509}},{"arcs":[[-1007,1036,-1028]],"type":"Polygon","properties":{"nr":"1461","navn":"København K","visueltcenter_x":12.57298975,"visueltcenter_y":55.67681948}},{"arcs":[[-1030,1037,1038,1039,1040,1041,-1035]],"type":"Polygon","properties":{"nr":"1462","navn":"København K","visueltcenter_x":12.57177767,"visueltcenter_y":55.6762414}},{"arcs":[[-377,1042,1043,1044,1045,1046,1047,-1039,1048]],"type":"Polygon","properties":{"nr":"1463","navn":"København K","visueltcenter_x":12.57219443,"visueltcenter_y":55.67572208}},{"arcs":[[-378,-1049,-1038,-1029,-1037,-1006]],"type":"Polygon","properties":{"nr":"1464","navn":"København K","visueltcenter_x":12.5726221,"visueltcenter_y":55.67644962}},{"arcs":[[-376,1049,1050,-1043]],"type":"Polygon","properties":{"nr":"1465","navn":"København K","visueltcenter_x":12.57342745,"visueltcenter_y":55.67606578}},{"arcs":[[-362,-432,1051,-380,-1005,-384,-371]],"type":"Polygon","properties":{"nr":"1466","navn":"København K","visueltcenter_x":12.57412316,"visueltcenter_y":55.67686347}},{"arcs":[[-375,-1052,-431,1052,-1050]],"type":"Polygon","properties":{"nr":"1467","navn":"København K","visueltcenter_x":12.57413846,"visueltcenter_y":55.67607304}},{"arcs":[[-430,1053,1054,-1044,-1051,-1053]],"type":"Polygon","properties":{"nr":"1468","navn":"København K","visueltcenter_x":12.57336739,"visueltcenter_y":55.67552423}},{"arcs":[[-356,-408,1055,1056,1057,1058,-1054,-429]],"type":"Polygon","properties":{"nr":"1470","navn":"København K","visueltcenter_x":12.57386014,"visueltcenter_y":55.67506238}},{"arcs":[[-427,1059,1060,1061]],"type":"Polygon","properties":{"nr":"1471","navn":"København K","visueltcenter_x":12.57499967,"visueltcenter_y":55.67431551}},{"arcs":[[-389,-425,1062,-1060,-426]],"type":"Polygon","properties":{"nr":"1472","navn":"København K","visueltcenter_x":12.57632308,"visueltcenter_y":55.67368537}},{"arcs":[[-419,1063,-423]],"type":"Polygon","properties":{"nr":"1473","navn":"København K","visueltcenter_x":12.57834447,"visueltcenter_y":55.67232734}},{"arcs":[[[-1025,-1034,-1036,-1042,1064,1065,1066,1067,1068,1069]],[[-1046,1070,1071,1072]],[[-1040,-1048,1073]]],"type":"MultiPolygon","properties":{"nr":"1550","navn":"København V","visueltcenter_x":12.56794358,"visueltcenter_y":55.67630637}},{"arcs":[[-712,-1015,1074,1075,1076,1077,-757]],"type":"Polygon","properties":{"nr":"1551","navn":"København V","visueltcenter_x":12.56484383,"visueltcenter_y":55.67922359}},{"arcs":[[[-418,1078,1079,1080,1081,1082,1083,1084,-1057,1085,-1061,-1063,-424,-1064]],[[-1045,-1055,-1059,1086,1087,-1071]],[[-1041,-1074,-1047,-1073,1088,-1065]],[[-1020,-1026,-1070,1089,1090]],[[-1014,-1022,1091,1092,-1075]]],"type":"MultiPolygon","properties":{"nr":"1552","navn":"København V","visueltcenter_x":12.57367758,"visueltcenter_y":55.67433051}},{"arcs":[[[-1066,-1089,-1072,-1088,1093,1094,1095,1096,1097]],[[-758,-1078,1098,1099,-783]],[[-414,-885,1100,1101]],[[-416,1102,1103,1104,1105,1106,-1082,1107,1108,1109]],[[-1069,1110,1111,1112,1113,-1076,-1093,1114,-1090]]],"type":"MultiPolygon","properties":{"nr":"1553","navn":"København V","visueltcenter_x":12.56908785,"visueltcenter_y":55.67455675}},{"arcs":[[[-1112,1115,1116,1117,1118]],[[-1021,-1091,-1115,-1092]]],"type":"MultiPolygon","properties":{"nr":"1554","navn":"København V","visueltcenter_x":12.56487951,"visueltcenter_y":55.67705334}},{"arcs":[[[-407,-428,-1062,-1086,-1056]],[[-1058,-1085,1119,-1094,-1087]]],"type":"MultiPolygon","properties":{"nr":"1555","navn":"København V","visueltcenter_x":12.57512169,"visueltcenter_y":55.674964}},{"arcs":[[-1084,1120,-1106,1121,1122,1123,1124,-1095,-1120]],"type":"Polygon","properties":{"nr":"1556","navn":"København V","visueltcenter_x":12.5735107,"visueltcenter_y":55.67354201}},{"arcs":[[-1083,-1107,-1121]],"type":"Polygon","properties":{"nr":"1557","navn":"København V","visueltcenter_x":12.57487219,"visueltcenter_y":55.6731643}},{"arcs":[[-1080,1125,-1109,1126]],"type":"Polygon","properties":{"nr":"1558","navn":"København V","visueltcenter_x":12.57714319,"visueltcenter_y":55.67189966}},{"arcs":[[-417,-1110,-1126,-1079]],"type":"Polygon","properties":{"nr":"1559","navn":"København V","visueltcenter_x":12.57764517,"visueltcenter_y":55.67150035}},{"arcs":[[-415,-1102,1127,1128,1129,1130,1131,1132,1133,-1103]],"type":"Polygon","properties":{"nr":"1560","navn":"København V","visueltcenter_x":12.57076138,"visueltcenter_y":55.66666733}},{"arcs":[[-1129,1134,1135]],"type":"Polygon","properties":{"nr":"1561","navn":"København V","visueltcenter_x":12.56237688,"visueltcenter_y":55.66088444}},{"arcs":[[-1133,1136,1137,1138,1139,1140]],"type":"Polygon","properties":{"nr":"1562","navn":"København V","visueltcenter_x":12.57484744,"visueltcenter_y":55.67042671}},{"arcs":[[-1140,1141,1142,1143,1144]],"type":"Polygon","properties":{"nr":"1563","navn":"København V","visueltcenter_x":12.57359465,"visueltcenter_y":55.67081742}},{"arcs":[[[-1144,1145,1146]],[[-1081,-1127,-1108]]],"type":"MultiPolygon","properties":{"nr":"1564","navn":"København V","visueltcenter_x":12.57621894,"visueltcenter_y":55.67242943}},{"arcs":[[-1138,1147,1148,1149,1150]],"type":"Polygon","properties":{"nr":"1567","navn":"København V","visueltcenter_x":12.57132645,"visueltcenter_y":55.67019634}},{"arcs":[[[-1132,1151,-1148,-1137]],[[-1150,1152,1153,1154,1155]]],"type":"MultiPolygon","properties":{"nr":"1568","navn":"København V","visueltcenter_x":12.57277693,"visueltcenter_y":55.66908712}},{"arcs":[[-1155,1156,1157,1158,1159,1160,1161]],"type":"Polygon","properties":{"nr":"1569","navn":"København V","visueltcenter_x":12.57067539,"visueltcenter_y":55.67128988}},{"arcs":[[1162,1163,1164]],"type":"Polygon","properties":{"nr":"1570","navn":"København V","visueltcenter_x":12.56449889,"visueltcenter_y":55.67358392}},{"arcs":[[-1139,-1151,-1156,-1162,1165,1166,-1142]],"type":"Polygon","properties":{"nr":"1571","navn":"København V","visueltcenter_x":12.57232129,"visueltcenter_y":55.67075323}},{"arcs":[[-1143,-1167,1167,1168,-1146]],"type":"Polygon","properties":{"nr":"1572","navn":"København V","visueltcenter_x":12.5730003,"visueltcenter_y":55.671606}},{"arcs":[[-1104,-1134,-1141,-1145,-1147,-1169,1169,-1123,1170]],"type":"Polygon","properties":{"nr":"1573","navn":"København V","visueltcenter_x":12.57409664,"visueltcenter_y":55.67173669}},{"arcs":[[[-1105,-1171,-1122]],[[-1124,-1170,-1168,-1166,-1161,1171,1172]]],"type":"MultiPolygon","properties":{"nr":"1574","navn":"København V","visueltcenter_x":12.57217128,"visueltcenter_y":55.67158961}},{"arcs":[[[-1160,1173,1174,-1172]],[[1175,1176]]],"type":"MultiPolygon","properties":{"nr":"1575","navn":"København V","visueltcenter_x":12.57057649,"visueltcenter_y":55.67200881}},{"arcs":[[[-1154,1177,1178,-1157]],[[-1159,1179,-1177,1180,-1174]]],"type":"MultiPolygon","properties":{"nr":"1576","navn":"København V","visueltcenter_x":12.56944432,"visueltcenter_y":55.67113694}},{"arcs":[[-1097,1181,-1178,-1153,-1149,-1152,-1131,1182,1183,1184,1185,1186,1187,-1164,1188]],"type":"Polygon","properties":{"nr":"1577","navn":"København V","visueltcenter_x":12.56800721,"visueltcenter_y":55.66901439}},{"arcs":[[[-784,-1100,1189,1190,1191,1192]],[[-771,1193,1194,-786]]],"type":"MultiPolygon","properties":{"nr":"1600","navn":"København V","visueltcenter_x":12.56258051,"visueltcenter_y":55.67988681}},{"arcs":[[[-787,-1195,1195,1196,1197,1198,1199,1200,1201,1202]],[[1203,1204,1205,1206,1207,1208]]],"type":"MultiPolygon","properties":{"nr":"1601","navn":"København V","visueltcenter_x":12.55937917,"visueltcenter_y":55.67877817}},{"arcs":[[-770,-785,-1193,1209,1210,1211,1212,1213,1214,1215,1216,-1208,1217,-1196,-1194]],"type":"Polygon","properties":{"nr":"1602","navn":"København V","visueltcenter_x":12.5612736,"visueltcenter_y":55.67873082}},{"arcs":[[-1192,1218,1219,1220,-1210]],"type":"Polygon","properties":{"nr":"1603","navn":"København V","visueltcenter_x":12.56222843,"visueltcenter_y":55.67925094}},{"arcs":[[-1212,1221]],"type":"Polygon","properties":{"nr":"1604","navn":"København V","visueltcenter_x":12.5613943,"visueltcenter_y":55.67743294}},{"arcs":[[-1214,1222]],"type":"Polygon","properties":{"nr":"1605","navn":"København V","visueltcenter_x":12.56106245,"visueltcenter_y":55.67602364}},{"arcs":[[[1223,1224,1225]],[[-1211,-1221,1226,1227,-1215,-1223,-1213,-1222]],[[-1191,1228,-1219]]],"type":"MultiPolygon","properties":{"nr":"1606","navn":"København V","visueltcenter_x":12.56232778,"visueltcenter_y":55.67806697}},{"arcs":[[-1077,-1114,1229,-1118,1230,1231,-1227,-1220,-1229,-1190,-1099]],"type":"Polygon","properties":{"nr":"1607","navn":"København V","visueltcenter_x":12.56377805,"visueltcenter_y":55.67858553}},{"arcs":[[-1068,1232,1233,-1116,-1111]],"type":"Polygon","properties":{"nr":"1608","navn":"København V","visueltcenter_x":12.56532316,"visueltcenter_y":55.67611495}},{"arcs":[[-1117,-1234,1234,1235,1236,-1231]],"type":"Polygon","properties":{"nr":"1609","navn":"København V","visueltcenter_x":12.56377996,"visueltcenter_y":55.67579789}},{"arcs":[[[-1204,-1209,-1217,1237,1238,1239,1240,1241,1242,1243,1244,1245,1246,1247,1248]],[[1249,1250,1251,1252,1253]]],"type":"MultiPolygon","properties":{"nr":"1610","navn":"København V","visueltcenter_x":12.55768339,"visueltcenter_y":55.67457821}},{"arcs":[[[-1236,1254,1255]],[[-1113,-1119,-1230]]],"type":"MultiPolygon","properties":{"nr":"1611","navn":"København V","visueltcenter_x":12.56362751,"visueltcenter_y":55.67518232}},{"arcs":[[-1216,-1228,-1232,-1237,-1256,1256,-1224,1257,1258,-1238]],"type":"Polygon","properties":{"nr":"1612","navn":"København V","visueltcenter_x":12.56267131,"visueltcenter_y":55.67560841}},{"arcs":[[-1226,1259,1260,-1258]],"type":"Polygon","properties":{"nr":"1613","navn":"København V","visueltcenter_x":12.56162653,"visueltcenter_y":55.67452629}},{"arcs":[[-1239,-1259,-1261,1261]],"type":"Polygon","properties":{"nr":"1614","navn":"København V","visueltcenter_x":12.56065848,"visueltcenter_y":55.67414128}},{"arcs":[[-1241,1262]],"type":"Polygon","properties":{"nr":"1615","navn":"København V","visueltcenter_x":12.55909001,"visueltcenter_y":55.67390932}},{"arcs":[[-1243,1263]],"type":"Polygon","properties":{"nr":"1616","navn":"København V","visueltcenter_x":12.55710699,"visueltcenter_y":55.67309834}},{"arcs":[[-1245,1264]],"type":"Polygon","properties":{"nr":"1617","navn":"København V","visueltcenter_x":12.55457903,"visueltcenter_y":55.67294594}},{"arcs":[[-1247,1265,1266,-1251,1267]],"type":"Polygon","properties":{"nr":"1618","navn":"København V","visueltcenter_x":12.55126144,"visueltcenter_y":55.67382242}},{"arcs":[[-1252,-1267,1268,1269]],"type":"Polygon","properties":{"nr":"1619","navn":"København V","visueltcenter_x":12.55017806,"visueltcenter_y":55.67376086}},{"arcs":[[[-1067,-1098,-1189,-1163,1270,1271,1272,1273,1274,1275,1276,1277,1278,1279,1280,1281,1282,1283,1284,1285,1286,1287,1288,1289,1290,1291,1292,1293,1294,1295,1296,1297,1298,1299,1300,1301,1302,-1269,-1266,-1246,-1265,-1244,-1264,-1242,-1263,-1240,-1262,-1260,-1225,-1257,-1255,-1235,-1233]],[[1303,1304,1305,1306,1307]]],"type":"MultiPolygon","properties":{"nr":"1620","navn":"København V","visueltcenter_x":12.55913327,"visueltcenter_y":55.67264298}},{"arcs":[[-1301,1308]],"type":"Polygon","properties":{"nr":"1621","navn":"København V","visueltcenter_x":12.54769433,"visueltcenter_y":55.67293333}},{"arcs":[[[-1299,1309,1310,1311]],[[1312,1313,1314,1315]]],"type":"MultiPolygon","properties":{"nr":"1622","navn":"København V","visueltcenter_x":12.54658832,"visueltcenter_y":55.67245693}},{"arcs":[[-1297,1316,-1316,1317]],"type":"Polygon","properties":{"nr":"1623","navn":"København V","visueltcenter_x":12.54526736,"visueltcenter_y":55.67193979}},{"arcs":[[-1298,-1318,-1315,-1310]],"type":"Polygon","properties":{"nr":"1624","navn":"København V","visueltcenter_x":12.54598034,"visueltcenter_y":55.67212888}},{"arcs":[[1318,1319,1320,1321]],"type":"Polygon","properties":{"nr":"1631","navn":"København V","visueltcenter_x":12.55548923,"visueltcenter_y":55.6825235}},{"arcs":[[-1322,1322,1323,1324,1325,1326,1327]],"type":"Polygon","properties":{"nr":"1632","navn":"København V","visueltcenter_x":12.55545314,"visueltcenter_y":55.68343153}},{"arcs":[[-1320,1328,1329,1330,1331]],"type":"Polygon","properties":{"nr":"1633","navn":"København V","visueltcenter_x":12.5564173,"visueltcenter_y":55.68231545}},{"arcs":[[-788,-1203,1332,1333,1334,-1323,-1321,-1332,1335,1336]],"type":"Polygon","properties":{"nr":"1634","navn":"København V","visueltcenter_x":12.55549264,"visueltcenter_y":55.68187637}},{"arcs":[[[-1319,-1328,1337,-1329]],[[-1331,1338,-1336]]],"type":"MultiPolygon","properties":{"nr":"1635","navn":"København V","visueltcenter_x":12.55627711,"visueltcenter_y":55.68284156}},{"arcs":[[[1339,1340,1341,1342,1343,1344,1345,1346,1347,1348,1349,1350,1351,1352,1353,1354,1355,1356,1357]],[[1358,1359,1360,1361,1362,1363,1364,1365,1366,1367,1368,1369,1370]]],"type":"MultiPolygon","properties":{"nr":"1650","navn":"København V","visueltcenter_x":12.55197362,"visueltcenter_y":55.66872787}},{"arcs":[[-1165,-1188,1371,1372,1373,-1364,1374,-1271]],"type":"Polygon","properties":{"nr":"1651","navn":"København V","visueltcenter_x":12.56525239,"visueltcenter_y":55.67129215}},{"arcs":[[[1375,1376,1377,1378]],[[-1366,1379,1380,1381,1382]],[[-1272,-1375,-1363,1383]]],"type":"MultiPolygon","properties":{"nr":"1652","navn":"København V","visueltcenter_x":12.56197922,"visueltcenter_y":55.67242389}},{"arcs":[[[-1367,-1383,1384,1385,1386,1387]],[[-1273,-1384,-1362,1388]]],"type":"MultiPolygon","properties":{"nr":"1653","navn":"København V","visueltcenter_x":12.5609699,"visueltcenter_y":55.67234568}},{"arcs":[[[-1368,-1388,1389,1390]],[[-1274,1391,-1360,1392]]],"type":"MultiPolygon","properties":{"nr":"1654","navn":"København V","visueltcenter_x":12.55933466,"visueltcenter_y":55.67158989}},{"arcs":[[[-1370,1393,1394,1395,1396,1397]],[[-1275,-1393,-1359,1398]]],"type":"MultiPolygon","properties":{"nr":"1655","navn":"København V","visueltcenter_x":12.55816022,"visueltcenter_y":55.67121581}},{"arcs":[[-1276,-1399,-1371,-1398,1399,1400,1401,-1356,1402]],"type":"Polygon","properties":{"nr":"1656","navn":"København V","visueltcenter_x":12.55631521,"visueltcenter_y":55.67137912}},{"arcs":[[[-1357,-1402,1403,1404,1405]],[[-1277,-1403,-1355,1406,1407]]],"type":"MultiPolygon","properties":{"nr":"1657","navn":"København V","visueltcenter_x":12.55581577,"visueltcenter_y":55.67050611}},{"arcs":[[[-1279,1408,-1407,-1354,1409]],[[-1358,-1406,1410,1411,1412]]],"type":"MultiPolygon","properties":{"nr":"1658","navn":"København V","visueltcenter_x":12.55413977,"visueltcenter_y":55.67049852}},{"arcs":[[-1278,-1408,-1409]],"type":"Polygon","properties":{"nr":"1659","navn":"København V","visueltcenter_x":12.55451216,"visueltcenter_y":55.67182348}},{"arcs":[[[-1280,-1410,-1353,1413,1414,1415]],[[-1341,1416,1417,1418,1419]]],"type":"MultiPolygon","properties":{"nr":"1660","navn":"København V","visueltcenter_x":12.55264927,"visueltcenter_y":55.67089792}},{"arcs":[[-1281,-1416,1420,1421]],"type":"Polygon","properties":{"nr":"1661","navn":"København V","visueltcenter_x":12.55188166,"visueltcenter_y":55.67164674}},{"arcs":[[[-1282,-1422,1422,-1414,-1352,1423]],[[1424,1425,1426,1427]],[[-1343,1428,1429]]],"type":"MultiPolygon","properties":{"nr":"1662","navn":"København V","visueltcenter_x":12.55084057,"visueltcenter_y":55.67152277}},{"arcs":[[[-1283,-1424,-1351,1430,1431,1432,1433]],[[-1344,-1430,1434,1435,-1425,1436,1437,1438,1439,1440]]],"type":"MultiPolygon","properties":{"nr":"1663","navn":"København V","visueltcenter_x":12.54995271,"visueltcenter_y":55.67061559}},{"arcs":[[-1284,-1434,1441]],"type":"Polygon","properties":{"nr":"1664","navn":"København V","visueltcenter_x":12.54919832,"visueltcenter_y":55.67191845}},{"arcs":[[[-1285,-1442,-1433,1442]],[[-1350,1443,1444,1445,-1431]],[[-1439,1446,1447,1448]],[[-1345,-1441,1449]]],"type":"MultiPolygon","properties":{"nr":"1665","navn":"København V","visueltcenter_x":12.54858405,"visueltcenter_y":55.67082135}},{"arcs":[[[-1286,-1443,-1432,-1446,1450,1451,1452,1453,1454,1455,1456,1457]],[[-1415,-1423,-1421]]],"type":"MultiPolygon","properties":{"nr":"1666","navn":"København V","visueltcenter_x":12.54734503,"visueltcenter_y":55.66979331}},{"arcs":[[[-1453,1458,1459]],[[-1445,1460,-1451]],[[-1455,1461,1462,1463,1464]]],"type":"MultiPolygon","properties":{"nr":"1667","navn":"København V","visueltcenter_x":12.54621289,"visueltcenter_y":55.66906572}},{"arcs":[[-1349,1465,-1459,-1452,-1461,-1444]],"type":"Polygon","properties":{"nr":"1668","navn":"København V","visueltcenter_x":12.54794234,"visueltcenter_y":55.66882907}},{"arcs":[[[1466,1467,1468,1469,1470,1471,1472]],[[-1348,1473,1474,1475,1476,-1462,-1454,-1460,-1466]]],"type":"MultiPolygon","properties":{"nr":"1669","navn":"København V","visueltcenter_x":12.54769264,"visueltcenter_y":55.66573477}},{"arcs":[[-1347,1477,-1468,1478,1479,1480,1481,1482,-1474]],"type":"Polygon","properties":{"nr":"1670","navn":"København V","visueltcenter_x":12.54504302,"visueltcenter_y":55.66709135}},{"arcs":[[[-1464,1483,1484,-1475,-1483,1485,1486,1487]],[[1488,1489,1490,1491]],[[-1480,1492,1493,1494]]],"type":"MultiPolygon","properties":{"nr":"1671","navn":"København V","visueltcenter_x":12.54566781,"visueltcenter_y":55.66825809}},{"arcs":[[-1463,-1477,1495,-1484]],"type":"Polygon","properties":{"nr":"1672","navn":"København V","visueltcenter_x":12.54639085,"visueltcenter_y":55.6685544}},{"arcs":[[-1476,-1485,-1496]],"type":"Polygon","properties":{"nr":"1673","navn":"København V","visueltcenter_x":12.5465375,"visueltcenter_y":55.66799575}},{"arcs":[[[-1482,1496,1497,1498,1499,1500,1501,1502,1503,1504,1505,-1486]],[[1506,1507,1508]],[[-1456,-1465,-1488,1509,1510]],[[-1287,-1458,1511]]],"type":"MultiPolygon","properties":{"nr":"1674","navn":"København V","visueltcenter_x":12.54312615,"visueltcenter_y":55.66560968}},{"arcs":[[-1467,1512,-1493,-1479]],"type":"Polygon","properties":{"nr":"1675","navn":"København V","visueltcenter_x":12.54685256,"visueltcenter_y":55.66647464}},{"arcs":[[-1448,1513,-1470,1514]],"type":"Polygon","properties":{"nr":"1676","navn":"København V","visueltcenter_x":12.54842401,"visueltcenter_y":55.66619152}},{"arcs":[[-1473,1515,-1494,-1513]],"type":"Polygon","properties":{"nr":"1677","navn":"København V","visueltcenter_x":12.54700046,"visueltcenter_y":55.66602386}},{"arcs":[[-1185,1516,1517,1518,1519,1520,1521,1522]],"type":"Polygon","properties":{"nr":"1699","navn":"København V","visueltcenter_x":12.56294693,"visueltcenter_y":55.66810542}},{"arcs":[[[-1377,1523,1524,-1385,-1382,1525]],[[-1387,1526,1527,1528,1529,-1521,1530,1531,-1395,1532,-1390]],[[-1397,1533,1534,1535,1536,1537,1538,-1411,-1405,1539,-1400]]],"type":"MultiPolygon","properties":{"nr":"1700","navn":"København V","visueltcenter_x":12.56228976,"visueltcenter_y":55.66964694}},{"arcs":[[-1365,-1374,1540,-1380]],"type":"Polygon","properties":{"nr":"1701","navn":"København V","visueltcenter_x":12.56331688,"visueltcenter_y":55.67179515}},{"arcs":[[-1373,1541,-1378,-1526,-1381,-1541]],"type":"Polygon","properties":{"nr":"1702","navn":"København V","visueltcenter_x":12.5637674,"visueltcenter_y":55.67134085}},{"arcs":[[-1376,1542,1543,-1528,1544,-1524]],"type":"Polygon","properties":{"nr":"1703","navn":"København V","visueltcenter_x":12.56292145,"visueltcenter_y":55.67056976}},{"arcs":[[[-1096,-1125,-1173,-1175,-1181,-1176,-1180,-1158,-1179,-1182]],[[-1187,1545,-1522,-1530,1546,-1543,-1379,-1542,-1372]]],"type":"MultiPolygon","properties":{"nr":"1704","navn":"København V","visueltcenter_x":12.5699623,"visueltcenter_y":55.67305739}},{"arcs":[[[-1184,1547,-1507,1548,1549,1550,1551,1552,1553,1554,1555,1556,1557,1558,1559,1560,1561,1562,1563,1564,-1517]],[[-1186,-1523,-1546]]],"type":"MultiPolygon","properties":{"nr":"1705","navn":"København V","visueltcenter_x":12.54517056,"visueltcenter_y":55.66349423}},{"arcs":[[-1369,-1391,-1533,-1394]],"type":"Polygon","properties":{"nr":"1706","navn":"København V","visueltcenter_x":12.55994889,"visueltcenter_y":55.67074811}},{"arcs":[[-1389,-1361,-1392]],"type":"Polygon","properties":{"nr":"1707","navn":"København V","visueltcenter_x":12.56062207,"visueltcenter_y":55.6718825}},{"arcs":[[-1401,-1540,-1404]],"type":"Polygon","properties":{"nr":"1708","navn":"København V","visueltcenter_x":12.55745219,"visueltcenter_y":55.6696213}},{"arcs":[[-1340,-1413,1565,1566,1567,-1417]],"type":"Polygon","properties":{"nr":"1709","navn":"København V","visueltcenter_x":12.55436089,"visueltcenter_y":55.66829956}},{"arcs":[[[-1529,-1544,-1547]],[[-1386,-1525,-1545,-1527]]],"type":"MultiPolygon","properties":{"nr":"1710","navn":"København V","visueltcenter_x":12.56287023,"visueltcenter_y":55.67015852}},{"arcs":[[[-1396,-1532,1568,-1534]],[[-1519,1569,1570,1571,1572,1573]]],"type":"MultiPolygon","properties":{"nr":"1711","navn":"København V","visueltcenter_x":12.5594416,"visueltcenter_y":55.66770326}},{"arcs":[[-1537,1574,-1572,1575]],"type":"Polygon","properties":{"nr":"1712","navn":"København V","visueltcenter_x":12.55783183,"visueltcenter_y":55.66837077}},{"arcs":[[-1565,1576,-1570,-1518]],"type":"Polygon","properties":{"nr":"1714","navn":"København V","visueltcenter_x":12.5584376,"visueltcenter_y":55.66603571}},{"arcs":[[-1520,-1574,1577,-1535,-1569,-1531]],"type":"Polygon","properties":{"nr":"1715","navn":"København V","visueltcenter_x":12.56063662,"visueltcenter_y":55.66870393}},{"arcs":[[-1536,-1578,-1573,-1575]],"type":"Polygon","properties":{"nr":"1716","navn":"København V","visueltcenter_x":12.55886941,"visueltcenter_y":55.66884414}},{"arcs":[[-1538,-1576,-1571,-1577,-1564,1578,1579,1580]],"type":"Polygon","properties":{"nr":"1717","navn":"København V","visueltcenter_x":12.55732037,"visueltcenter_y":55.6670686}},{"arcs":[[-1567,1581,-1580,1582,1583,1584]],"type":"Polygon","properties":{"nr":"1718","navn":"København V","visueltcenter_x":12.55560361,"visueltcenter_y":55.66711053}},{"arcs":[[[-1584,1585,1586,1587]],[[-1562,1588,1589]]],"type":"MultiPolygon","properties":{"nr":"1719","navn":"København V","visueltcenter_x":12.55476615,"visueltcenter_y":55.66698025}},{"arcs":[[[-1418,-1568,-1585,-1588,1590,1591,1592,1593,1594,1595,1596,-1554,1597,1598,-1551,1599,-1549,-1509,1600,1601,1602,1603,1604,1605,-1501,1606,1607,1608,1609,-1489,1610,-1471,-1514,-1447,-1438,1611,-1427,1612]],[[-1412,-1539,-1581,-1582,-1566]]],"type":"MultiPolygon","properties":{"nr":"1720","navn":"København V","visueltcenter_x":12.54064325,"visueltcenter_y":55.66359129}},{"arcs":[[[-1563,-1590,1613,1614,1615,-1592,1616,-1586,-1583,-1579]],[[-1428,-1612,-1437]],[[-1346,-1450,-1440,-1449,-1515,-1469,-1478]]],"type":"MultiPolygon","properties":{"nr":"1721","navn":"København V","visueltcenter_x":12.55326244,"visueltcenter_y":55.66624074}},{"arcs":[[[-1561,1617,-1614,-1589]],[[-1587,-1617,-1591]]],"type":"MultiPolygon","properties":{"nr":"1722","navn":"København V","visueltcenter_x":12.55418453,"visueltcenter_y":55.66657955}},{"arcs":[[-1419,-1613,-1426,-1436]],"type":"Polygon","properties":{"nr":"1723","navn":"København V","visueltcenter_x":12.5522664,"visueltcenter_y":55.66726948}},{"arcs":[[-1342,-1420,-1435,-1429]],"type":"Polygon","properties":{"nr":"1724","navn":"København V","visueltcenter_x":12.55200311,"visueltcenter_y":55.66809061}},{"arcs":[[-1560,1618,-1615,-1618]],"type":"Polygon","properties":{"nr":"1725","navn":"København V","visueltcenter_x":12.55379172,"visueltcenter_y":55.66565101}},{"arcs":[[-1559,1619,-1593,-1616,-1619]],"type":"Polygon","properties":{"nr":"1726","navn":"København V","visueltcenter_x":12.55256569,"visueltcenter_y":55.66564743}},{"arcs":[[-1558,1620,-1594,-1620]],"type":"Polygon","properties":{"nr":"1727","navn":"København V","visueltcenter_x":12.55157104,"visueltcenter_y":55.66529918}},{"arcs":[[-1557,1621,-1595,-1621]],"type":"Polygon","properties":{"nr":"1728","navn":"København V","visueltcenter_x":12.55064723,"visueltcenter_y":55.66481971}},{"arcs":[[-1556,1622,-1596,-1622]],"type":"Polygon","properties":{"nr":"1729","navn":"København V","visueltcenter_x":12.54915072,"visueltcenter_y":55.66458741}},{"arcs":[[-1555,-1597,-1623]],"type":"Polygon","properties":{"nr":"1730","navn":"København V","visueltcenter_x":12.54822289,"visueltcenter_y":55.66439813}},{"arcs":[[-1553,1623,-1598]],"type":"Polygon","properties":{"nr":"1731","navn":"København V","visueltcenter_x":12.54688486,"visueltcenter_y":55.66411741}},{"arcs":[[-1552,-1599,-1624]],"type":"Polygon","properties":{"nr":"1732","navn":"København V","visueltcenter_x":12.54573859,"visueltcenter_y":55.66393593}},{"arcs":[[-1550,-1600]],"type":"Polygon","properties":{"nr":"1733","navn":"København V","visueltcenter_x":12.54431734,"visueltcenter_y":55.66368886}},{"arcs":[[-1491,1624,1625]],"type":"Polygon","properties":{"nr":"1734","navn":"København V","visueltcenter_x":12.54568262,"visueltcenter_y":55.66523209}},{"arcs":[[-1490,-1610,1626,1627,1628,-1625]],"type":"Polygon","properties":{"nr":"1735","navn":"København V","visueltcenter_x":12.54537668,"visueltcenter_y":55.66479718}},{"arcs":[[-1498,1629,-1628,1630,1631]],"type":"Polygon","properties":{"nr":"1736","navn":"København V","visueltcenter_x":12.54364271,"visueltcenter_y":55.66524968}},{"arcs":[[-1609,1632,-1631,-1627]],"type":"Polygon","properties":{"nr":"1737","navn":"København V","visueltcenter_x":12.54447071,"visueltcenter_y":55.66484287}},{"arcs":[[-1499,-1632,-1633,-1608,1633]],"type":"Polygon","properties":{"nr":"1738","navn":"København V","visueltcenter_x":12.54375074,"visueltcenter_y":55.66449069}},{"arcs":[[-1500,-1634,-1607]],"type":"Polygon","properties":{"nr":"1739","navn":"København V","visueltcenter_x":12.54299209,"visueltcenter_y":55.664438}},{"arcs":[[-1305,1634,1635]],"type":"Polygon","properties":{"nr":"1749","navn":"København V","visueltcenter_x":12.53704741,"visueltcenter_y":55.66952602}},{"arcs":[[[-1603,1636,1637]],[[-1292,1638,1639,1640,1641,1642,1643,1644,1645,1646,1647,-1308,1648]]],"type":"MultiPolygon","properties":{"nr":"1750","navn":"København V","visueltcenter_x":12.5398063,"visueltcenter_y":55.66769158}},{"arcs":[[-1288,-1512,-1457,-1511,1649,1650]],"type":"Polygon","properties":{"nr":"1751","navn":"København V","visueltcenter_x":12.54477144,"visueltcenter_y":55.67008603}},{"arcs":[[-1289,-1651,1651,1652,1653,1654]],"type":"Polygon","properties":{"nr":"1752","navn":"København V","visueltcenter_x":12.54294527,"visueltcenter_y":55.67003659}},{"arcs":[[-1653,1655,1656,1657,1658]],"type":"Polygon","properties":{"nr":"1753","navn":"København V","visueltcenter_x":12.54335814,"visueltcenter_y":55.66961867}},{"arcs":[[-1487,-1506,1659,-1656,-1652,-1650,-1510]],"type":"Polygon","properties":{"nr":"1754","navn":"København V","visueltcenter_x":12.54411696,"visueltcenter_y":55.66925047}},{"arcs":[[-1654,-1659,1660]],"type":"Polygon","properties":{"nr":"1755","navn":"København V","visueltcenter_x":12.54272296,"visueltcenter_y":55.66967755}},{"arcs":[[-1290,-1655,-1661,-1658,1661,1662,1663]],"type":"Polygon","properties":{"nr":"1756","navn":"København V","visueltcenter_x":12.54203009,"visueltcenter_y":55.66900959}},{"arcs":[[-1291,-1664,1664,-1639]],"type":"Polygon","properties":{"nr":"1757","navn":"København V","visueltcenter_x":12.54082339,"visueltcenter_y":55.66915035}},{"arcs":[[-1504,1665,1666,1667,1668,-1640,-1665,-1663,1669]],"type":"Polygon","properties":{"nr":"1758","navn":"København V","visueltcenter_x":12.54297343,"visueltcenter_y":55.66758517}},{"arcs":[[-1505,-1670,-1662,-1657,-1660]],"type":"Polygon","properties":{"nr":"1759","navn":"København V","visueltcenter_x":12.5432819,"visueltcenter_y":55.66851692}},{"arcs":[[[-1503,1670,-1666]],[[-1668,1671,1672,1673]],[[-1472,-1611,-1492,-1626,-1629,-1630,-1497,-1481,-1495,-1516]]],"type":"MultiPolygon","properties":{"nr":"1760","navn":"København V","visueltcenter_x":12.54546668,"visueltcenter_y":55.66571623}},{"arcs":[[-1641,-1669,-1674,1674,1675]],"type":"Polygon","properties":{"nr":"1761","navn":"København V","visueltcenter_x":12.54124611,"visueltcenter_y":55.66772397}},{"arcs":[[-1673,1676,1677,1678,1679,-1675]],"type":"Polygon","properties":{"nr":"1762","navn":"København V","visueltcenter_x":12.54086863,"visueltcenter_y":55.66555484}},{"arcs":[[-1502,-1606,1680,-1677,-1672,-1667,-1671]],"type":"Polygon","properties":{"nr":"1763","navn":"København V","visueltcenter_x":12.54207733,"visueltcenter_y":55.6656842}},{"arcs":[[-1642,-1676,-1680,1681]],"type":"Polygon","properties":{"nr":"1764","navn":"København V","visueltcenter_x":12.53940436,"visueltcenter_y":55.66497095}},{"arcs":[[-1604,-1638,1682,-1643,-1682,-1679,1683]],"type":"Polygon","properties":{"nr":"1765","navn":"København V","visueltcenter_x":12.53905783,"visueltcenter_y":55.66440364}},{"arcs":[[-1605,-1684,-1678,-1681]],"type":"Polygon","properties":{"nr":"1766","navn":"København V","visueltcenter_x":12.54067769,"visueltcenter_y":55.66414411}},{"arcs":[[-1647,1684,1685,1686,1687,1688,1689]],"type":"Polygon","properties":{"nr":"1770","navn":"København V","visueltcenter_x":12.5365578,"visueltcenter_y":55.66822916}},{"arcs":[[-1646,1690,1691,-1685]],"type":"Polygon","properties":{"nr":"1771","navn":"København V","visueltcenter_x":12.53917356,"visueltcenter_y":55.66852133}},{"arcs":[[-1686,-1692,1692,1693]],"type":"Polygon","properties":{"nr":"1772","navn":"København V","visueltcenter_x":12.53864545,"visueltcenter_y":55.6682938}},{"arcs":[[-1687,-1694,1694,1695]],"type":"Polygon","properties":{"nr":"1773","navn":"København V","visueltcenter_x":12.53801681,"visueltcenter_y":55.66818798}},{"arcs":[[-1645,1696,1697,1698,1699,1700,-1695,-1693,-1691]],"type":"Polygon","properties":{"nr":"1774","navn":"København V","visueltcenter_x":12.53904722,"visueltcenter_y":55.66797162}},{"arcs":[[-1689,1701,-1700,1702]],"type":"Polygon","properties":{"nr":"1775","navn":"København V","visueltcenter_x":12.53683801,"visueltcenter_y":55.66788031}},{"arcs":[[[-1698,1703]],[[-1688,-1696,-1701,-1702]]],"type":"MultiPolygon","properties":{"nr":"1777","navn":"København V","visueltcenter_x":12.53764622,"visueltcenter_y":55.66702322}},{"arcs":[[-1304,-1648,-1690,-1703,-1699,-1704,-1697,-1644,-1683,-1637,-1602,1704,1705,1706,1707,1708,-1635]],"type":"Polygon","properties":{"nr":"1799","navn":"København V","visueltcenter_x":12.53344813,"visueltcenter_y":55.66585361}},{"arcs":[[-1306,1709,1710,1711,1712,1713,1714,1715,1716,1717,1718,1719]],"type":"Polygon","properties":{"nr":"1800","navn":"Frederiksberg C","visueltcenter_x":12.53600765,"visueltcenter_y":55.67047098}},{"arcs":[[-1636,-1709,1720,1721,1722,1723,-1710]],"type":"Polygon","properties":{"nr":"1801","navn":"Frederiksberg C","visueltcenter_x":12.53414281,"visueltcenter_y":55.6690663}},{"arcs":[[-1711,-1724,1724,1725]],"type":"Polygon","properties":{"nr":"1802","navn":"Frederiksberg C","visueltcenter_x":12.53457921,"visueltcenter_y":55.67007767}},{"arcs":[[-1712,-1726,1726]],"type":"Polygon","properties":{"nr":"1803","navn":"Frederiksberg C","visueltcenter_x":12.53340416,"visueltcenter_y":55.66997053}},{"arcs":[[-1713,-1727,-1725,-1723,1727]],"type":"Polygon","properties":{"nr":"1804","navn":"Frederiksberg C","visueltcenter_x":12.53225891,"visueltcenter_y":55.67003692}},{"arcs":[[-1708,1728,-1721]],"type":"Polygon","properties":{"nr":"1805","navn":"Frederiksberg C","visueltcenter_x":12.5311529,"visueltcenter_y":55.66804842}},{"arcs":[[1729,1730,1731,1732,1733]],"type":"Polygon","properties":{"nr":"1806","navn":"Frederiksberg C","visueltcenter_x":12.53424914,"visueltcenter_y":55.6721564}},{"arcs":[[-1715,1734,-1733,1735]],"type":"Polygon","properties":{"nr":"1807","navn":"Frederiksberg C","visueltcenter_x":12.53331808,"visueltcenter_y":55.67115759}},{"arcs":[[-1716,-1736,-1732,1736]],"type":"Polygon","properties":{"nr":"1808","navn":"Frederiksberg C","visueltcenter_x":12.53426314,"visueltcenter_y":55.67159046}},{"arcs":[[-1717,-1737,-1731,1737,1738,1739]],"type":"Polygon","properties":{"nr":"1809","navn":"Frederiksberg C","visueltcenter_x":12.53554461,"visueltcenter_y":55.6716243}},{"arcs":[[-1293,-1649,-1307,-1720,1740,1741,1742]],"type":"Polygon","properties":{"nr":"1810","navn":"Frederiksberg C","visueltcenter_x":12.53960125,"visueltcenter_y":55.67146453}},{"arcs":[[-1739,1743,1744]],"type":"Polygon","properties":{"nr":"1811","navn":"Frederiksberg C","visueltcenter_x":12.53677431,"visueltcenter_y":55.6725422}},{"arcs":[[-1718,-1740,-1745,1745,1746]],"type":"Polygon","properties":{"nr":"1812","navn":"Frederiksberg C","visueltcenter_x":12.53698945,"visueltcenter_y":55.67120846}},{"arcs":[[-1719,-1747,1747,-1741]],"type":"Polygon","properties":{"nr":"1813","navn":"Frederiksberg C","visueltcenter_x":12.53865345,"visueltcenter_y":55.67238106}},{"arcs":[[-1294,-1743,1748,1749,1750]],"type":"Polygon","properties":{"nr":"1814","navn":"Frederiksberg C","visueltcenter_x":12.54130724,"visueltcenter_y":55.67153382}},{"arcs":[[-1750,1751,1752,1753]],"type":"Polygon","properties":{"nr":"1815","navn":"Frederiksberg C","visueltcenter_x":12.54237549,"visueltcenter_y":55.6727428}},{"arcs":[[-1753,1754,1755,1756]],"type":"Polygon","properties":{"nr":"1816","navn":"Frederiksberg C","visueltcenter_x":12.54338951,"visueltcenter_y":55.67280184}},{"arcs":[[-1295,-1751,-1754,-1757,1757]],"type":"Polygon","properties":{"nr":"1817","navn":"Frederiksberg C","visueltcenter_x":12.54298543,"visueltcenter_y":55.6720535}},{"arcs":[[-1296,-1758,-1756,1758,1759,1760,-1313,-1317]],"type":"Polygon","properties":{"nr":"1818","navn":"Frederiksberg C","visueltcenter_x":12.54488147,"visueltcenter_y":55.67247144}},{"arcs":[[-1253,-1270,-1303,1761,1762]],"type":"Polygon","properties":{"nr":"1819","navn":"Frederiksberg C","visueltcenter_x":12.54936765,"visueltcenter_y":55.67398318}},{"arcs":[[-1300,-1312,1763,1764,-1759,-1755,-1752,-1749,-1742,-1748,-1746,-1744,-1738,-1730,1765,1766,1767,1768,1769,1770,1771,1772,1773,1774,1775,1776,-1762,-1302,-1309]],"type":"Polygon","properties":{"nr":"1820","navn":"Frederiksberg C","visueltcenter_x":12.53462279,"visueltcenter_y":55.67407429}},{"arcs":[[-1311,-1314,-1761,1777,-1764]],"type":"Polygon","properties":{"nr":"1822","navn":"Frederiksberg C","visueltcenter_x":12.54608419,"visueltcenter_y":55.67268282}},{"arcs":[[-1760,-1765,-1778]],"type":"Polygon","properties":{"nr":"1823","navn":"Frederiksberg C","visueltcenter_x":12.54538991,"visueltcenter_y":55.67285485}},{"arcs":[[-1776,1778,1779]],"type":"Polygon","properties":{"nr":"1824","navn":"Frederiksberg C","visueltcenter_x":12.54712394,"visueltcenter_y":55.67414951}},{"arcs":[[-1775,1780,1781,-1779]],"type":"Polygon","properties":{"nr":"1825","navn":"Frederiksberg C","visueltcenter_x":12.5454441,"visueltcenter_y":55.67422815}},{"arcs":[[-1774,1782,1783,-1781]],"type":"Polygon","properties":{"nr":"1826","navn":"Frederiksberg C","visueltcenter_x":12.54450577,"visueltcenter_y":55.67479317}},{"arcs":[[-1773,1784,1785,1786,1787,-1783]],"type":"Polygon","properties":{"nr":"1827","navn":"Frederiksberg C","visueltcenter_x":12.54312856,"visueltcenter_y":55.67472699}},{"arcs":[[-1772,1788,1789,-1785]],"type":"Polygon","properties":{"nr":"1828","navn":"Frederiksberg C","visueltcenter_x":12.5419349,"visueltcenter_y":55.67482887}},{"arcs":[[-1771,1790,1791,-1789]],"type":"Polygon","properties":{"nr":"1829","navn":"Frederiksberg C","visueltcenter_x":12.54143187,"visueltcenter_y":55.67594343}},{"arcs":[[[-1786,-1790,-1792,1792,1793,1794,1795,1796,1797,1798,1799,1800,1801,1802,1803,1804,1805]],[[-1248,-1268,-1250,-1254,-1763,-1777,-1780,-1782,-1784,-1788,1806,1807,1808,1809,1810,1811,1812,1813,1814,1815,1816]]],"type":"MultiPolygon","properties":{"nr":"1850","navn":"Frederiksberg C","visueltcenter_x":12.5362512,"visueltcenter_y":55.67774692}},{"arcs":[[-1770,1817,-1793,-1791]],"type":"Polygon","properties":{"nr":"1851","navn":"Frederiksberg C","visueltcenter_x":12.53965438,"visueltcenter_y":55.67572373}},{"arcs":[[-1769,1818,1819,1820,-1794,-1818]],"type":"Polygon","properties":{"nr":"1852","navn":"Frederiksberg C","visueltcenter_x":12.53849568,"visueltcenter_y":55.67648934}},{"arcs":[[-1768,1821,1822,-1819]],"type":"Polygon","properties":{"nr":"1853","navn":"Frederiksberg C","visueltcenter_x":12.53701022,"visueltcenter_y":55.67529526}},{"arcs":[[-1767,1823,1824,-1822]],"type":"Polygon","properties":{"nr":"1854","navn":"Frederiksberg C","visueltcenter_x":12.53452691,"visueltcenter_y":55.67515529}},{"arcs":[[-1820,-1823,-1825,1825,1826,1827]],"type":"Polygon","properties":{"nr":"1855","navn":"Frederiksberg C","visueltcenter_x":12.53573489,"visueltcenter_y":55.67620071}},{"arcs":[[-1795,-1821,-1828,1828]],"type":"Polygon","properties":{"nr":"1856","navn":"Frederiksberg C","visueltcenter_x":12.53738999,"visueltcenter_y":55.67661415}},{"arcs":[[-1796,-1829,-1827,1829]],"type":"Polygon","properties":{"nr":"1857","navn":"Frederiksberg C","visueltcenter_x":12.53561489,"visueltcenter_y":55.67693751}},{"arcs":[[1830,1831,1832,1833,1834]],"type":"Polygon","properties":{"nr":"1860","navn":"Frederiksberg C","visueltcenter_x":12.53719762,"visueltcenter_y":55.68109331}},{"arcs":[[-1799,1835,1836,-1832,1837]],"type":"Polygon","properties":{"nr":"1861","navn":"Frederiksberg C","visueltcenter_x":12.53508153,"visueltcenter_y":55.67979174}},{"arcs":[[-1800,-1838,-1831,1838,1839]],"type":"Polygon","properties":{"nr":"1862","navn":"Frederiksberg C","visueltcenter_x":12.53618519,"visueltcenter_y":55.68004417}},{"arcs":[[-1835,1840,1841,1842,1843,-1839]],"type":"Polygon","properties":{"nr":"1863","navn":"Frederiksberg C","visueltcenter_x":12.53725843,"visueltcenter_y":55.67918107}},{"arcs":[[[-1801,-1840,-1844,1844,1845,1846,1847,1848,1849]],[[-1798,1850,-1836]]],"type":"MultiPolygon","properties":{"nr":"1864","navn":"Frederiksberg C","visueltcenter_x":12.53709225,"visueltcenter_y":55.6783961}},{"arcs":[[-1843,1851,-1845]],"type":"Polygon","properties":{"nr":"1865","navn":"Frederiksberg C","visueltcenter_x":12.53840772,"visueltcenter_y":55.67906052}},{"arcs":[[-1802,-1850,1852]],"type":"Polygon","properties":{"nr":"1866","navn":"Frederiksberg C","visueltcenter_x":12.53802154,"visueltcenter_y":55.67777926}},{"arcs":[[-1847,1853]],"type":"Polygon","properties":{"nr":"1867","navn":"Frederiksberg C","visueltcenter_x":12.53980769,"visueltcenter_y":55.67856694}},{"arcs":[[-1803,-1853,-1849,1854]],"type":"Polygon","properties":{"nr":"1868","navn":"Frederiksberg C","visueltcenter_x":12.54048726,"visueltcenter_y":55.67769198}},{"arcs":[[[-1804,-1855,-1848,-1854,-1846,-1852,-1842,1855,1856,1857,1858,1859,1860,1861,1862,1863,1864,1865,1866]],[[1867,1868,1869]],[[1870,1871,1872]]],"type":"MultiPolygon","properties":{"nr":"1870","navn":"Frederiksberg C","visueltcenter_x":12.54099176,"visueltcenter_y":55.68052551}},{"arcs":[[[-1857,1873,1874,1875,1876,1877,1878]],[[-1862,1879,1880,1881,1882,1883]]],"type":"MultiPolygon","properties":{"nr":"1871","navn":"Frederiksberg C","visueltcenter_x":12.54271496,"visueltcenter_y":55.68208484}},{"arcs":[[-1863,-1884,1884,1885]],"type":"Polygon","properties":{"nr":"1872","navn":"Frederiksberg C","visueltcenter_x":12.54486513,"visueltcenter_y":55.68027144}},{"arcs":[[-1864,-1886,1886,1887]],"type":"Polygon","properties":{"nr":"1873","navn":"Frederiksberg C","visueltcenter_x":12.54531212,"visueltcenter_y":55.67981424}},{"arcs":[[-1883,1888,1889,-1887,-1885]],"type":"Polygon","properties":{"nr":"1874","navn":"Frederiksberg C","visueltcenter_x":12.546312,"visueltcenter_y":55.6794665}},{"arcs":[[-1865,-1888,-1890,1890,1891]],"type":"Polygon","properties":{"nr":"1875","navn":"Frederiksberg C","visueltcenter_x":12.54439633,"visueltcenter_y":55.67914852}},{"arcs":[[-1866,-1892,1892,1893,1894]],"type":"Polygon","properties":{"nr":"1876","navn":"Frederiksberg C","visueltcenter_x":12.54513765,"visueltcenter_y":55.67796084}},{"arcs":[[-1805,-1867,-1895,1895]],"type":"Polygon","properties":{"nr":"1877","navn":"Frederiksberg C","visueltcenter_x":12.54314122,"visueltcenter_y":55.676822}},{"arcs":[[-1787,-1806,-1896,-1894,1896,-1807]],"type":"Polygon","properties":{"nr":"1878","navn":"Frederiksberg C","visueltcenter_x":12.54447671,"visueltcenter_y":55.67659707}},{"arcs":[[-1808,-1897,-1893,-1891,-1889,-1882,1897,1898,1899,1900,1901,1902,1903,1904,1905,1906,1907,1908,1909,1910,1911,1912,1913,1914,1915,1916,1917]],"type":"Polygon","properties":{"nr":"1879","navn":"Frederiksberg C","visueltcenter_x":12.54791386,"visueltcenter_y":55.67944885}},{"arcs":[[-1201,1918,1919,1920,1921,1922,1923,-1205,-1249,-1817,1924,1925,1926,1927,1928,1929,1930,1931,1932,1933]],"type":"Polygon","properties":{"nr":"1900","navn":"Frederiksberg C","visueltcenter_x":12.55571599,"visueltcenter_y":55.67568449}},{"arcs":[[-1809,-1918,1934]],"type":"Polygon","properties":{"nr":"1901","navn":"Frederiksberg C","visueltcenter_x":12.54638197,"visueltcenter_y":55.67596832}},{"arcs":[[[-1810,-1935,-1917,1935,1936]],[[-1915,1937,1938,1939]]],"type":"MultiPolygon","properties":{"nr":"1902","navn":"Frederiksberg C","visueltcenter_x":12.54764912,"visueltcenter_y":55.67688481}},{"arcs":[[[-1811,-1937,1940,1941]],[[-1939,1942,1943,1944]]],"type":"MultiPolygon","properties":{"nr":"1903","navn":"Frederiksberg C","visueltcenter_x":12.54962625,"visueltcenter_y":55.67760453}},{"arcs":[[-1812,-1942,1945,-1927,1946,1947]],"type":"Polygon","properties":{"nr":"1904","navn":"Frederiksberg C","visueltcenter_x":12.5503761,"visueltcenter_y":55.67662945}},{"arcs":[[-1813,-1948,1948,1949]],"type":"Polygon","properties":{"nr":"1905","navn":"Frederiksberg C","visueltcenter_x":12.55050195,"visueltcenter_y":55.67515882}},{"arcs":[[-1814,-1950,1950]],"type":"Polygon","properties":{"nr":"1906","navn":"Frederiksberg C","visueltcenter_x":12.55138892,"visueltcenter_y":55.67534886}},{"arcs":[[-1816,1951,-1925]],"type":"Polygon","properties":{"nr":"1908","navn":"Frederiksberg C","visueltcenter_x":12.55353922,"visueltcenter_y":55.67446845}},{"arcs":[[-1815,-1951,-1949,-1947,-1926,-1952]],"type":"Polygon","properties":{"nr":"1909","navn":"Frederiksberg C","visueltcenter_x":12.55272852,"visueltcenter_y":55.67558015}},{"arcs":[[[-1914,1952,1953,-1943,-1938]],[[-1197,1954,-1922,1955]]],"type":"MultiPolygon","properties":{"nr":"1910","navn":"Frederiksberg C","visueltcenter_x":12.55012682,"visueltcenter_y":55.67957423}},{"arcs":[[-1916,-1940,-1945,1956,1957,1958,-1928,-1946,-1941,-1936]],"type":"Polygon","properties":{"nr":"1911","navn":"Frederiksberg C","visueltcenter_x":12.55287463,"visueltcenter_y":55.67759267}},{"arcs":[[-1944,-1954,1959,1960,1961,-1957]],"type":"Polygon","properties":{"nr":"1912","navn":"Frederiksberg C","visueltcenter_x":12.55170183,"visueltcenter_y":55.67947352}},{"arcs":[[[1962,1963]],[[-1958,-1962,1964,1965]]],"type":"MultiPolygon","properties":{"nr":"1913","navn":"Frederiksberg C","visueltcenter_x":12.55215583,"visueltcenter_y":55.67825536}},{"arcs":[[-1929,-1959,-1966,1966]],"type":"Polygon","properties":{"nr":"1914","navn":"Frederiksberg C","visueltcenter_x":12.55360844,"visueltcenter_y":55.67839105}},{"arcs":[[-1930,-1967,-1965,-1961,-1964,1967]],"type":"Polygon","properties":{"nr":"1915","navn":"Frederiksberg C","visueltcenter_x":12.55191481,"visueltcenter_y":55.67886014}},{"arcs":[[-1207,1968,-1923,-1955,-1218]],"type":"Polygon","properties":{"nr":"1916","navn":"Frederiksberg C","visueltcenter_x":12.55696888,"visueltcenter_y":55.67755331}},{"arcs":[[-1206,-1924,-1969]],"type":"Polygon","properties":{"nr":"1917","navn":"Frederiksberg C","visueltcenter_x":12.55519671,"visueltcenter_y":55.67684523}},{"arcs":[[-1913,1969,1970,1971,1972,1973,1974,-1931,-1968,-1963,-1960,-1953]],"type":"Polygon","properties":{"nr":"1920","navn":"Frederiksberg C","visueltcenter_x":12.54975215,"visueltcenter_y":55.68036477}},{"arcs":[[-1974,1975,1976]],"type":"Polygon","properties":{"nr":"1921","navn":"Frederiksberg C","visueltcenter_x":12.55335595,"visueltcenter_y":55.67989699}},{"arcs":[[[-1932,-1975,-1977,1977]],[[-1972,1978,1979,1980,1981]]],"type":"MultiPolygon","properties":{"nr":"1922","navn":"Frederiksberg C","visueltcenter_x":12.55207833,"visueltcenter_y":55.68060854}},{"arcs":[[-1912,1982,1983,-1980,1984,-1970]],"type":"Polygon","properties":{"nr":"1923","navn":"Frederiksberg C","visueltcenter_x":12.55021079,"visueltcenter_y":55.6811586}},{"arcs":[[[-1971,-1985,-1979]],[[-1981,-1984,1985,1986]]],"type":"MultiPolygon","properties":{"nr":"1924","navn":"Frederiksberg C","visueltcenter_x":12.55169309,"visueltcenter_y":55.68134585}},{"arcs":[[-1334,1987,-1933,-1978,-1976,-1973,-1982,-1987,1988,1989]],"type":"Polygon","properties":{"nr":"1925","navn":"Frederiksberg C","visueltcenter_x":12.55346186,"visueltcenter_y":55.68101368}},{"arcs":[[-1200,1990,-1919]],"type":"Polygon","properties":{"nr":"1926","navn":"Frederiksberg C","visueltcenter_x":12.5563497,"visueltcenter_y":55.68001631}},{"arcs":[[-1199,1991,-1920,-1991]],"type":"Polygon","properties":{"nr":"1927","navn":"Frederiksberg C","visueltcenter_x":12.55644595,"visueltcenter_y":55.67936955}},{"arcs":[[-1198,-1956,-1921,-1992]],"type":"Polygon","properties":{"nr":"1928","navn":"Frederiksberg C","visueltcenter_x":12.55637458,"visueltcenter_y":55.67873506}},{"arcs":[[-1834,1992,1993,1994,1995,-1874,-1856,-1841]],"type":"Polygon","properties":{"nr":"1950","navn":"Frederiksberg C","visueltcenter_x":12.53569241,"visueltcenter_y":55.68169351}},{"arcs":[[-1994,1996,1997]],"type":"Polygon","properties":{"nr":"1951","navn":"Frederiksberg C","visueltcenter_x":12.53659621,"visueltcenter_y":55.68207494}},{"arcs":[[-1995,-1998,1998,1999]],"type":"Polygon","properties":{"nr":"1952","navn":"Frederiksberg C","visueltcenter_x":12.53583526,"visueltcenter_y":55.68244847}},{"arcs":[[-1875,-1996,-2000,2000,2001,2002]],"type":"Polygon","properties":{"nr":"1953","navn":"Frederiksberg C","visueltcenter_x":12.53719507,"visueltcenter_y":55.68293731}},{"arcs":[[-2002,2003,2004,2005]],"type":"Polygon","properties":{"nr":"1954","navn":"Frederiksberg C","visueltcenter_x":12.5391162,"visueltcenter_y":55.68414812}},{"arcs":[[-1876,-2003,-2006,2006,2007]],"type":"Polygon","properties":{"nr":"1955","navn":"Frederiksberg C","visueltcenter_x":12.54040474,"visueltcenter_y":55.6836199}},{"arcs":[[-1877,-2008,2008,2009]],"type":"Polygon","properties":{"nr":"1956","navn":"Frederiksberg C","visueltcenter_x":12.54129064,"visueltcenter_y":55.6833691}},{"arcs":[[-1878,-2010,2010]],"type":"Polygon","properties":{"nr":"1957","navn":"Frederiksberg C","visueltcenter_x":12.54256238,"visueltcenter_y":55.68329671}},{"arcs":[[-1858,-1879,-2011,-2009,-2007,-2005,2011,2012,2013,2014,2015,-1872,2016,-1868,2017]],"type":"Polygon","properties":{"nr":"1958","navn":"Frederiksberg C","visueltcenter_x":12.54339865,"visueltcenter_y":55.68501919}},{"arcs":[[-2013,2018]],"type":"Polygon","properties":{"nr":"1959","navn":"Frederiksberg C","visueltcenter_x":12.54131491,"visueltcenter_y":55.68571394}},{"arcs":[[[-1873,-2016,2019,2020]],[[2021,2022,2023]],[[2024,2025,2026,2027]],[[-1907,2028,2029,2030]],[[-1905,2031,2032,2033]]],"type":"MultiPolygon","properties":{"nr":"1960","navn":"Frederiksberg C","visueltcenter_x":12.54803396,"visueltcenter_y":55.68501875}},{"arcs":[[-1861,2034,-1900,2035,2036,-1880]],"type":"Polygon","properties":{"nr":"1961","navn":"Frederiksberg C","visueltcenter_x":12.54710267,"visueltcenter_y":55.6819061}},{"arcs":[[[-1860,2037,-1901,-2035]],[[-1899,2038,-2036]]],"type":"MultiPolygon","properties":{"nr":"1962","navn":"Frederiksberg C","visueltcenter_x":12.54653218,"visueltcenter_y":55.68262187}},{"arcs":[[-1881,-2037,-2039,-1898]],"type":"Polygon","properties":{"nr":"1963","navn":"Frederiksberg C","visueltcenter_x":12.54809396,"visueltcenter_y":55.68129366}},{"arcs":[[-1869,-2017,-1871,-2021,2039,-2033,2040,2041,2042,2043]],"type":"Polygon","properties":{"nr":"1964","navn":"Frederiksberg C","visueltcenter_x":12.54841915,"visueltcenter_y":55.68439097}},{"arcs":[[-2043,2044,2045,2046,2047]],"type":"Polygon","properties":{"nr":"1965","navn":"Frederiksberg C","visueltcenter_x":12.54828201,"visueltcenter_y":55.68343992}},{"arcs":[[[-1910,2048,2049]],[[-1903,2050,-2047,2051]],[[-2042,2052,-2045]]],"type":"MultiPolygon","properties":{"nr":"1966","navn":"Frederiksberg C","visueltcenter_x":12.54945981,"visueltcenter_y":55.68336984}},{"arcs":[[-1904,-2052,-2046,-2053,-2041,-2032]],"type":"Polygon","properties":{"nr":"1967","navn":"Frederiksberg C","visueltcenter_x":12.54978855,"visueltcenter_y":55.68419509}},{"arcs":[[[-1859,-2018,-1870,-2044,-2048,-2051,-1902,-2038]],[[-1202,-1934,-1988,-1333]],[[-1911,-2050,2053,2054,2055,-1989,-1986,-1983]]],"type":"MultiPolygon","properties":{"nr":"1970","navn":"Frederiksberg C","visueltcenter_x":12.54880394,"visueltcenter_y":55.68275244}},{"arcs":[[-1908,-2031,2056]],"type":"Polygon","properties":{"nr":"1971","navn":"Frederiksberg C","visueltcenter_x":12.55227545,"visueltcenter_y":55.68421574}},{"arcs":[[-1909,-2057,-2030,2057,-2026,2058,-2054,-2049]],"type":"Polygon","properties":{"nr":"1972","navn":"Frederiksberg C","visueltcenter_x":12.55268155,"visueltcenter_y":55.68366621}},{"arcs":[[-1325,2059,-2055,-2059,-2025,-2028,2060,-2023,2061]],"type":"Polygon","properties":{"nr":"1973","navn":"Frederiksberg C","visueltcenter_x":12.55429159,"visueltcenter_y":55.68367036}},{"arcs":[[[-1324,-1335,-1990,-2056,-2060]],[[-1326,-2062,-2022]]],"type":"MultiPolygon","properties":{"nr":"1974","navn":"Frederiksberg C","visueltcenter_x":12.55381232,"visueltcenter_y":55.6822106}},{"arcs":[[-1707,2062,2063,2064,2065,-2014,-2019,-2012,-2004,-2001,-1999,-1997,-1993,-1833,-1837,-1851,-1797,-1830,-1826,-1824,-1766,-1734,-1735,-1714,-1728,-1722,-1729]],"type":"Polygon","properties":{"nr":"2000","navn":"Frederiksberg","visueltcenter_x":12.51562935,"visueltcenter_y":55.67945641}},{"arcs":[[-469,-970,-473,-491,-536,-679,-683,-652,-682,-603,2066,2067,2068,2069]],"type":"Polygon","properties":{"nr":"2100","navn":"København Ø","visueltcenter_x":12.57364633,"visueltcenter_y":55.7109795}},{"arcs":[[-470,-2070,2070,2071,-976,-965]],"type":"Polygon","properties":{"nr":"2150","navn":"Nordhavn","visueltcenter_x":12.61612961,"visueltcenter_y":55.72293927}},{"arcs":[[-218,-795,-737,-794,-792,-779,-791,-789,-1337,-1339,-1330,-1338,-1327,-2024,-2061,-2027,-2058,-2029,-1906,-2034,-2040,-2020,-2015,-2066,2072,-2067,-602,-707,-687,-706,-695,-705,-698,-703,-701,-704]],"type":"Polygon","properties":{"nr":"2200","navn":"København N","visueltcenter_x":12.54914572,"visueltcenter_y":55.6940569}},{"arcs":[[-801,-1004,-1001,-1003,-967,-980,2073,2074,2075,-1135,-1128,-1101,-884,-955]],"type":"Polygon","properties":{"nr":"2300","navn":"København S","visueltcenter_x":12.6554181,"visueltcenter_y":55.67362511}},{"arcs":[[-2065,2076,2077,2078,2079,2080,-2068,-2073]],"type":"Polygon","properties":{"nr":"2400","navn":"København NV","visueltcenter_x":12.52876704,"visueltcenter_y":55.71256101}},{"arcs":[[-1130,-1136,-2076,2081,2082,-1705,-1601,-1508,-1548,-1183]],"type":"Polygon","properties":{"nr":"2450","navn":"København SV","visueltcenter_x":12.52309722,"visueltcenter_y":55.64077611}},{"arcs":[[-1706,-2083,2083,2084,2085,-2063]],"type":"Polygon","properties":{"nr":"2500","navn":"Valby","visueltcenter_x":12.49869399,"visueltcenter_y":55.65941452}},{"arcs":[[2086,2087,2088,2089,2090,2091]],"type":"Polygon","properties":{"nr":"2600","navn":"Glostrup","visueltcenter_x":12.39697754,"visueltcenter_y":55.6741838}},{"arcs":[[-2090,2092,2093,2094,2095,2096,2097]],"type":"Polygon","properties":{"nr":"2605","navn":"Brøndby","visueltcenter_x":12.40439537,"visueltcenter_y":55.64503648}},{"arcs":[[-2085,2098,-2093,-2089,2099,2100,2101]],"type":"Polygon","properties":{"nr":"2610","navn":"Rødovre","visueltcenter_x":12.44863533,"visueltcenter_y":55.68182922}},{"arcs":[[-2091,-2098,2102,2103,2104,2105,2106]],"type":"Polygon","properties":{"nr":"2620","navn":"Albertslund","visueltcenter_x":12.34477556,"visueltcenter_y":55.6869516}},{"arcs":[[-2097,2107,2108,2109,-2103]],"type":"Polygon","properties":{"nr":"2625","navn":"Vallensbæk","visueltcenter_x":12.36481979,"visueltcenter_y":55.63922355}},{"arcs":[[-2104,-2110,2110,2111,2112,2113]],"type":"Polygon","properties":{"nr":"2630","navn":"Taastrup","visueltcenter_x":12.28083382,"visueltcenter_y":55.6579409}},{"arcs":[[-2109,2114,2115,2116,2117,2118,2119,-2111]],"type":"Polygon","properties":{"nr":"2635","navn":"Ishøj","visueltcenter_x":12.39483896,"visueltcenter_y":55.58776321}},{"arcs":[[-2112,-2120,2120,2121,2122]],"type":"Polygon","properties":{"nr":"2640","navn":"Hedehusene","visueltcenter_x":12.19945854,"visueltcenter_y":55.66357137}},{"arcs":[[-2075,2123,2124,-2117,2125,-2094,-2099,-2084,-2082]],"type":"Polygon","properties":{"nr":"2650","navn":"Hvidovre","visueltcenter_x":12.46097002,"visueltcenter_y":55.58934868}},{"arcs":[[-2095,-2126,-2116,2126]],"type":"Polygon","properties":{"nr":"2660","navn":"Brøndby Strand","visueltcenter_x":12.42233883,"visueltcenter_y":55.61998785}},{"arcs":[[-2096,-2127,-2115,-2108]],"type":"Polygon","properties":{"nr":"2665","navn":"Vallensbæk Strand","visueltcenter_x":12.38841202,"visueltcenter_y":55.61964832}},{"arcs":[[-2119,2127,2128,2129,2130,2131,2132,-2121]],"type":"Polygon","properties":{"nr":"2670","navn":"Greve","visueltcenter_x":12.3529229,"visueltcenter_y":55.54103195}},{"arcs":[[-2131,2133,2134,2135,2136,2137,2138]],"type":"Polygon","properties":{"nr":"2680","navn":"Solrød Strand","visueltcenter_x":12.26072581,"visueltcenter_y":55.5150734}},{"arcs":[[-2132,-2139,2139,2140]],"type":"Polygon","properties":{"nr":"2690","navn":"Karlslunde","visueltcenter_x":12.21374503,"visueltcenter_y":55.5692769}},{"arcs":[[-2078,2141,-2101,2142,2143]],"type":"Polygon","properties":{"nr":"2700","navn":"Brønshøj","visueltcenter_x":12.48463422,"visueltcenter_y":55.70964347}},{"arcs":[[-2064,-2086,-2102,-2142,-2077]],"type":"Polygon","properties":{"nr":"2720","navn":"Vanløse","visueltcenter_x":12.48194421,"visueltcenter_y":55.6883311}},{"arcs":[[-2088,2144,2145,2146,2147,2148,-2143,-2100]],"type":"Polygon","properties":{"nr":"2730","navn":"Herlev","visueltcenter_x":12.42581802,"visueltcenter_y":55.74057031}},{"arcs":[[-2087,-2092,-2107,2149,-2145]],"type":"Polygon","properties":{"nr":"2740","navn":"Skovlunde","visueltcenter_x":12.39724634,"visueltcenter_y":55.71528471}},{"arcs":[[-2106,2150,2151,2152,-2146,-2150]],"type":"Polygon","properties":{"nr":"2750","navn":"Ballerup","visueltcenter_x":12.3638449,"visueltcenter_y":55.73668449}},{"arcs":[[-2152,2153,2154,2155,2156]],"type":"Polygon","properties":{"nr":"2760","navn":"Måløv","visueltcenter_x":12.32084626,"visueltcenter_y":55.75323652}},{"arcs":[[-2105,-2114,2157,2158,-2154,-2151]],"type":"Polygon","properties":{"nr":"2765","navn":"Smørum","visueltcenter_x":12.28121197,"visueltcenter_y":55.72556424}},{"arcs":[[-979,2159,2160,-2124,-2074]],"type":"Polygon","properties":{"nr":"2770","navn":"Kastrup","visueltcenter_x":12.78698239,"visueltcenter_y":55.63352245}},{"arcs":[[-2118,-2125,-2161,2161,2162,2163,-2128]],"type":"Polygon","properties":{"nr":"2791","navn":"Dragør","visueltcenter_x":12.59121712,"visueltcenter_y":55.5081121}},{"arcs":[[2164,2165,2166,2167,2168,2169,2170,2171,2172]],"type":"Polygon","properties":{"nr":"2800","navn":"Kongens Lyngby","visueltcenter_x":12.52083673,"visueltcenter_y":55.78572204}},{"arcs":[[-2173,2173,2174,2175,2176,2177]],"type":"Polygon","properties":{"nr":"2820","navn":"Gentofte","visueltcenter_x":12.53343057,"visueltcenter_y":55.75145806}},{"arcs":[[-2168,2178,2179]],"type":"Polygon","properties":{"nr":"2830","navn":"Virum","visueltcenter_x":12.46836985,"visueltcenter_y":55.78962271}},{"arcs":[[-2169,-2180,2180,2181,2182,2183,2184,2185]],"type":"Polygon","properties":{"nr":"2840","navn":"Holte","visueltcenter_x":12.48640452,"visueltcenter_y":55.81684549}},{"arcs":[[-2170,-2186,2186,2187]],"type":"Polygon","properties":{"nr":"2850","navn":"Nærum","visueltcenter_x":12.54388723,"visueltcenter_y":55.81751707}},{"arcs":[[-2079,-2144,-2149,2188,-2165,-2178,2189]],"type":"Polygon","properties":{"nr":"2860","navn":"Søborg","visueltcenter_x":12.48425242,"visueltcenter_y":55.73800813}},{"arcs":[[-2080,-2190,-2177,2190]],"type":"Polygon","properties":{"nr":"2870","navn":"Dyssegård","visueltcenter_x":12.527951,"visueltcenter_y":55.73206179}},{"arcs":[[-2148,2191,-2166,-2189]],"type":"Polygon","properties":{"nr":"2880","navn":"Bagsværd","visueltcenter_x":12.44587672,"visueltcenter_y":55.76191781}},{"arcs":[[-2069,-2081,-2191,-2176,2192,-2071]],"type":"Polygon","properties":{"nr":"2900","navn":"Hellerup","visueltcenter_x":12.56946744,"visueltcenter_y":55.73442051}},{"arcs":[[-977,-2072,-2193,-2175,2193]],"type":"Polygon","properties":{"nr":"2920","navn":"Charlottenlund","visueltcenter_x":12.6282041,"visueltcenter_y":55.75754187}},{"arcs":[[-2172,2194,2195,-2194,-2174]],"type":"Polygon","properties":{"nr":"2930","navn":"Klampenborg","visueltcenter_x":12.62132919,"visueltcenter_y":55.79609961}},{"arcs":[[-2171,-2188,2196,2197,-2195]],"type":"Polygon","properties":{"nr":"2942","navn":"Skodsborg","visueltcenter_x":12.59260158,"visueltcenter_y":55.82842884}},{"arcs":[[-2185,2198,2199,2200,-2197,-2187]],"type":"Polygon","properties":{"nr":"2950","navn":"Vedbæk","visueltcenter_x":12.64375317,"visueltcenter_y":55.86532817}},{"arcs":[[-2200,2201,2202]],"type":"Polygon","properties":{"nr":"2960","navn":"Rungsted Kyst","visueltcenter_x":12.54954886,"visueltcenter_y":55.88693173}},{"arcs":[[-2184,2203,2204,2205,-2202,-2199]],"type":"Polygon","properties":{"nr":"2970","navn":"Hørsholm","visueltcenter_x":12.43890506,"visueltcenter_y":55.88126308}},{"arcs":[[-2206,2206,2207,2208,2209,2210]],"type":"Polygon","properties":{"nr":"2980","navn":"Kokkedal","visueltcenter_x":12.45605071,"visueltcenter_y":55.91992432}},{"arcs":[[-2210,2211]],"type":"Polygon","properties":{"nr":"2990","navn":"Nivå","visueltcenter_x":12.51321363,"visueltcenter_y":55.92959715}},{"arcs":[[2212,2213,2214,2215,2216,2217,2218,2219]],"type":"Polygon","properties":{"nr":"3000","navn":"Helsingør","visueltcenter_x":12.61245096,"visueltcenter_y":56.03943161}},{"arcs":[[[-2212,2220,2221,2222,2223]],[[2224,2225]]],"type":"MultiPolygon","properties":{"nr":"3050","navn":"Humlebæk","visueltcenter_x":12.53687938,"visueltcenter_y":55.9604599}},{"arcs":[[-2216,2226,2227,-2223,2228]],"type":"Polygon","properties":{"nr":"3060","navn":"Espergærde","visueltcenter_x":12.54283631,"visueltcenter_y":55.99425687}},{"arcs":[[-2215,2229,-2227]],"type":"Polygon","properties":{"nr":"3070","navn":"Snekkersten","visueltcenter_x":12.59499744,"visueltcenter_y":56.00467892}},{"arcs":[[-2218,2230,2231,2232,2233]],"type":"Polygon","properties":{"nr":"3080","navn":"Tikøb","visueltcenter_x":12.45560033,"visueltcenter_y":56.02560338}},{"arcs":[[-2219,-2234,2234,2235,2236,2237,2238]],"type":"Polygon","properties":{"nr":"3100","navn":"Hornbæk","visueltcenter_x":12.45420474,"visueltcenter_y":56.10118532}},{"arcs":[[-2236,2239,2240]],"type":"Polygon","properties":{"nr":"3120","navn":"Dronningmølle","visueltcenter_x":12.38687452,"visueltcenter_y":56.10714196}},{"arcs":[[-2220,-2239,2241,2242]],"type":"Polygon","properties":{"nr":"3140","navn":"Ålsgårde","visueltcenter_x":12.5430865,"visueltcenter_y":56.09086037}},{"arcs":[[-2213,-2243,2243]],"type":"Polygon","properties":{"nr":"3150","navn":"Hellebæk","visueltcenter_x":12.5478008,"visueltcenter_y":56.06020462}},{"arcs":[[2244,2245,2246,2247,2248,2249,2250]],"type":"Polygon","properties":{"nr":"3200","navn":"Helsinge","visueltcenter_x":12.1715219,"visueltcenter_y":56.01099572}},{"arcs":[[-2249,2251,2252,2253]],"type":"Polygon","properties":{"nr":"3210","navn":"Vejby","visueltcenter_x":12.13066388,"visueltcenter_y":56.09457775}},{"arcs":[[-2248,2254,2255,2256,-2252]],"type":"Polygon","properties":{"nr":"3220","navn":"Tisvildeleje","visueltcenter_x":11.95917304,"visueltcenter_y":56.12775807}},{"arcs":[[-2233,2257,-2250,-2254,2258,2259,-2240,-2235]],"type":"Polygon","properties":{"nr":"3230","navn":"Græsted","visueltcenter_x":12.06980339,"visueltcenter_y":56.22745639}},{"arcs":[[-2237,-2241,-2260,2260]],"type":"Polygon","properties":{"nr":"3250","navn":"Gilleleje","visueltcenter_x":12.29353244,"visueltcenter_y":56.16514414}},{"arcs":[[-2247,2261,2262,2263,2264,2265,-2255]],"type":"Polygon","properties":{"nr":"3300","navn":"Frederiksværk","visueltcenter_x":12.05634805,"visueltcenter_y":55.97774198}},{"arcs":[[-2263,2266,2267,2268]],"type":"Polygon","properties":{"nr":"3310","navn":"Ølsted","visueltcenter_x":12.06925064,"visueltcenter_y":55.91156813}},{"arcs":[[-2246,2269,2270,2271,2272,-2267,-2262]],"type":"Polygon","properties":{"nr":"3320","navn":"Skævinge","visueltcenter_x":12.15008815,"visueltcenter_y":55.93559156}},{"arcs":[[-2271,2273,2274]],"type":"Polygon","properties":{"nr":"3330","navn":"Gørløse","visueltcenter_x":12.2099944,"visueltcenter_y":55.8837888}},{"arcs":[[-2256,-2266,2275,2276]],"type":"Polygon","properties":{"nr":"3360","navn":"Liseleje","visueltcenter_x":11.87609952,"visueltcenter_y":56.09213437}},{"arcs":[[-2265,2277,-2276]],"type":"Polygon","properties":{"nr":"3370","navn":"Melby","visueltcenter_x":11.97025413,"visueltcenter_y":55.99124483}},{"arcs":[[-2253,-2257,-2277,-2278,2278,2279,2280,2281,2282,2283,2284,-2259]],"type":"Polygon","properties":{"nr":"3390","navn":"Hundested","visueltcenter_x":11.6705916,"visueltcenter_y":56.26445585}},{"arcs":[[-2208,2285,2286,2287,-2274,-2270,-2245,2288]],"type":"Polygon","properties":{"nr":"3400","navn":"Hillerød","visueltcenter_x":12.28696917,"visueltcenter_y":55.92123871}},{"arcs":[[-2205,2289,2290,2291,-2286,-2207]],"type":"Polygon","properties":{"nr":"3450","navn":"Allerød","visueltcenter_x":12.33661891,"visueltcenter_y":55.86605512}},{"arcs":[[-2183,2292,-2290,-2204]],"type":"Polygon","properties":{"nr":"3460","navn":"Birkerød","visueltcenter_x":12.41757019,"visueltcenter_y":55.84270608}},{"arcs":[[-2209,-2289,-2251,-2258,-2232,2293,-2226,2294,-2221]],"type":"Polygon","properties":{"nr":"3480","navn":"Fredensborg","visueltcenter_x":12.40200836,"visueltcenter_y":55.97086354}},{"arcs":[[-2217,-2229,-2222,-2295,-2225,-2294,-2231]],"type":"Polygon","properties":{"nr":"3490","navn":"Kvistgård","visueltcenter_x":12.49542003,"visueltcenter_y":55.99928886}},{"arcs":[[-2147,-2153,-2157,2295,2296,-2181,-2179,-2167,-2192]],"type":"Polygon","properties":{"nr":"3500","navn":"Værløse","visueltcenter_x":12.35591788,"visueltcenter_y":55.77912974}},{"arcs":[[-2182,-2297,2297,2298,-2291,-2293]],"type":"Polygon","properties":{"nr":"3520","navn":"Farum","visueltcenter_x":12.35067108,"visueltcenter_y":55.81981968}},{"arcs":[[-2287,-2292,-2299,2299,2300]],"type":"Polygon","properties":{"nr":"3540","navn":"Lynge","visueltcenter_x":12.28059858,"visueltcenter_y":55.8397364}},{"arcs":[[-2272,-2275,-2288,-2301,2301,2302,2303]],"type":"Polygon","properties":{"nr":"3550","navn":"Slangerup","visueltcenter_x":12.17447416,"visueltcenter_y":55.85027208}},{"arcs":[[-2268,-2273,-2304,2304,2305,2306,2307]],"type":"Polygon","properties":{"nr":"3600","navn":"Frederikssund","visueltcenter_x":12.07923445,"visueltcenter_y":55.85479562}},{"arcs":[[-2264,-2269,-2308,2308,2309,2310,-2279]],"type":"Polygon","properties":{"nr":"3630","navn":"Jægerspris","visueltcenter_x":11.91680034,"visueltcenter_y":55.86932225}},{"arcs":[[-2303,2311,2312,2313,-2305]],"type":"Polygon","properties":{"nr":"3650","navn":"Ølstykke","visueltcenter_x":12.1609202,"visueltcenter_y":55.78991195}},{"arcs":[[-2156,2314,2315,-2312,-2302,-2300,-2298,-2296]],"type":"Polygon","properties":{"nr":"3660","navn":"Stenløse","visueltcenter_x":12.27836793,"visueltcenter_y":55.80077298}},{"arcs":[[-2155,-2159,2316,-2315]],"type":"Polygon","properties":{"nr":"3670","navn":"Veksø Sjælland","visueltcenter_x":12.23729507,"visueltcenter_y":55.75497247}},{"arcs":[[2317,2318,2319,2320,2321]],"type":"Polygon","properties":{"nr":"3700","navn":"Rønne","visueltcenter_x":14.40163467,"visueltcenter_y":54.98495945}},{"arcs":[[-2318,2322,2323,2324,2325]],"type":"Polygon","properties":{"nr":"3720","navn":"Aakirkeby","visueltcenter_x":14.7409871,"visueltcenter_y":54.6920138}},{"arcs":[[-2325,2326,2327,2328]],"type":"Polygon","properties":{"nr":"3730","navn":"Nexø","visueltcenter_x":15.39301087,"visueltcenter_y":54.87126103}},{"arcs":[[-2328,2329,2330,2331]],"type":"Polygon","properties":{"nr":"3740","navn":"Svaneke","visueltcenter_x":15.67679007,"visueltcenter_y":55.30340399}},{"arcs":[[-2324,2332,-2330,-2327]],"type":"Polygon","properties":{"nr":"3751","navn":"Østermarie","visueltcenter_x":15.02005943,"visueltcenter_y":55.1396331}},{"arcs":[[-2322,2333,2334,2335,-2331,-2333,-2323]],"type":"Polygon","properties":{"nr":"3760","navn":"Gudhjem","visueltcenter_x":15.21574747,"visueltcenter_y":55.51191781}},{"arcs":[[-2335,2336,2337,2338]],"type":"Polygon","properties":{"nr":"3770","navn":"Allinge","visueltcenter_x":14.76377199,"visueltcenter_y":55.36353136}},{"arcs":[[-2321,2339,-2337,-2334]],"type":"Polygon","properties":{"nr":"3782","navn":"Klemensker","visueltcenter_x":14.81018781,"visueltcenter_y":55.19264146}},{"arcs":[[-2320,2340,-2338,-2340]],"type":"Polygon","properties":{"nr":"3790","navn":"Hasle","visueltcenter_x":14.52165638,"visueltcenter_y":55.2284316}},{"arcs":[[-2113,-2123,2341,2342,2343,2344,2345,2346,2347,2348,-2313,-2316,-2317,-2158]],"type":"Polygon","properties":{"nr":"4000","navn":"Roskilde","visueltcenter_x":12.06373356,"visueltcenter_y":55.65647451}},{"arcs":[[-2122,-2133,-2141,2349,-2342]],"type":"Polygon","properties":{"nr":"4030","navn":"Tune","visueltcenter_x":12.16990416,"visueltcenter_y":55.59602755}},{"arcs":[[-2306,-2314,-2349,2350]],"type":"Polygon","properties":{"nr":"4040","navn":"Jyllinge","visueltcenter_x":12.10404063,"visueltcenter_y":55.75603087}},{"arcs":[[-2307,-2351,-2348,2351,2352,-2309]],"type":"Polygon","properties":{"nr":"4050","navn":"Skibby","visueltcenter_x":12.01351904,"visueltcenter_y":55.75873813}},{"arcs":[[-2346,2353,2354,2355,2356,2357,2358]],"type":"Polygon","properties":{"nr":"4060","navn":"Kirke Såby","visueltcenter_x":11.87375746,"visueltcenter_y":55.65437818}},{"arcs":[[-2347,-2359,2359,-2352]],"type":"Polygon","properties":{"nr":"4070","navn":"Kirke Hyllinge","visueltcenter_x":11.92418149,"visueltcenter_y":55.70417096}},{"arcs":[[2360,2361,2362,2363,2364,2365,2366,2367,2368,2369,2370]],"type":"Polygon","properties":{"nr":"4100","navn":"Ringsted","visueltcenter_x":11.82805925,"visueltcenter_y":55.43053197}},{"arcs":[[-2344,2371,2372,2373,2374,2375]],"type":"Polygon","properties":{"nr":"4130","navn":"Viby Sjælland","visueltcenter_x":12.00904287,"visueltcenter_y":55.55011926}},{"arcs":[[-2365,2376,2377,-2375,2378,2379]],"type":"Polygon","properties":{"nr":"4140","navn":"Borup","visueltcenter_x":11.97092667,"visueltcenter_y":55.49411646}},{"arcs":[[-2369,2380,2381,2382,2383,2384]],"type":"Polygon","properties":{"nr":"4160","navn":"Herlufmagle","visueltcenter_x":11.77284465,"visueltcenter_y":55.32910688}},{"arcs":[[-2370,-2385,2385,2386,2387]],"type":"Polygon","properties":{"nr":"4171","navn":"Glumsø","visueltcenter_x":11.67300466,"visueltcenter_y":55.36237671}},{"arcs":[[-2371,-2388,2388]],"type":"Polygon","properties":{"nr":"4173","navn":"Fjenneslev","visueltcenter_x":11.66419067,"visueltcenter_y":55.43261731}},{"arcs":[[-2364,2389,2390,2391,2392,-2377]],"type":"Polygon","properties":{"nr":"4174","navn":"Jystrup Midtsj","visueltcenter_x":11.85552289,"visueltcenter_y":55.52537395}},{"arcs":[[-2361,-2389,-2387,2393,2394,2395,2396,2397]],"type":"Polygon","properties":{"nr":"4180","navn":"Sorø","visueltcenter_x":11.55727004,"visueltcenter_y":55.40880423}},{"arcs":[[-2396,2398,2399,2400]],"type":"Polygon","properties":{"nr":"4190","navn":"Munke Bjergby","visueltcenter_x":11.52243487,"visueltcenter_y":55.50160113}},{"arcs":[[-2395,2401,2402,2403,2404,2405,2406,2407,2408,2409,2410,-2399]],"type":"Polygon","properties":{"nr":"4200","navn":"Slagelse","visueltcenter_x":11.37134678,"visueltcenter_y":55.40887345}},{"arcs":[[-2407,2411,2412,2413,2414,2415,2416,2417,2418]],"type":"Polygon","properties":{"nr":"4220","navn":"Korsør","visueltcenter_x":11.02962796,"visueltcenter_y":55.34799675}},{"arcs":[[-2404,2419,2420,2421,2422,2423,2424,2425,-2414,2426]],"type":"Polygon","properties":{"nr":"4230","navn":"Skælskør","visueltcenter_x":11.34912168,"visueltcenter_y":55.17717085}},{"arcs":[[-2406,2427,-2412]],"type":"Polygon","properties":{"nr":"4241","navn":"Vemmelev","visueltcenter_x":11.26373834,"visueltcenter_y":55.36414208}},{"arcs":[[-2405,-2427,-2413,-2428]],"type":"Polygon","properties":{"nr":"4242","navn":"Boeslunde","visueltcenter_x":11.26828566,"visueltcenter_y":55.3061459}},{"arcs":[[-2421,2428,2429,2430]],"type":"Polygon","properties":{"nr":"4243","navn":"Rude","visueltcenter_x":11.46287897,"visueltcenter_y":55.22423719}},{"arcs":[[-2415,-2426,2431,2432,2433]],"type":"Polygon","properties":{"nr":"4244","navn":"Agersø","visueltcenter_x":11.12804101,"visueltcenter_y":55.22799697}},{"arcs":[[-2425,2434,2435,2436,-2432]],"type":"Polygon","properties":{"nr":"4245","navn":"Omø","visueltcenter_x":11.15794643,"visueltcenter_y":55.1182759}},{"arcs":[[-2384,2437,2438,2439,-2402,-2394,-2386]],"type":"Polygon","properties":{"nr":"4250","navn":"Fuglebjerg","visueltcenter_x":11.55229442,"visueltcenter_y":55.31864081}},{"arcs":[[-2403,-2440,2440,-2429,-2420]],"type":"Polygon","properties":{"nr":"4261","navn":"Dalmose","visueltcenter_x":11.42947642,"visueltcenter_y":55.28221993}},{"arcs":[[-2430,-2441,-2439,2441]],"type":"Polygon","properties":{"nr":"4262","navn":"Sandved","visueltcenter_x":11.528121,"visueltcenter_y":55.25079677}},{"arcs":[[-2409,2442,2443,2444]],"type":"Polygon","properties":{"nr":"4270","navn":"Høng","visueltcenter_x":11.30548124,"visueltcenter_y":55.50308551}},{"arcs":[[-2408,-2419,2445,2446,2447,-2443]],"type":"Polygon","properties":{"nr":"4281","navn":"Gørlev","visueltcenter_x":11.04711131,"visueltcenter_y":55.51887316}},{"arcs":[[-2410,-2445,2448,2449,2450,2451]],"type":"Polygon","properties":{"nr":"4291","navn":"Ruds Vedby","visueltcenter_x":11.38504044,"visueltcenter_y":55.55253436}},{"arcs":[[-2400,-2411,-2452,2452,2453]],"type":"Polygon","properties":{"nr":"4293","navn":"Dianalund","visueltcenter_x":11.48228398,"visueltcenter_y":55.53579978}},{"arcs":[[-2397,-2401,-2454,2454,2455,2456,2457]],"type":"Polygon","properties":{"nr":"4295","navn":"Stenlille","visueltcenter_x":11.57749201,"visueltcenter_y":55.55246779}},{"arcs":[[-2362,-2398,-2458,2458,2459]],"type":"Polygon","properties":{"nr":"4296","navn":"Nyrup","visueltcenter_x":11.6485466,"visueltcenter_y":55.54056312}},{"arcs":[[-2358,2460,2461,2462,2463,2464,2465,2466,2467,2468,-2360]],"type":"Polygon","properties":{"nr":"4300","navn":"Holbæk","visueltcenter_x":11.69985606,"visueltcenter_y":55.73825064}},{"arcs":[[-2310,-2353,-2469,2469]],"type":"Polygon","properties":{"nr":"4305","navn":"Orø","visueltcenter_x":11.80968567,"visueltcenter_y":55.78240201}},{"arcs":[[-2345,-2376,-2378,-2393,2470,-2354]],"type":"Polygon","properties":{"nr":"4320","navn":"Lejre","visueltcenter_x":11.95696429,"visueltcenter_y":55.59456942}},{"arcs":[[-2355,-2471,-2392,2471,2472]],"type":"Polygon","properties":{"nr":"4330","navn":"Hvalsø","visueltcenter_x":11.86940589,"visueltcenter_y":55.58583604}},{"arcs":[[-2356,-2473,2473,2474,2475,-2456,2476,2477,-2462,2478]],"type":"Polygon","properties":{"nr":"4340","navn":"Tølløse","visueltcenter_x":11.74532267,"visueltcenter_y":55.61818163}},{"arcs":[[-2457,-2476,2479,-2459]],"type":"Polygon","properties":{"nr":"4350","navn":"Ugerløse","visueltcenter_x":11.64996808,"visueltcenter_y":55.59017034}},{"arcs":[[-2391,2480,-2474,-2472]],"type":"Polygon","properties":{"nr":"4360","navn":"Kirke Eskilstrup","visueltcenter_x":11.78695601,"visueltcenter_y":55.56442046}},{"arcs":[[-2363,-2460,-2480,-2475,-2481,-2390]],"type":"Polygon","properties":{"nr":"4370","navn":"Store Merløse","visueltcenter_x":11.7241173,"visueltcenter_y":55.54054576}},{"arcs":[[-2357,-2479,-2461]],"type":"Polygon","properties":{"nr":"4390","navn":"Vipperød","visueltcenter_x":11.74969494,"visueltcenter_y":55.66270448}},{"arcs":[[-2447,2481,2482,2483,2484,2485,2486,2487,2488,2489]],"type":"Polygon","properties":{"nr":"4400","navn":"Kalundborg","visueltcenter_x":10.97431629,"visueltcenter_y":55.70601705}},{"arcs":[[-2463,-2478,2490,2491,2492]],"type":"Polygon","properties":{"nr":"4420","navn":"Regstrup","visueltcenter_x":11.60711139,"visueltcenter_y":55.66048124}},{"arcs":[[-2451,2493,2494,-2491,-2477,-2455,-2453]],"type":"Polygon","properties":{"nr":"4440","navn":"Mørkøv","visueltcenter_x":11.49619782,"visueltcenter_y":55.62211279}},{"arcs":[[-2450,2495,2496,2497,2498,2499,-2494]],"type":"Polygon","properties":{"nr":"4450","navn":"Jyderup","visueltcenter_x":11.38733175,"visueltcenter_y":55.61622153}},{"arcs":[[-2499,2500,2501,2502,2503]],"type":"Polygon","properties":{"nr":"4460","navn":"Snertinge","visueltcenter_x":11.37072627,"visueltcenter_y":55.6969919}},{"arcs":[[-2488,2504,-2497,2505]],"type":"Polygon","properties":{"nr":"4470","navn":"Svebølle","visueltcenter_x":11.29429706,"visueltcenter_y":55.65722471}},{"arcs":[[-2444,-2448,-2490,2506]],"type":"Polygon","properties":{"nr":"4480","navn":"Store Fuglede","visueltcenter_x":11.15168308,"visueltcenter_y":55.5741086}},{"arcs":[[-2449,-2507,-2489,-2506,-2496]],"type":"Polygon","properties":{"nr":"4490","navn":"Jerslev Sjælland","visueltcenter_x":11.23183281,"visueltcenter_y":55.61730235}},{"arcs":[[-2281,2507,-2311,-2470,-2468,2508,2509,2510,2511,2512]],"type":"Polygon","properties":{"nr":"4500","navn":"Nykøbing Sj","visueltcenter_x":11.56343652,"visueltcenter_y":55.9928841}},{"arcs":[[-2465,2513,-2492,-2495,-2500,-2504,2514,2515]],"type":"Polygon","properties":{"nr":"4520","navn":"Svinninge","visueltcenter_x":11.48951817,"visueltcenter_y":55.71737311}},{"arcs":[[-2464,-2493,-2514]],"type":"Polygon","properties":{"nr":"4532","navn":"Gislinge","visueltcenter_x":11.56410432,"visueltcenter_y":55.73610011}},{"arcs":[[-2503,2516,2517,2518,-2515]],"type":"Polygon","properties":{"nr":"4534","navn":"Hørve","visueltcenter_x":11.40509,"visueltcenter_y":55.76162863}},{"arcs":[[-2512,2519,2520,2521,2522,-2518,2523,2524,2525]],"type":"Polygon","properties":{"nr":"4540","navn":"Fårevejle","visueltcenter_x":11.37403038,"visueltcenter_y":55.85310811}},{"arcs":[[-2522,2526,2527]],"type":"Polygon","properties":{"nr":"4550","navn":"Asnæs","visueltcenter_x":11.49734325,"visueltcenter_y":55.81190532}},{"arcs":[[-2467,2528,-2527,-2521,2529,2530,-2509]],"type":"Polygon","properties":{"nr":"4560","navn":"Vig","visueltcenter_x":11.56036901,"visueltcenter_y":55.84646728}},{"arcs":[[-2466,-2516,-2519,-2523,-2528,-2529]],"type":"Polygon","properties":{"nr":"4571","navn":"Grevinge","visueltcenter_x":11.58697448,"visueltcenter_y":55.79587455}},{"arcs":[[-2510,-2531,2531]],"type":"Polygon","properties":{"nr":"4572","navn":"Nørre Asmindrup","visueltcenter_x":11.62326767,"visueltcenter_y":55.88038731}},{"arcs":[[-2511,-2532,-2530,-2520]],"type":"Polygon","properties":{"nr":"4573","navn":"Højby","visueltcenter_x":11.55659445,"visueltcenter_y":55.90779403}},{"arcs":[[-2280,-2508]],"type":"Polygon","properties":{"nr":"4581","navn":"Rørvig","visueltcenter_x":11.71725292,"visueltcenter_y":56.01043371}},{"arcs":[[-2282,-2513,-2526,2532,2533,2534,2535]],"type":"Polygon","properties":{"nr":"4583","navn":"Sjællands Odde","visueltcenter_x":11.26204837,"visueltcenter_y":56.08627395}},{"arcs":[[-2486,2536,-2524,-2517,-2502,2537]],"type":"Polygon","properties":{"nr":"4591","navn":"Føllenslev","visueltcenter_x":11.27498796,"visueltcenter_y":55.79702076}},{"arcs":[[-2485,2538,2539,-2533,-2525,-2537]],"type":"Polygon","properties":{"nr":"4592","navn":"Sejerø","visueltcenter_x":11.03916639,"visueltcenter_y":55.92069678}},{"arcs":[[-2487,-2538,-2501,-2498,-2505]],"type":"Polygon","properties":{"nr":"4593","navn":"Eskebjerg","visueltcenter_x":11.23692126,"visueltcenter_y":55.7277303}},{"arcs":[[-2135,2540,2541,2542,2543,2544]],"type":"Polygon","properties":{"nr":"4600","navn":"Køge","visueltcenter_x":12.22015308,"visueltcenter_y":55.45527126}},{"arcs":[[-2138,2545,-2372,-2343,-2350,-2140]],"type":"Polygon","properties":{"nr":"4621","navn":"Gadstrup","visueltcenter_x":12.08017443,"visueltcenter_y":55.5745913}},{"arcs":[[-2137,2546,-2373,-2546]],"type":"Polygon","properties":{"nr":"4622","navn":"Havdrup","visueltcenter_x":12.11265454,"visueltcenter_y":55.54041131}},{"arcs":[[-2136,-2545,2547,-2379,-2374,-2547]],"type":"Polygon","properties":{"nr":"4623","navn":"Lille Skensved","visueltcenter_x":12.08511883,"visueltcenter_y":55.50779016}},{"arcs":[[-2366,-2380,-2548,-2544,2548,2549]],"type":"Polygon","properties":{"nr":"4632","navn":"Bjæverskov","visueltcenter_x":12.02691725,"visueltcenter_y":55.44838852}},{"arcs":[[2550,2551,2552,2553,2554,2555,2556,2557,2558,2559]],"type":"Polygon","properties":{"nr":"4640","navn":"Faxe","visueltcenter_x":12.12411652,"visueltcenter_y":55.2685839}},{"arcs":[[-2542,2560,2561,2562,2563,2564,2565]],"type":"Polygon","properties":{"nr":"4652","navn":"Hårlev","visueltcenter_x":12.22317915,"visueltcenter_y":55.36245892}},{"arcs":[[-2552,2566,-2564,2567]],"type":"Polygon","properties":{"nr":"4653","navn":"Karise","visueltcenter_x":12.21696415,"visueltcenter_y":55.29633252}},{"arcs":[[-2556,2568]],"type":"Polygon","properties":{"nr":"4654","navn":"Faxe Ladeplads","visueltcenter_x":12.19373813,"visueltcenter_y":55.19490482}},{"arcs":[[-2163,2569,2570,2571,-2553,-2568,-2563,2572]],"type":"Polygon","properties":{"nr":"4660","navn":"Store Heddinge","visueltcenter_x":12.51110642,"visueltcenter_y":55.33554618}},{"arcs":[[-2130,2573,-2561,-2541,-2134]],"type":"Polygon","properties":{"nr":"4671","navn":"Strøby","visueltcenter_x":12.31112895,"visueltcenter_y":55.42088958}},{"arcs":[[-2129,-2164,-2573,-2562,-2574]],"type":"Polygon","properties":{"nr":"4672","navn":"Klippinge","visueltcenter_x":12.4342892,"visueltcenter_y":55.44595315}},{"arcs":[[-2554,-2572,2574,2575,2576]],"type":"Polygon","properties":{"nr":"4673","navn":"Rødvig Stevns","visueltcenter_x":12.38750748,"visueltcenter_y":55.20085779}},{"arcs":[[-2543,-2566,2577,-2549]],"type":"Polygon","properties":{"nr":"4681","navn":"Herfølge","visueltcenter_x":12.14194267,"visueltcenter_y":55.41715543}},{"arcs":[[-2367,-2550,-2578,-2565,-2567,-2551,2578]],"type":"Polygon","properties":{"nr":"4682","navn":"Tureby","visueltcenter_x":12.08719823,"visueltcenter_y":55.38830546}},{"arcs":[[-2559,2579,2580,2581]],"type":"Polygon","properties":{"nr":"4683","navn":"Rønnede","visueltcenter_x":12.02277028,"visueltcenter_y":55.23758668}},{"arcs":[[-2382,2582,-2581,2583,2584]],"type":"Polygon","properties":{"nr":"4684","navn":"Holmegaard","visueltcenter_x":11.86408266,"visueltcenter_y":55.25979308}},{"arcs":[[-2368,-2579,-2560,-2582,-2583,-2381]],"type":"Polygon","properties":{"nr":"4690","navn":"Haslev","visueltcenter_x":11.95519764,"visueltcenter_y":55.32031014}},{"arcs":[[-2383,-2585,2585,2586,2587,2588,-2422,-2431,-2442,-2438]],"type":"Polygon","properties":{"nr":"4700","navn":"Næstved","visueltcenter_x":11.77357353,"visueltcenter_y":55.19504272}},{"arcs":[[-2555,-2577,2589,2590,2591,2592,2593,-2557,-2569]],"type":"Polygon","properties":{"nr":"4720","navn":"Præstø","visueltcenter_x":12.19166049,"visueltcenter_y":55.12208613}},{"arcs":[[-2558,-2594,2594,-2586,-2584,-2580]],"type":"Polygon","properties":{"nr":"4733","navn":"Tappernøje","visueltcenter_x":11.98569733,"visueltcenter_y":55.18127292}},{"arcs":[[-2591,2595,2596,2597,2598,2599]],"type":"Polygon","properties":{"nr":"4735","navn":"Mern","visueltcenter_x":12.06283657,"visueltcenter_y":55.04277496}},{"arcs":[[-2588,2600,2601]],"type":"Polygon","properties":{"nr":"4736","navn":"Karrebæksminde","visueltcenter_x":11.6361743,"visueltcenter_y":55.15521424}},{"arcs":[[-2587,-2595,-2593,2602,-2601]],"type":"Polygon","properties":{"nr":"4750","navn":"Lundby","visueltcenter_x":11.78064612,"visueltcenter_y":55.10685595}},{"arcs":[[-2423,-2589,-2602,-2603,-2592,-2600,2603,2604,2605,2606,2607]],"type":"Polygon","properties":{"nr":"4760","navn":"Vordingborg","visueltcenter_x":11.8960716,"visueltcenter_y":55.02464842}},{"arcs":[[-2597,2608,2609]],"type":"Polygon","properties":{"nr":"4771","navn":"Kalvehave","visueltcenter_x":12.15645358,"visueltcenter_y":55.00889353}},{"arcs":[[-2598,-2610,2610,2611,2612,2613]],"type":"Polygon","properties":{"nr":"4772","navn":"Langebæk","visueltcenter_x":12.08817698,"visueltcenter_y":54.99961116}},{"arcs":[[-2599,-2614,2614,-2604]],"type":"Polygon","properties":{"nr":"4773","navn":"Stensved","visueltcenter_x":12.03439585,"visueltcenter_y":54.97060588}},{"arcs":[[-2576,2615,2616,-2611,-2609,-2596,-2590]],"type":"Polygon","properties":{"nr":"4780","navn":"Stege","visueltcenter_x":12.31627561,"visueltcenter_y":54.9362949}},{"arcs":[[-2571,2617,2618,-2616,-2575]],"type":"Polygon","properties":{"nr":"4791","navn":"Borre","visueltcenter_x":12.7284169,"visueltcenter_y":54.97429881}},{"arcs":[[-2612,-2617,-2619,2619,2620,2621]],"type":"Polygon","properties":{"nr":"4792","navn":"Askeby","visueltcenter_x":12.52545007,"visueltcenter_y":54.7375487}},{"arcs":[[-2605,-2615,-2613,-2622,2622,2623]],"type":"Polygon","properties":{"nr":"4793","navn":"Bogø By","visueltcenter_x":12.05993905,"visueltcenter_y":54.92382082}},{"arcs":[[2624,2625,2626,2627,2628,2629]],"type":"Polygon","properties":{"nr":"4800","navn":"Nykøbing F","visueltcenter_x":11.90198993,"visueltcenter_y":54.7930621}},{"arcs":[[-2606,-2624,2630,2631,2632,2633]],"type":"Polygon","properties":{"nr":"4840","navn":"Nørre Alslev","visueltcenter_x":11.78722678,"visueltcenter_y":54.93527293}},{"arcs":[[-2621,2634,2635,2636,-2631,-2623]],"type":"Polygon","properties":{"nr":"4850","navn":"Stubbekøbing","visueltcenter_x":12.41175242,"visueltcenter_y":54.71290684}},{"arcs":[[-2633,2637,2638,2639,2640]],"type":"Polygon","properties":{"nr":"4862","navn":"Guldborg","visueltcenter_x":11.62528305,"visueltcenter_y":54.90483893}},{"arcs":[[-2628,-2638,-2632,-2637,2641]],"type":"Polygon","properties":{"nr":"4863","navn":"Eskilstrup","visueltcenter_x":11.90575722,"visueltcenter_y":54.86008913}},{"arcs":[[-2629,-2642,-2636,2642,2643]],"type":"Polygon","properties":{"nr":"4871","navn":"Horbelev","visueltcenter_x":12.29995982,"visueltcenter_y":54.69990623}},{"arcs":[[-2630,-2644,2644,2645]],"type":"Polygon","properties":{"nr":"4872","navn":"Idestrup","visueltcenter_x":12.11248046,"visueltcenter_y":54.70210497}},{"arcs":[[-2625,-2646,2646,2647,2648,2649]],"type":"Polygon","properties":{"nr":"4873","navn":"Væggerløse","visueltcenter_x":11.98479974,"visueltcenter_y":54.66359732}},{"arcs":[[-2647,2650,2651,2652]],"type":"Polygon","properties":{"nr":"4874","navn":"Gedser","visueltcenter_x":11.9502463,"visueltcenter_y":54.49608541}},{"arcs":[[-2648,-2653,2653,2654,2655,2656]],"type":"Polygon","properties":{"nr":"4880","navn":"Nysted","visueltcenter_x":11.74490279,"visueltcenter_y":54.62941506}},{"arcs":[[-2626,-2650,2657,2658]],"type":"Polygon","properties":{"nr":"4891","navn":"Toreby L","visueltcenter_x":11.77556621,"visueltcenter_y":54.7578349}},{"arcs":[[-2649,-2657,2659,-2658]],"type":"Polygon","properties":{"nr":"4892","navn":"Kettinge","visueltcenter_x":11.74606046,"visueltcenter_y":54.70725618}},{"arcs":[[-2655,2660,2661,2662,2663,2664]],"type":"Polygon","properties":{"nr":"4894","navn":"Øster Ulslev","visueltcenter_x":11.60726017,"visueltcenter_y":54.68554952}},{"arcs":[[-2662,2665,2666]],"type":"Polygon","properties":{"nr":"4895","navn":"Errindlev","visueltcenter_x":11.53487222,"visueltcenter_y":54.63787516}},{"arcs":[[2667,2668,2669,2670,2671,2672,2673,2674,2675,2676]],"type":"Polygon","properties":{"nr":"4900","navn":"Nakskov","visueltcenter_x":10.98835691,"visueltcenter_y":54.75748092}},{"arcs":[[-2674,2677,2678]],"type":"Polygon","properties":{"nr":"4912","navn":"Harpelunde","visueltcenter_x":10.98695965,"visueltcenter_y":54.90510445}},{"arcs":[[-2436,2679,2680,2681,2682,-2676,2683]],"type":"Polygon","properties":{"nr":"4913","navn":"Horslunde","visueltcenter_x":11.20918569,"visueltcenter_y":54.96838447}},{"arcs":[[-2668,2684,2685,2686,2687,2688]],"type":"Polygon","properties":{"nr":"4920","navn":"Søllested","visueltcenter_x":11.29197531,"visueltcenter_y":54.79935911}},{"arcs":[[-2664,2689,2690,-2687,2691,2692,2693,2694]],"type":"Polygon","properties":{"nr":"4930","navn":"Maribo","visueltcenter_x":11.49815546,"visueltcenter_y":54.76659931}},{"arcs":[[-2694,2695,2696,2697,2698]],"type":"Polygon","properties":{"nr":"4941","navn":"Bandholm","visueltcenter_x":11.49059609,"visueltcenter_y":54.83767284}},{"arcs":[[-2640,2699,-2698,2700,2701,2702]],"type":"Polygon","properties":{"nr":"4942","navn":"Askø","visueltcenter_x":11.5111678,"visueltcenter_y":54.89908661}},{"arcs":[[[-2424,-2608,2703,2704,-2680,-2435]],[[-2682,2705,2706]]],"type":"MultiPolygon","properties":{"nr":"4943","navn":"Torrig L","visueltcenter_x":11.36808859,"visueltcenter_y":55.05662783}},{"arcs":[[-2681,-2705,2707,-2702,2708,2709,-2706]],"type":"Polygon","properties":{"nr":"4944","navn":"Fejø","visueltcenter_x":11.4069268,"visueltcenter_y":54.95857211}},{"arcs":[[-2607,-2634,-2641,-2703,-2708,-2704]],"type":"Polygon","properties":{"nr":"4945","navn":"Femø","visueltcenter_x":11.56847203,"visueltcenter_y":54.9844243}},{"arcs":[[-2693,2710,-2696]],"type":"Polygon","properties":{"nr":"4951","navn":"Nørreballe","visueltcenter_x":11.4281128,"visueltcenter_y":54.81506841}},{"arcs":[[-2686,2711,-2709,-2701,-2697,-2711,-2692]],"type":"Polygon","properties":{"nr":"4952","navn":"Stokkemarke","visueltcenter_x":11.37909951,"visueltcenter_y":54.84533107}},{"arcs":[[-2677,-2683,-2707,-2710,-2712,-2685]],"type":"Polygon","properties":{"nr":"4953","navn":"Vesterborg","visueltcenter_x":11.28637518,"visueltcenter_y":54.863378}},{"arcs":[[-2663,-2667,2712,-2690]],"type":"Polygon","properties":{"nr":"4960","navn":"Holeby","visueltcenter_x":11.53543477,"visueltcenter_y":54.70172856}},{"arcs":[[-2652,2713,2714,-2688,-2691,-2713,-2666,-2661,-2654]],"type":"Polygon","properties":{"nr":"4970","navn":"Rødby","visueltcenter_x":11.57693074,"visueltcenter_y":54.53635729}},{"arcs":[[-2669,-2689,-2715,2715]],"type":"Polygon","properties":{"nr":"4983","navn":"Dannemare","visueltcenter_x":11.17254811,"visueltcenter_y":54.71726169}},{"arcs":[[-2627,-2659,-2660,-2656,-2665,-2695,-2699,-2700,-2639]],"type":"Polygon","properties":{"nr":"4990","navn":"Sakskøbing","visueltcenter_x":11.63568865,"visueltcenter_y":54.8143415}},{"arcs":[[2716,2717,2718,2719,2720,2721,2722,2723]],"type":"Polygon","properties":{"nr":"5000","navn":"Odense C","visueltcenter_x":10.39174411,"visueltcenter_y":55.403021}},{"arcs":[[-2723,2724,2725,2726]],"type":"Polygon","properties":{"nr":"5200","navn":"Odense V","visueltcenter_x":10.32843174,"visueltcenter_y":55.39401435}},{"arcs":[[-2724,-2727,2727,2728,2729]],"type":"Polygon","properties":{"nr":"5210","navn":"Odense NV","visueltcenter_x":10.30695242,"visueltcenter_y":55.41754658}},{"arcs":[[-2720,2730,2731,2732,2733,2734,2735,2736]],"type":"Polygon","properties":{"nr":"5220","navn":"Odense SØ","visueltcenter_x":10.49825565,"visueltcenter_y":55.34929575}},{"arcs":[[-2721,-2737,2737,2738]],"type":"Polygon","properties":{"nr":"5230","navn":"Odense M","visueltcenter_x":10.4114235,"visueltcenter_y":55.37859541}},{"arcs":[[-2719,2739,2740,2741,2742,-2731]],"type":"Polygon","properties":{"nr":"5240","navn":"Odense NØ","visueltcenter_x":10.44332209,"visueltcenter_y":55.42123207}},{"arcs":[[-2722,-2739,2743,2744,2745,-2725]],"type":"Polygon","properties":{"nr":"5250","navn":"Odense SV","visueltcenter_x":10.29791607,"visueltcenter_y":55.35251254}},{"arcs":[[-2736,2746,2747,2748,-2744,-2738]],"type":"Polygon","properties":{"nr":"5260","navn":"Odense S","visueltcenter_x":10.39917484,"visueltcenter_y":55.34939755}},{"arcs":[[-2717,-2730,2749,2750,2751]],"type":"Polygon","properties":{"nr":"5270","navn":"Odense N","visueltcenter_x":10.35714765,"visueltcenter_y":55.44966319}},{"arcs":[[-2732,-2743,2752,2753,2754,2755]],"type":"Polygon","properties":{"nr":"5290","navn":"Marslev","visueltcenter_x":10.53251585,"visueltcenter_y":55.396433}},{"arcs":[[-2418,2756,2757,2758,2759,-2755,2760,2761,2762,2763,-2482,-2446]],"type":"Polygon","properties":{"nr":"5300","navn":"Kerteminde","visueltcenter_x":10.8508032,"visueltcenter_y":55.49807432}},{"arcs":[[-2742,2764,-2753]],"type":"Polygon","properties":{"nr":"5320","navn":"Agedrup","visueltcenter_x":10.48909454,"visueltcenter_y":55.43442698}},{"arcs":[[-2741,2765,2766,-2761,-2754,-2765]],"type":"Polygon","properties":{"nr":"5330","navn":"Munkebo","visueltcenter_x":10.53070411,"visueltcenter_y":55.46833207}},{"arcs":[[-2759,2767,2768]],"type":"Polygon","properties":{"nr":"5350","navn":"Rynkeby","visueltcenter_x":10.62525952,"visueltcenter_y":55.40654304}},{"arcs":[[-2762,-2767,2769,2770,2771]],"type":"Polygon","properties":{"nr":"5370","navn":"Mesinge","visueltcenter_x":10.64470255,"visueltcenter_y":55.48986232}},{"arcs":[[-2763,-2772,2772]],"type":"Polygon","properties":{"nr":"5380","navn":"Dalby","visueltcenter_x":10.7017613,"visueltcenter_y":55.51715531}},{"arcs":[[-2483,-2764,-2773,-2771,2773,2774]],"type":"Polygon","properties":{"nr":"5390","navn":"Martofte","visueltcenter_x":10.65770823,"visueltcenter_y":55.61575822}},{"arcs":[[2775,2776,2777,2778,2779,2780,2781,2782]],"type":"Polygon","properties":{"nr":"5400","navn":"Bogense","visueltcenter_x":10.15483531,"visueltcenter_y":55.6129967}},{"arcs":[[-2718,-2752,2783,2784,-2783,2785,2786,-2774,-2770,-2766,-2740]],"type":"Polygon","properties":{"nr":"5450","navn":"Otterup","visueltcenter_x":10.41038685,"visueltcenter_y":55.56662852}},{"arcs":[[-2729,2787,2788,2789,2790,-2750]],"type":"Polygon","properties":{"nr":"5462","navn":"Morud","visueltcenter_x":10.19234031,"visueltcenter_y":55.43415758}},{"arcs":[[2791,2792,2793,2794,2795]],"type":"Polygon","properties":{"nr":"5463","navn":"Harndrup","visueltcenter_x":10.02916475,"visueltcenter_y":55.45477943}},{"arcs":[[-2778,2796,-2796,2797,2798,2799,2800]],"type":"Polygon","properties":{"nr":"5464","navn":"Brenderup Fyn","visueltcenter_x":9.98162512,"visueltcenter_y":55.49127877}},{"arcs":[[-2800,2801,2802]],"type":"Polygon","properties":{"nr":"5466","navn":"Asperup","visueltcenter_x":9.90219075,"visueltcenter_y":55.50180178}},{"arcs":[[-2751,-2791,2803,2804,-2792,-2797,-2777,2805,-2784]],"type":"Polygon","properties":{"nr":"5471","navn":"Søndersø","visueltcenter_x":10.08371535,"visueltcenter_y":55.48691259}},{"arcs":[[-2790,2806,2807,-2804]],"type":"Polygon","properties":{"nr":"5474","navn":"Veflinge","visueltcenter_x":10.14425746,"visueltcenter_y":55.46255574}},{"arcs":[[-2776,-2785,-2806]],"type":"Polygon","properties":{"nr":"5485","navn":"Skamby","visueltcenter_x":10.26859858,"visueltcenter_y":55.51969426}},{"arcs":[[-2726,-2746,2808,2809,-2788,-2728]],"type":"Polygon","properties":{"nr":"5491","navn":"Blommenslyst","visueltcenter_x":10.22531693,"visueltcenter_y":55.38883518}},{"arcs":[[-2789,-2810,2810,2811,-2807]],"type":"Polygon","properties":{"nr":"5492","navn":"Vissenbjerg","visueltcenter_x":10.13229762,"visueltcenter_y":55.39228422}},{"arcs":[[-2779,-2801,-2803,2812,2813,2814]],"type":"Polygon","properties":{"nr":"5500","navn":"Middelfart","visueltcenter_x":9.78489314,"visueltcenter_y":55.48934885}},{"arcs":[[-2758,2815,2816,2817,2818,-2768]],"type":"Polygon","properties":{"nr":"5540","navn":"Ullerslev","visueltcenter_x":10.67264084,"visueltcenter_y":55.38540272}},{"arcs":[[-2733,-2756,-2760,-2769,-2819,2819]],"type":"Polygon","properties":{"nr":"5550","navn":"Langeskov","visueltcenter_x":10.58946818,"visueltcenter_y":55.36672658}},{"arcs":[[-2793,-2805,-2808,-2812,2820,2821,2822,2823]],"type":"Polygon","properties":{"nr":"5560","navn":"Aarup","visueltcenter_x":10.03851749,"visueltcenter_y":55.37369367}},{"arcs":[[-2799,2824,2825,2826,-2813,-2802]],"type":"Polygon","properties":{"nr":"5580","navn":"Nørre Aaby","visueltcenter_x":9.77417672,"visueltcenter_y":55.41549178}},{"arcs":[[-2794,-2824,2827,2828]],"type":"Polygon","properties":{"nr":"5591","navn":"Gelsted","visueltcenter_x":9.96614107,"visueltcenter_y":55.39954114}},{"arcs":[[-2795,-2829,2829,-2825,-2798]],"type":"Polygon","properties":{"nr":"5592","navn":"Ejby","visueltcenter_x":9.82415972,"visueltcenter_y":55.36518649}},{"arcs":[[2830,2831,2832,2833,2834,2835,2836,2837,2838,2839,2840]],"type":"Polygon","properties":{"nr":"5600","navn":"Faaborg","visueltcenter_x":10.30952407,"visueltcenter_y":55.11203154}},{"arcs":[[-2835,2841,2842,2843]],"type":"Polygon","properties":{"nr":"5601","navn":"Lyø","visueltcenter_x":10.1289297,"visueltcenter_y":55.02895047}},{"arcs":[[-2833,2844,2845,2846,-2842,2847]],"type":"Polygon","properties":{"nr":"5602","navn":"Avernakø","visueltcenter_x":10.2827681,"visueltcenter_y":55.00930386}},{"arcs":[[-2834,-2848]],"type":"Polygon","properties":{"nr":"5603","navn":"Bjørnø","visueltcenter_x":10.25360285,"visueltcenter_y":55.06201633}},{"arcs":[[-2823,2848,2849,2850,2851,2852,-2826,-2830,-2828]],"type":"Polygon","properties":{"nr":"5610","navn":"Assens","visueltcenter_x":9.8932785,"visueltcenter_y":55.29165859}},{"arcs":[[-2822,2853,2854,2855,2856,-2849]],"type":"Polygon","properties":{"nr":"5620","navn":"Glamsbjerg","visueltcenter_x":10.10343663,"visueltcenter_y":55.27213799}},{"arcs":[[-2838,2857,2858,-2850,-2857,2859,2860]],"type":"Polygon","properties":{"nr":"5631","navn":"Ebberup","visueltcenter_x":9.96382534,"visueltcenter_y":55.13177189}},{"arcs":[[-2839,-2861,2861]],"type":"Polygon","properties":{"nr":"5642","navn":"Millinge","visueltcenter_x":10.12933606,"visueltcenter_y":55.15062316}},{"arcs":[[-2748,2862,2863,-2841,2864,-2855,2865]],"type":"Polygon","properties":{"nr":"5672","navn":"Broby","visueltcenter_x":10.25211529,"visueltcenter_y":55.24506199}},{"arcs":[[-2840,-2862,-2860,-2856,-2865]],"type":"Polygon","properties":{"nr":"5683","navn":"Haarby","visueltcenter_x":10.07032627,"visueltcenter_y":55.18924968}},{"arcs":[[-2745,-2749,-2866,-2854,-2821,-2811,-2809]],"type":"Polygon","properties":{"nr":"5690","navn":"Tommerup","visueltcenter_x":10.19834407,"visueltcenter_y":55.3195544}},{"arcs":[[-2846,2866,2867,2868,2869,2870,2871,2872,2873,2874,2875,2876,2877]],"type":"Polygon","properties":{"nr":"5700","navn":"Svendborg","visueltcenter_x":10.59802878,"visueltcenter_y":55.01443666}},{"arcs":[[-2831,-2864,2878,2879,2880,2881,2882,2883,2884,2885]],"type":"Polygon","properties":{"nr":"5750","navn":"Ringe","visueltcenter_x":10.42313811,"visueltcenter_y":55.2209888}},{"arcs":[[-2832,-2886,2886,-2867,-2845]],"type":"Polygon","properties":{"nr":"5762","navn":"Vester Skerninge","visueltcenter_x":10.45011017,"visueltcenter_y":55.06342876}},{"arcs":[[-2868,-2887,-2885,2887,2888]],"type":"Polygon","properties":{"nr":"5771","navn":"Stenstrup","visueltcenter_x":10.52352287,"visueltcenter_y":55.12556284}},{"arcs":[[-2884,2889,2890,-2888]],"type":"Polygon","properties":{"nr":"5772","navn":"Kværndrup","visueltcenter_x":10.54250568,"visueltcenter_y":55.18424637}},{"arcs":[[-2735,2891,-2879,-2863,-2747]],"type":"Polygon","properties":{"nr":"5792","navn":"Årslev","visueltcenter_x":10.3936597,"visueltcenter_y":55.2906707}},{"arcs":[[-2417,2892,2893,2894,-2816,-2757]],"type":"Polygon","properties":{"nr":"5800","navn":"Nyborg","visueltcenter_x":10.79790443,"visueltcenter_y":55.35301317}},{"arcs":[[-2817,-2895,2895,2896,2897,2898,2899,-2881,2900]],"type":"Polygon","properties":{"nr":"5853","navn":"Ørbæk","visueltcenter_x":10.63473931,"visueltcenter_y":55.2661035}},{"arcs":[[-2883,2901,-2899,2902,-2890]],"type":"Polygon","properties":{"nr":"5854","navn":"Gislev","visueltcenter_x":10.60886979,"visueltcenter_y":55.2122797}},{"arcs":[[-2882,-2900,-2902]],"type":"Polygon","properties":{"nr":"5856","navn":"Ryslinge","visueltcenter_x":10.54368086,"visueltcenter_y":55.23725238}},{"arcs":[[-2734,-2820,-2818,-2901,-2880,-2892]],"type":"Polygon","properties":{"nr":"5863","navn":"Ferritslev Fyn","visueltcenter_x":10.58601195,"visueltcenter_y":55.31045491}},{"arcs":[[-2894,2903,-2896]],"type":"Polygon","properties":{"nr":"5871","navn":"Frørup","visueltcenter_x":10.81307692,"visueltcenter_y":55.23864739}},{"arcs":[[-2416,-2434,2904,2905,2906,2907,-2897,-2904,-2893]],"type":"Polygon","properties":{"nr":"5874","navn":"Hesselager","visueltcenter_x":10.79995852,"visueltcenter_y":55.17539817}},{"arcs":[[-2871,2908,2909]],"type":"Polygon","properties":{"nr":"5881","navn":"Skårup Fyn","visueltcenter_x":10.76263715,"visueltcenter_y":55.06735111}},{"arcs":[[-2870,2910,2911,2912,-2909]],"type":"Polygon","properties":{"nr":"5882","navn":"Vejstrup","visueltcenter_x":10.79980106,"visueltcenter_y":55.09510217}},{"arcs":[[-2906,2913,-2912,2914,2915]],"type":"Polygon","properties":{"nr":"5883","navn":"Oure","visueltcenter_x":10.77337328,"visueltcenter_y":55.11784585}},{"arcs":[[-2907,-2916,2916]],"type":"Polygon","properties":{"nr":"5884","navn":"Gudme","visueltcenter_x":10.7120614,"visueltcenter_y":55.1496317}},{"arcs":[[-2869,-2889,-2891,-2903,-2898,-2908,-2917,-2915,-2911]],"type":"Polygon","properties":{"nr":"5892","navn":"Gudbjerg Sydfyn","visueltcenter_x":10.63638217,"visueltcenter_y":55.15512414}},{"arcs":[[-2673,2917,2918,-2873,2919,-2678]],"type":"Polygon","properties":{"nr":"5900","navn":"Rudkøbing","visueltcenter_x":10.80968538,"visueltcenter_y":54.88518842}},{"arcs":[[-2672,2920,2921,2922,2923,-2918]],"type":"Polygon","properties":{"nr":"5932","navn":"Humble","visueltcenter_x":10.63436277,"visueltcenter_y":54.81821541}},{"arcs":[[-2671,2924,2925,-2921]],"type":"Polygon","properties":{"nr":"5935","navn":"Bagenkop","visueltcenter_x":10.66497262,"visueltcenter_y":54.65753168}},{"arcs":[[-2874,-2919,-2924,2926,2927]],"type":"Polygon","properties":{"nr":"5943","navn":"Strynø","visueltcenter_x":10.58807706,"visueltcenter_y":54.90089651}},{"arcs":[[-2433,-2437,-2684,-2675,-2679,-2920,-2872,-2910,-2913,-2914,-2905]],"type":"Polygon","properties":{"nr":"5953","navn":"Tranekær","visueltcenter_x":10.94268354,"visueltcenter_y":55.06361655}},{"arcs":[[-2876,2928,-2927,-2923,2929]],"type":"Polygon","properties":{"nr":"5960","navn":"Marstal","visueltcenter_x":10.51672958,"visueltcenter_y":54.85672022}},{"arcs":[[-2875,-2928,-2929]],"type":"Polygon","properties":{"nr":"5965","navn":"Birkholm","visueltcenter_x":10.50923834,"visueltcenter_y":54.9345412}},{"arcs":[[-2877,-2930,-2922,-2926,2930,2931,2932]],"type":"Polygon","properties":{"nr":"5970","navn":"Ærøskøbing","visueltcenter_x":10.33601694,"visueltcenter_y":54.79716403}},{"arcs":[[-2843,-2847,-2878,-2933,2933,2934]],"type":"Polygon","properties":{"nr":"5985","navn":"Søby Ærø","visueltcenter_x":10.21809442,"visueltcenter_y":54.94375791}},{"arcs":[[2935,2936,2937,2938,2939,2940,2941,2942,2943]],"type":"Polygon","properties":{"nr":"6000","navn":"Kolding","visueltcenter_x":9.46847631,"visueltcenter_y":55.50221297}},{"arcs":[[-2942,2944,2945,2946,2947,2948,2949,2950,2951,2952,2953]],"type":"Polygon","properties":{"nr":"6040","navn":"Egtved","visueltcenter_x":9.29089234,"visueltcenter_y":55.61664144}},{"arcs":[[-2943,-2954,2954,2955]],"type":"Polygon","properties":{"nr":"6051","navn":"Almind","visueltcenter_x":9.46401838,"visueltcenter_y":55.55907816}},{"arcs":[[-2953,2956,2957,-2955]],"type":"Polygon","properties":{"nr":"6052","navn":"Viuf","visueltcenter_x":9.49835852,"visueltcenter_y":55.58677181}},{"arcs":[[-2946,2958,2959]],"type":"Polygon","properties":{"nr":"6064","navn":"Jordrup","visueltcenter_x":9.3183142,"visueltcenter_y":55.55380577}},{"arcs":[[-2939,2960,2961,2962,2963,2964,2965]],"type":"Polygon","properties":{"nr":"6070","navn":"Christiansfeld","visueltcenter_x":9.44750863,"visueltcenter_y":55.35487274}},{"arcs":[[-2937,2966,2967,2968]],"type":"Polygon","properties":{"nr":"6091","navn":"Bjert","visueltcenter_x":9.55990342,"visueltcenter_y":55.44548525}},{"arcs":[[-2814,-2827,-2853,2969,2970,-2968,2971]],"type":"Polygon","properties":{"nr":"6092","navn":"Sønder Stenderup","visueltcenter_x":9.65720072,"visueltcenter_y":55.44711912}},{"arcs":[[-2938,-2969,-2971,2972,-2961]],"type":"Polygon","properties":{"nr":"6093","navn":"Sjølund","visueltcenter_x":9.53828204,"visueltcenter_y":55.4068472}},{"arcs":[[-2852,2973,-2962,-2973,-2970]],"type":"Polygon","properties":{"nr":"6094","navn":"Hejls","visueltcenter_x":9.62026417,"visueltcenter_y":55.38893478}},{"arcs":[[-2851,-2859,2974,2975,2976,2977,2978,-2963,-2974]],"type":"Polygon","properties":{"nr":"6100","navn":"Haderslev","visueltcenter_x":9.61886938,"visueltcenter_y":55.24177268}},{"arcs":[[-2977,2979,2980,2981,2982,2983,2984,2985,2986,2987]],"type":"Polygon","properties":{"nr":"6200","navn":"Aabenraa","visueltcenter_x":9.49975045,"visueltcenter_y":55.02899493}},{"arcs":[[-2976,2988,-2980]],"type":"Polygon","properties":{"nr":"6210","navn":"Barsø","visueltcenter_x":9.58941416,"visueltcenter_y":55.1226369}},{"arcs":[[-2978,-2988,2989,2990,2991,2992,2993,2994]],"type":"Polygon","properties":{"nr":"6230","navn":"Rødekro","visueltcenter_x":9.28037618,"visueltcenter_y":55.07437317}},{"arcs":[[-2992,2995,2996,2997,2998,2999,3000]],"type":"Polygon","properties":{"nr":"6240","navn":"Løgumkloster","visueltcenter_x":8.96415413,"visueltcenter_y":55.06237954}},{"arcs":[[-2998,3001,3002,3003,3004]],"type":"Polygon","properties":{"nr":"6261","navn":"Bredebro","visueltcenter_x":8.68091354,"visueltcenter_y":55.07311357}},{"arcs":[[-2997,3005,3006,3007,-3002]],"type":"Polygon","properties":{"nr":"6270","navn":"Tønder","visueltcenter_x":8.89453488,"visueltcenter_y":54.95248429}},{"arcs":[[-3003,-3008,3008,3009]],"type":"Polygon","properties":{"nr":"6280","navn":"Højer","visueltcenter_x":8.65269961,"visueltcenter_y":54.97473424}},{"arcs":[[-2983,3010,3011,3012,3013,3014]],"type":"Polygon","properties":{"nr":"6300","navn":"Gråsten","visueltcenter_x":9.55791076,"visueltcenter_y":54.91730187}},{"arcs":[[-3012,3015,3016,3017,3018]],"type":"Polygon","properties":{"nr":"6310","navn":"Broager","visueltcenter_x":9.68079394,"visueltcenter_y":54.8713804}},{"arcs":[[-3013,-3019,3019]],"type":"Polygon","properties":{"nr":"6320","navn":"Egernsund","visueltcenter_x":9.61059297,"visueltcenter_y":54.90003298}},{"arcs":[[-2985,3020,3021,3022]],"type":"Polygon","properties":{"nr":"6330","navn":"Padborg","visueltcenter_x":9.30983473,"visueltcenter_y":54.84549059}},{"arcs":[[-2984,-3015,3023,-3021]],"type":"Polygon","properties":{"nr":"6340","navn":"Kruså","visueltcenter_x":9.46328593,"visueltcenter_y":54.8687306}},{"arcs":[[-2986,-3023,3024,3025,3026]],"type":"Polygon","properties":{"nr":"6360","navn":"Tinglev","visueltcenter_x":9.20354055,"visueltcenter_y":54.90310802}},{"arcs":[[-2991,3027,-3026,3028,-3006,-2996]],"type":"Polygon","properties":{"nr":"6372","navn":"Bylderup-Bov","visueltcenter_x":9.14165594,"visueltcenter_y":55.01708464}},{"arcs":[[-2987,-3027,-3028,-2990]],"type":"Polygon","properties":{"nr":"6392","navn":"Bolderslev","visueltcenter_x":9.20811159,"visueltcenter_y":54.9843364}},{"arcs":[[-2982,3029,3030,3031,-3016,-3011]],"type":"Polygon","properties":{"nr":"6400","navn":"Sønderborg","visueltcenter_x":9.71079556,"visueltcenter_y":54.9528525}},{"arcs":[[-2837,3032,-3030,-2981,-2989,-2975,-2858]],"type":"Polygon","properties":{"nr":"6430","navn":"Nordborg","visueltcenter_x":9.77014411,"visueltcenter_y":55.06940698}},{"arcs":[[-2836,-2844,-2935,3033,-3031,-3033]],"type":"Polygon","properties":{"nr":"6440","navn":"Augustenborg","visueltcenter_x":10.00776445,"visueltcenter_y":54.98937381}},{"arcs":[[-2932,3034,-3017,-3032,-3034,-2934]],"type":"Polygon","properties":{"nr":"6470","navn":"Sydals","visueltcenter_x":10.03587811,"visueltcenter_y":54.87308589}},{"arcs":[[-2964,-2979,-2995,3035,3036,3037,3038,3039,3040]],"type":"Polygon","properties":{"nr":"6500","navn":"Vojens","visueltcenter_x":9.31835235,"visueltcenter_y":55.2436827}},{"arcs":[[-3039,3041,3042,3043,3044]],"type":"Polygon","properties":{"nr":"6510","navn":"Gram","visueltcenter_x":9.01601909,"visueltcenter_y":55.27645397}},{"arcs":[[-3000,3045,-3042,-3038,3046,3047,3048]],"type":"Polygon","properties":{"nr":"6520","navn":"Toftlund","visueltcenter_x":9.0451996,"visueltcenter_y":55.18306206}},{"arcs":[[-2994,3049,-3048,3050,-3036]],"type":"Polygon","properties":{"nr":"6534","navn":"Agerskov","visueltcenter_x":9.15854853,"visueltcenter_y":55.12832485}},{"arcs":[[-2993,-3001,-3049,-3050]],"type":"Polygon","properties":{"nr":"6535","navn":"Branderup J","visueltcenter_x":9.05916508,"visueltcenter_y":55.12085206}},{"arcs":[[-3037,-3051,-3047]],"type":"Polygon","properties":{"nr":"6541","navn":"Bevtoft","visueltcenter_x":9.19750089,"visueltcenter_y":55.19588025}},{"arcs":[[-2965,-3041,3051,3052]],"type":"Polygon","properties":{"nr":"6560","navn":"Sommersted","visueltcenter_x":9.26072776,"visueltcenter_y":55.32447339}},{"arcs":[[-2940,-2966,-3053,3053,3054,3055]],"type":"Polygon","properties":{"nr":"6580","navn":"Vamdrup","visueltcenter_x":9.34398711,"visueltcenter_y":55.41366579}},{"arcs":[[-2947,-2960,3056,-3055,3057,3058,3059,3060,3061]],"type":"Polygon","properties":{"nr":"6600","navn":"Vejen","visueltcenter_x":9.11204215,"visueltcenter_y":55.4784284}},{"arcs":[[-3061,3062]],"type":"Polygon","properties":{"nr":"6621","navn":"Gesten","visueltcenter_x":9.1837296,"visueltcenter_y":55.53607493}},{"arcs":[[-2948,-3062,-3063,-3060,3063,3064]],"type":"Polygon","properties":{"nr":"6622","navn":"Bække","visueltcenter_x":9.15666611,"visueltcenter_y":55.58270689}},{"arcs":[[-2949,-3065,3065,3066,3067,3068,3069]],"type":"Polygon","properties":{"nr":"6623","navn":"Vorbasse","visueltcenter_x":9.09958348,"visueltcenter_y":55.63499139}},{"arcs":[[-3040,-3045,3070,3071,3072,-3058,-3054,-3052]],"type":"Polygon","properties":{"nr":"6630","navn":"Rødding","visueltcenter_x":9.14057169,"visueltcenter_y":55.38472069}},{"arcs":[[-2941,-3056,-3057,-2959,-2945]],"type":"Polygon","properties":{"nr":"6640","navn":"Lunderskov","visueltcenter_x":9.32882435,"visueltcenter_y":55.4763505}},{"arcs":[[-3059,-3073,3073,3074,3075,3076,-3066,-3064]],"type":"Polygon","properties":{"nr":"6650","navn":"Brørup","visueltcenter_x":8.99731666,"visueltcenter_y":55.49880374}},{"arcs":[[-3072,3077,3078,-3074]],"type":"Polygon","properties":{"nr":"6660","navn":"Lintrup","visueltcenter_x":8.99575864,"visueltcenter_y":55.41777362}},{"arcs":[[-3076,3079,3080,3081,3082,3083,3084]],"type":"Polygon","properties":{"nr":"6670","navn":"Holsted","visueltcenter_x":8.90149179,"visueltcenter_y":55.51123399}},{"arcs":[[-3067,-3077,-3085,3085,3086,3087]],"type":"Polygon","properties":{"nr":"6682","navn":"Hovborg","visueltcenter_x":8.94671137,"visueltcenter_y":55.60367953}},{"arcs":[[-3075,-3079,3088,3089,3090,-3080]],"type":"Polygon","properties":{"nr":"6683","navn":"Føvling","visueltcenter_x":8.91001913,"visueltcenter_y":55.43560842}},{"arcs":[[-3081,-3091,3091,3092]],"type":"Polygon","properties":{"nr":"6690","navn":"Gørding","visueltcenter_x":8.82201058,"visueltcenter_y":55.4813413}},{"arcs":[[3093,3094,3095,3096]],"type":"Polygon","properties":{"nr":"6700","navn":"Esbjerg","visueltcenter_x":8.46174114,"visueltcenter_y":55.45935717}},{"arcs":[[-3097,3097,3098,3099,3100,3101]],"type":"Polygon","properties":{"nr":"6705","navn":"Esbjerg Ø","visueltcenter_x":8.50670194,"visueltcenter_y":55.49118916}},{"arcs":[[-3095,3102,3103,3104,3105,3106]],"type":"Polygon","properties":{"nr":"6710","navn":"Esbjerg V","visueltcenter_x":8.34866677,"visueltcenter_y":55.55262453}},{"arcs":[[-3096,-3107,3107,3108,-3098]],"type":"Polygon","properties":{"nr":"6715","navn":"Esbjerg N","visueltcenter_x":8.5093547,"visueltcenter_y":55.55332885}},{"arcs":[[-3094,-3102,3109,3110,3111,3112,3113,3114,-3103]],"type":"Polygon","properties":{"nr":"6720","navn":"Fanø","visueltcenter_x":7.56593986,"visueltcenter_y":55.28286185}},{"arcs":[[-3101,3115,3116,-3110]],"type":"Polygon","properties":{"nr":"6731","navn":"Tjæreborg","visueltcenter_x":8.59046906,"visueltcenter_y":55.46029975}},{"arcs":[[-3082,-3093,3117,-3116,-3100,3118,3119]],"type":"Polygon","properties":{"nr":"6740","navn":"Bramming","visueltcenter_x":8.70168486,"visueltcenter_y":55.46065157}},{"arcs":[[-3083,-3120,3120,3121]],"type":"Polygon","properties":{"nr":"6752","navn":"Glejbjerg","visueltcenter_x":8.83181793,"visueltcenter_y":55.55973335}},{"arcs":[[-3084,-3122,3122,3123,3124,-3086]],"type":"Polygon","properties":{"nr":"6753","navn":"Agerbæk","visueltcenter_x":8.82421529,"visueltcenter_y":55.60852142}},{"arcs":[[-3044,3125,3126,-3112,3127,-3089,-3078,-3071]],"type":"Polygon","properties":{"nr":"6760","navn":"Ribe","visueltcenter_x":8.76358629,"visueltcenter_y":55.31137673}},{"arcs":[[-3090,-3128,-3111,-3117,-3118,-3092]],"type":"Polygon","properties":{"nr":"6771","navn":"Gredstedbro","visueltcenter_x":8.60307494,"visueltcenter_y":55.37115323}},{"arcs":[[-2999,-3005,3128,-3126,-3043,-3046]],"type":"Polygon","properties":{"nr":"6780","navn":"Skærbæk","visueltcenter_x":8.79091021,"visueltcenter_y":55.17738587}},{"arcs":[[-3004,-3010,3129,-3113,-3127,-3129]],"type":"Polygon","properties":{"nr":"6792","navn":"Rømø","visueltcenter_x":8.29013955,"visueltcenter_y":55.14881868}},{"arcs":[[-3106,3130,3131,3132,3133,3134,3135,3136,3137,3138,-3124,3139,-3108]],"type":"Polygon","properties":{"nr":"6800","navn":"Varde","visueltcenter_x":8.52854473,"visueltcenter_y":55.65607154}},{"arcs":[[-3099,-3109,-3140,-3123,-3121,-3119]],"type":"Polygon","properties":{"nr":"6818","navn":"Årre","visueltcenter_x":8.71515262,"visueltcenter_y":55.57689258}},{"arcs":[[-3138,3140,3141,3142]],"type":"Polygon","properties":{"nr":"6823","navn":"Ansager","visueltcenter_x":8.75126746,"visueltcenter_y":55.72123589}},{"arcs":[[-3134,3143,3144,3145,3146,3147]],"type":"Polygon","properties":{"nr":"6830","navn":"Nørre Nebel","visueltcenter_x":8.22547945,"visueltcenter_y":55.7873441}},{"arcs":[[3148,3149,3150,3151,3152,3153,3154]],"type":"Polygon","properties":{"nr":"6840","navn":"Oksbøl","visueltcenter_x":8.2413214,"visueltcenter_y":55.63843566}},{"arcs":[[-3132,3155,-3150,3156]],"type":"Polygon","properties":{"nr":"6851","navn":"Janderup Vestj","visueltcenter_x":8.38971082,"visueltcenter_y":55.63374455}},{"arcs":[[-3105,3157,-3151,-3156,-3131]],"type":"Polygon","properties":{"nr":"6852","navn":"Billum","visueltcenter_x":8.306516,"visueltcenter_y":55.59542013}},{"arcs":[[-3153,3158,3159]],"type":"Polygon","properties":{"nr":"6853","navn":"Vejers Strand","visueltcenter_x":5.24215492,"visueltcenter_y":55.43289751}},{"arcs":[[-3145,3160,-3155,3161,3162]],"type":"Polygon","properties":{"nr":"6854","navn":"Henne","visueltcenter_x":4.43594447,"visueltcenter_y":55.71982269}},{"arcs":[[-3133,-3157,-3149,-3161,-3144]],"type":"Polygon","properties":{"nr":"6855","navn":"Outrup","visueltcenter_x":8.37405373,"visueltcenter_y":55.70803366}},{"arcs":[[-3104,-3115,3163,-3159,-3152,-3158]],"type":"Polygon","properties":{"nr":"6857","navn":"Blåvand","visueltcenter_x":6.6069035,"visueltcenter_y":55.45206547}},{"arcs":[[-3137,3164,-3141]],"type":"Polygon","properties":{"nr":"6862","navn":"Tistrup","visueltcenter_x":8.63263378,"visueltcenter_y":55.71896752}},{"arcs":[[-3136,3165,3166,-3142,-3165]],"type":"Polygon","properties":{"nr":"6870","navn":"Ølgod","visueltcenter_x":8.61815877,"visueltcenter_y":55.79347704}},{"arcs":[[-3135,-3148,3167,3168,3169,3170,3171,3172,-3166]],"type":"Polygon","properties":{"nr":"6880","navn":"Tarm","visueltcenter_x":8.54104706,"visueltcenter_y":55.89016003}},{"arcs":[[-3147,-3168]],"type":"Polygon","properties":{"nr":"6893","navn":"Hemmet","visueltcenter_x":8.33561789,"visueltcenter_y":55.85259869}},{"arcs":[[-3169,3173,3174,3175,3176,3177,3178]],"type":"Polygon","properties":{"nr":"6900","navn":"Skjern","visueltcenter_x":8.53885308,"visueltcenter_y":55.99089664}},{"arcs":[[-3178,3179,3180,3181,3182,3183,3184]],"type":"Polygon","properties":{"nr":"6920","navn":"Videbæk","visueltcenter_x":8.66992988,"visueltcenter_y":56.08052418}},{"arcs":[[-3184,3185,3186,3187,3188,3189]],"type":"Polygon","properties":{"nr":"6933","navn":"Kibæk","visueltcenter_x":8.92947696,"visueltcenter_y":55.94883412}},{"arcs":[[-3176,3190,3191]],"type":"Polygon","properties":{"nr":"6940","navn":"Lem St","visueltcenter_x":8.42316735,"visueltcenter_y":56.05110041}},{"arcs":[[-3175,3192,3193,3194,3195,3196,-3191]],"type":"Polygon","properties":{"nr":"6950","navn":"Ringkøbing","visueltcenter_x":4.07461311,"visueltcenter_y":56.20098497}},{"arcs":[[-3146,-3163,3197,-3193,-3174]],"type":"Polygon","properties":{"nr":"6960","navn":"Hvide Sande","visueltcenter_x":4.28511819,"visueltcenter_y":55.93212987}},{"arcs":[[-3177,-3192,-3197,3198,3199,-3180]],"type":"Polygon","properties":{"nr":"6971","navn":"Spjald","visueltcenter_x":8.50600358,"visueltcenter_y":56.15361133}},{"arcs":[[-3181,-3200,3200,3201,3202,3203,3204]],"type":"Polygon","properties":{"nr":"6973","navn":"Ørnhøj","visueltcenter_x":8.52448598,"visueltcenter_y":56.21518023}},{"arcs":[[-3196,3205,-3201,-3199]],"type":"Polygon","properties":{"nr":"6980","navn":"Tim","visueltcenter_x":8.19684723,"visueltcenter_y":56.18956069}},{"arcs":[[-3195,3206,3207,3208,3209,-3202,-3206]],"type":"Polygon","properties":{"nr":"6990","navn":"Ulfborg","visueltcenter_x":8.0070526,"visueltcenter_y":56.3042395}},{"arcs":[[-2780,-2815,-2972,-2967,-2936,-2944,-2956,-2958,3210,3211,3212,3213,3214]],"type":"Polygon","properties":{"nr":"7000","navn":"Fredericia","visueltcenter_x":9.66918005,"visueltcenter_y":55.57103757}},{"arcs":[[-3212,3215,3216,3217,3218]],"type":"Polygon","properties":{"nr":"7080","navn":"Børkop","visueltcenter_x":9.67048857,"visueltcenter_y":55.65719788}},{"arcs":[[-2952,3219,3220,3221,3222,3223,3224,3225,-3216,-3211,-2957]],"type":"Polygon","properties":{"nr":"7100","navn":"Vejle","visueltcenter_x":9.5066267,"visueltcenter_y":55.69052913}},{"arcs":[[-3217,-3226,3226,3227]],"type":"Polygon","properties":{"nr":"7120","navn":"Vejle Øst","visueltcenter_x":9.63873738,"visueltcenter_y":55.7220274}},{"arcs":[[-2781,-3215,3228,3229,3230,3231,3232]],"type":"Polygon","properties":{"nr":"7130","navn":"Juelsminde","visueltcenter_x":10.02918372,"visueltcenter_y":55.76046689}},{"arcs":[[-3213,-3219,3233,3234,3235,3236]],"type":"Polygon","properties":{"nr":"7140","navn":"Stouby","visueltcenter_x":9.78417201,"visueltcenter_y":55.69215915}},{"arcs":[[-3214,-3237,3237,-3229]],"type":"Polygon","properties":{"nr":"7150","navn":"Barrit","visueltcenter_x":9.8978292,"visueltcenter_y":55.68695015}},{"arcs":[[-3222,3238,3239,3240,3241,3242,3243,3244,3245]],"type":"Polygon","properties":{"nr":"7160","navn":"Tørring","visueltcenter_x":9.50220604,"visueltcenter_y":55.87483844}},{"arcs":[[-3223,-3246,3246,3247,3248]],"type":"Polygon","properties":{"nr":"7171","navn":"Uldum","visueltcenter_x":9.59518771,"visueltcenter_y":55.8358153}},{"arcs":[[-3240,3249,3250]],"type":"Polygon","properties":{"nr":"7173","navn":"Vonge","visueltcenter_x":9.42328648,"visueltcenter_y":55.86467774}},{"arcs":[[-2951,3251,3252,3253,-3220]],"type":"Polygon","properties":{"nr":"7182","navn":"Bredsten","visueltcenter_x":9.36512374,"visueltcenter_y":55.70610256}},{"arcs":[[-2950,-3070,3254,3255,3256,-3252]],"type":"Polygon","properties":{"nr":"7183","navn":"Randbøl","visueltcenter_x":9.26919785,"visueltcenter_y":55.67810764}},{"arcs":[[-3256,3257,3258]],"type":"Polygon","properties":{"nr":"7184","navn":"Vandel","visueltcenter_x":9.19531768,"visueltcenter_y":55.71507833}},{"arcs":[[-3069,3259,3260,3261,3262,-3258,-3255]],"type":"Polygon","properties":{"nr":"7190","navn":"Billund","visueltcenter_x":9.10071489,"visueltcenter_y":55.73792043}},{"arcs":[[-3087,-3125,-3139,-3143,-3167,-3173,3263,3264,3265,-3261,3266]],"type":"Polygon","properties":{"nr":"7200","navn":"Grindsted","visueltcenter_x":8.89887879,"visueltcenter_y":55.75986358}},{"arcs":[[-3068,-3088,-3267,-3260]],"type":"Polygon","properties":{"nr":"7250","navn":"Hejnsvig","visueltcenter_x":8.96462269,"visueltcenter_y":55.69122218}},{"arcs":[[-3172,3267,-3188,3268,-3264]],"type":"Polygon","properties":{"nr":"7260","navn":"Sønder Omme","visueltcenter_x":8.89341393,"visueltcenter_y":55.85051521}},{"arcs":[[-3171,3269,-3189,-3268]],"type":"Polygon","properties":{"nr":"7270","navn":"Stakroge","visueltcenter_x":8.82814289,"visueltcenter_y":55.89268974}},{"arcs":[[-3170,-3179,-3185,-3190,-3270]],"type":"Polygon","properties":{"nr":"7280","navn":"Sønder Felding","visueltcenter_x":8.80469301,"visueltcenter_y":55.94233943}},{"arcs":[[-3221,-3254,3270,3271,-3250,-3239]],"type":"Polygon","properties":{"nr":"7300","navn":"Jelling","visueltcenter_x":9.43589642,"visueltcenter_y":55.76853547}},{"arcs":[[-3253,-3257,-3259,-3263,3272,-3271]],"type":"Polygon","properties":{"nr":"7321","navn":"Gadbjerg","visueltcenter_x":9.31066038,"visueltcenter_y":55.77031641}},{"arcs":[[-3241,-3251,-3272,-3273,-3262,-3266,3273,3274,3275]],"type":"Polygon","properties":{"nr":"7323","navn":"Give","visueltcenter_x":9.2710166,"visueltcenter_y":55.85744681}},{"arcs":[[-3187,3276,3277,-3274,-3265,-3269]],"type":"Polygon","properties":{"nr":"7330","navn":"Brande","visueltcenter_x":9.0912202,"visueltcenter_y":55.93341595}},{"arcs":[[-3275,-3278,3278,3279,3280,3281]],"type":"Polygon","properties":{"nr":"7361","navn":"Ejstrupholm","visueltcenter_x":9.24826265,"visueltcenter_y":56.02375436}},{"arcs":[[-3281,3282,3283,3284,3285,3286]],"type":"Polygon","properties":{"nr":"7362","navn":"Hampen","visueltcenter_x":9.38166979,"visueltcenter_y":56.06515415}},{"arcs":[[-3183,3287,3288,3289,3290,-3279,-3277,-3186]],"type":"Polygon","properties":{"nr":"7400","navn":"Herning","visueltcenter_x":8.98775376,"visueltcenter_y":56.11911505}},{"arcs":[[-3280,-3291,3291,3292,-3283]],"type":"Polygon","properties":{"nr":"7430","navn":"Ikast","visueltcenter_x":9.1925469,"visueltcenter_y":56.09377094}},{"arcs":[[-3284,-3293,3293,3294,3295,3296,3297]],"type":"Polygon","properties":{"nr":"7441","navn":"Bording","visueltcenter_x":9.25469883,"visueltcenter_y":56.15035869}},{"arcs":[[-3296,3298,3299,3300]],"type":"Polygon","properties":{"nr":"7442","navn":"Engesvang","visueltcenter_x":9.30391703,"visueltcenter_y":56.21005036}},{"arcs":[[-3290,3301,3302,3303,-3294,-3292]],"type":"Polygon","properties":{"nr":"7451","navn":"Sunds","visueltcenter_x":9.02585964,"visueltcenter_y":56.22960774}},{"arcs":[[-3295,-3304,3304,3305,3306,3307,-3299]],"type":"Polygon","properties":{"nr":"7470","navn":"Karup J","visueltcenter_x":9.17419358,"visueltcenter_y":56.32799021}},{"arcs":[[-3182,-3205,3308,3309,-3288]],"type":"Polygon","properties":{"nr":"7480","navn":"Vildbjerg","visueltcenter_x":8.74507312,"visueltcenter_y":56.18215286}},{"arcs":[[-3289,-3310,3310,3311,3312,-3302]],"type":"Polygon","properties":{"nr":"7490","navn":"Aulum","visueltcenter_x":8.79948064,"visueltcenter_y":56.2699576}},{"arcs":[[-3203,-3210,3313,3314,3315,3316,3317,-3312,3318]],"type":"Polygon","properties":{"nr":"7500","navn":"Holstebro","visueltcenter_x":8.58519299,"visueltcenter_y":56.34794414}},{"arcs":[[-3303,-3313,-3318,3319,3320,-3305]],"type":"Polygon","properties":{"nr":"7540","navn":"Haderup","visueltcenter_x":8.9740962,"visueltcenter_y":56.32444075}},{"arcs":[[-3204,-3319,-3311,-3309]],"type":"Polygon","properties":{"nr":"7550","navn":"Sørvad","visueltcenter_x":8.66525292,"visueltcenter_y":56.25194401}},{"arcs":[[-3316,3321,3322]],"type":"Polygon","properties":{"nr":"7560","navn":"Hjerm","visueltcenter_x":8.64900967,"visueltcenter_y":56.43288826}},{"arcs":[[-3209,3323,3324,3325,-3314]],"type":"Polygon","properties":{"nr":"7570","navn":"Vemb","visueltcenter_x":8.27244636,"visueltcenter_y":56.35236537}},{"arcs":[[-3315,-3326,3326,3327,3328,3329,3330,-3322]],"type":"Polygon","properties":{"nr":"7600","navn":"Struer","visueltcenter_x":8.60339354,"visueltcenter_y":56.52775554}},{"arcs":[[-3328,3331,3332,3333,3334,3335,3336]],"type":"Polygon","properties":{"nr":"7620","navn":"Lemvig","visueltcenter_x":8.33453584,"visueltcenter_y":56.54580784}},{"arcs":[[-3208,3337,-3333,3338,-3324]],"type":"Polygon","properties":{"nr":"7650","navn":"Bøvlingbjerg","visueltcenter_x":5.04556549,"visueltcenter_y":56.54689645}},{"arcs":[[-3325,-3339,-3332,-3327]],"type":"Polygon","properties":{"nr":"7660","navn":"Bækmarksbro","visueltcenter_x":8.33184097,"visueltcenter_y":56.41551889}},{"arcs":[[-3335,3339,3340,3341,3342]],"type":"Polygon","properties":{"nr":"7673","navn":"Harboøre","visueltcenter_x":8.06400269,"visueltcenter_y":56.62870473}},{"arcs":[[-3341,3343,3344]],"type":"Polygon","properties":{"nr":"7680","navn":"Thyborøn","visueltcenter_x":6.26580665,"visueltcenter_y":56.86776362}},{"arcs":[[3345,3346,3347,3348,3349,3350,3351]],"type":"Polygon","properties":{"nr":"7700","navn":"Thisted","visueltcenter_x":7.90681299,"visueltcenter_y":57.32370377}},{"arcs":[[-3351,3352,3353]],"type":"Polygon","properties":{"nr":"7730","navn":"Hanstholm","visueltcenter_x":8.33928238,"visueltcenter_y":57.44347291}},{"arcs":[[-3352,-3354,3354,3355,3356,3357,3358,3359,3360]],"type":"Polygon","properties":{"nr":"7741","navn":"Frøstrup","visueltcenter_x":8.9170332,"visueltcenter_y":57.39912576}},{"arcs":[[-3346,-3361,3361,3362,3363,3364]],"type":"Polygon","properties":{"nr":"7742","navn":"Vesløs","visueltcenter_x":9.03058677,"visueltcenter_y":57.00570708}},{"arcs":[[-3349,3365,3366,3367,3368,3369]],"type":"Polygon","properties":{"nr":"7752","navn":"Snedsted","visueltcenter_x":7.47858654,"visueltcenter_y":57.2597249}},{"arcs":[[-3369,3370,3371,3372,3373]],"type":"Polygon","properties":{"nr":"7755","navn":"Bedsted Thy","visueltcenter_x":7.21613935,"visueltcenter_y":57.17740891}},{"arcs":[[-3336,-3343,3374,-3372,3375,3376]],"type":"Polygon","properties":{"nr":"7760","navn":"Hurup Thy","visueltcenter_x":8.42909599,"visueltcenter_y":56.72425361}},{"arcs":[[-3342,-3345,3377,-3373,-3375]],"type":"Polygon","properties":{"nr":"7770","navn":"Vestervig","visueltcenter_x":6.93927002,"visueltcenter_y":57.02202911}},{"arcs":[[-3329,-3337,-3377,3378,3379,3380]],"type":"Polygon","properties":{"nr":"7790","navn":"Thyholm","visueltcenter_x":8.51363052,"visueltcenter_y":56.62765212}},{"arcs":[[-3306,-3321,3381,3382,3383,3384,3385,3386]],"type":"Polygon","properties":{"nr":"7800","navn":"Skive","visueltcenter_x":8.99505562,"visueltcenter_y":56.46317549}},{"arcs":[[-3317,-3323,-3331,3387,-3382,-3320]],"type":"Polygon","properties":{"nr":"7830","navn":"Vinderup","visueltcenter_x":8.80020865,"visueltcenter_y":56.47769058}},{"arcs":[[-3385,3388,3389,3390,3391,3392,3393,3394]],"type":"Polygon","properties":{"nr":"7840","navn":"Højslev","visueltcenter_x":9.16509632,"visueltcenter_y":56.59677993}},{"arcs":[[-3386,-3395,3395]],"type":"Polygon","properties":{"nr":"7850","navn":"Stoholm Jyll","visueltcenter_x":9.12847686,"visueltcenter_y":56.48444375}},{"arcs":[[-3330,-3381,3396,3397,-3383,-3388]],"type":"Polygon","properties":{"nr":"7860","navn":"Spøttrup","visueltcenter_x":8.82098992,"visueltcenter_y":56.62419195}},{"arcs":[[-3384,-3398,3398,3399,3400,3401,-3389]],"type":"Polygon","properties":{"nr":"7870","navn":"Roslev","visueltcenter_x":9.04159313,"visueltcenter_y":56.72437033}},{"arcs":[[-3401,3402,3403,3404]],"type":"Polygon","properties":{"nr":"7884","navn":"Fur","visueltcenter_x":9.00553893,"visueltcenter_y":56.84193567}},{"arcs":[[-3347,-3365,3405,-3403,-3400,3406,3407,3408,3409,-3367,3410]],"type":"Polygon","properties":{"nr":"7900","navn":"Nykøbing M","visueltcenter_x":8.88457349,"visueltcenter_y":56.90798948}},{"arcs":[[-3348,-3411,-3366]],"type":"Polygon","properties":{"nr":"7950","navn":"Erslev","visueltcenter_x":8.69843044,"visueltcenter_y":56.8517685}},{"arcs":[[-3368,-3410,3411,3412,-3379,-3376,-3371]],"type":"Polygon","properties":{"nr":"7960","navn":"Karby","visueltcenter_x":8.56443606,"visueltcenter_y":56.76132134}},{"arcs":[[-3409,3413,3414,-3412]],"type":"Polygon","properties":{"nr":"7970","navn":"Redsted M","visueltcenter_x":8.63946767,"visueltcenter_y":56.73993747}},{"arcs":[[-3408,3415,-3414]],"type":"Polygon","properties":{"nr":"7980","navn":"Vils","visueltcenter_x":8.72666914,"visueltcenter_y":56.74842812}},{"arcs":[[-3380,-3413,-3415,-3416,-3407,-3399,-3397]],"type":"Polygon","properties":{"nr":"7990","navn":"Øster Assels","visueltcenter_x":8.70032858,"visueltcenter_y":56.68763915}},{"arcs":[[3416,3417,3418,3419,3420,3421,3422]],"type":"Polygon","properties":{"nr":"8000","navn":"Aarhus C","visueltcenter_x":10.27802097,"visueltcenter_y":56.15051496}},{"arcs":[[-3423,3423,3424,3425,3426,3427,3428]],"type":"Polygon","properties":{"nr":"8200","navn":"Aarhus N","visueltcenter_x":10.15922351,"visueltcenter_y":56.20167527}},{"arcs":[[-3422,3429,3430,3431,-3424]],"type":"Polygon","properties":{"nr":"8210","navn":"Aarhus V","visueltcenter_x":10.15819911,"visueltcenter_y":56.17162148}},{"arcs":[[-3431,3432,3433,3434,3435,3436]],"type":"Polygon","properties":{"nr":"8220","navn":"Brabrand","visueltcenter_x":10.06788413,"visueltcenter_y":56.15788265}},{"arcs":[[-3421,3437,-3433,-3430]],"type":"Polygon","properties":{"nr":"8230","navn":"Åbyhøj","visueltcenter_x":10.1605019,"visueltcenter_y":56.15196052}},{"arcs":[[-3417,-3429,3438,3439,3440]],"type":"Polygon","properties":{"nr":"8240","navn":"Risskov","visueltcenter_x":10.24680782,"visueltcenter_y":56.18719668}},{"arcs":[[-3440,3441,3442,3443,3444]],"type":"Polygon","properties":{"nr":"8250","navn":"Egå","visueltcenter_x":10.29989608,"visueltcenter_y":56.22214938}},{"arcs":[[-3420,3445,3446,3447,3448,3449,-3434,-3438]],"type":"Polygon","properties":{"nr":"8260","navn":"Viby J","visueltcenter_x":10.13778473,"visueltcenter_y":56.12635244}},{"arcs":[[-3419,3450,3451,3452,3453,-3446]],"type":"Polygon","properties":{"nr":"8270","navn":"Højbjerg","visueltcenter_x":10.28961018,"visueltcenter_y":56.09903701}},{"arcs":[[-3232,3454,3455,3456,3457,3458,3459,3460,3461,3462]],"type":"Polygon","properties":{"nr":"8300","navn":"Odder","visueltcenter_x":10.24464778,"visueltcenter_y":55.92457284}},{"arcs":[[-2484,-2775,-2787,3463,-3462,3464,3465,3466,-2539]],"type":"Polygon","properties":{"nr":"8305","navn":"Samsø","visueltcenter_x":10.68434089,"visueltcenter_y":55.91180366}},{"arcs":[[-3447,-3454,3467,3468,3469,3470]],"type":"Polygon","properties":{"nr":"8310","navn":"Tranbjerg J","visueltcenter_x":10.13924601,"visueltcenter_y":56.09423322}},{"arcs":[[-3453,3471,3472,3473,-3468]],"type":"Polygon","properties":{"nr":"8320","navn":"Mårslet","visueltcenter_x":10.15312251,"visueltcenter_y":56.0658713}},{"arcs":[[-3452,3474,3475,-3472]],"type":"Polygon","properties":{"nr":"8330","navn":"Beder","visueltcenter_x":10.24584275,"visueltcenter_y":56.06302044}},{"arcs":[[-3460,3476,-3473,-3476,3477,3478]],"type":"Polygon","properties":{"nr":"8340","navn":"Malling","visueltcenter_x":10.2151148,"visueltcenter_y":56.02634501}},{"arcs":[[-3456,3479,3480]],"type":"Polygon","properties":{"nr":"8350","navn":"Hundslund","visueltcenter_x":10.05739341,"visueltcenter_y":55.90552571}},{"arcs":[[-3459,3481,3482,-3469,-3474,-3477]],"type":"Polygon","properties":{"nr":"8355","navn":"Solbjerg","visueltcenter_x":10.0866212,"visueltcenter_y":56.03661436}},{"arcs":[[-3448,-3471,3483]],"type":"Polygon","properties":{"nr":"8361","navn":"Hasselager","visueltcenter_x":10.08245179,"visueltcenter_y":56.10123046}},{"arcs":[[-3449,-3484,-3470,-3483,3484,3485,3486]],"type":"Polygon","properties":{"nr":"8362","navn":"Hørning","visueltcenter_x":10.0135704,"visueltcenter_y":56.09369625}},{"arcs":[[3487,3488,3489,3490,3491,3492,3493,3494,3495]],"type":"Polygon","properties":{"nr":"8370","navn":"Hadsten","visueltcenter_x":10.0289852,"visueltcenter_y":56.33866468}},{"arcs":[[-3427,3496,-3490,3497,3498]],"type":"Polygon","properties":{"nr":"8380","navn":"Trige","visueltcenter_x":10.16086107,"visueltcenter_y":56.27022295}},{"arcs":[[-3425,-3432,-3437,3499,3500]],"type":"Polygon","properties":{"nr":"8381","navn":"Tilst","visueltcenter_x":10.09750556,"visueltcenter_y":56.18928869}},{"arcs":[[-3426,-3501,3501,3502,-3491,-3497]],"type":"Polygon","properties":{"nr":"8382","navn":"Hinnerup","visueltcenter_x":10.06719333,"visueltcenter_y":56.25949156}},{"arcs":[[-2534,-2540,-3467,3503,3504,3505,3506,3507]],"type":"Polygon","properties":{"nr":"8400","navn":"Ebeltoft","visueltcenter_x":10.82632626,"visueltcenter_y":56.14931257}},{"arcs":[[-3505,3508,3509,3510,3511,3512,3513]],"type":"Polygon","properties":{"nr":"8410","navn":"Rønde","visueltcenter_x":10.48173371,"visueltcenter_y":56.30328793}},{"arcs":[[-3418,-3441,-3445,3514,-3509,-3504,-3466,3515,-3478,-3475,-3451]],"type":"Polygon","properties":{"nr":"8420","navn":"Knebel","visueltcenter_x":10.45208963,"visueltcenter_y":56.15222183}},{"arcs":[[-2535,-3508,3516,3517]],"type":"Polygon","properties":{"nr":"8444","navn":"Balle","visueltcenter_x":11.11035786,"visueltcenter_y":56.20496905}},{"arcs":[[-3492,-3503,3518,3519,3520,3521,3522,3523,3524]],"type":"Polygon","properties":{"nr":"8450","navn":"Hammel","visueltcenter_x":9.8817943,"visueltcenter_y":56.26356721}},{"arcs":[[-3435,-3450,-3487,3525,3526]],"type":"Polygon","properties":{"nr":"8462","navn":"Harlev J","visueltcenter_x":9.99991491,"visueltcenter_y":56.14059283}},{"arcs":[[-3486,3527,3528,3529,3530,-3520,3531,-3526]],"type":"Polygon","properties":{"nr":"8464","navn":"Galten","visueltcenter_x":9.91179535,"visueltcenter_y":56.17800104}},{"arcs":[[-3436,-3527,-3532,-3519,-3502,-3500]],"type":"Polygon","properties":{"nr":"8471","navn":"Sabro","visueltcenter_x":10.01547147,"visueltcenter_y":56.21127538}},{"arcs":[[-3521,-3531,3532,3533]],"type":"Polygon","properties":{"nr":"8472","navn":"Sporup","visueltcenter_x":9.83610781,"visueltcenter_y":56.20907595}},{"arcs":[[-2283,-2536,-3518,3534,3535,3536,3537,3538,3539,3540,3541]],"type":"Polygon","properties":{"nr":"8500","navn":"Grenaa","visueltcenter_x":11.08217337,"visueltcenter_y":56.43069147}},{"arcs":[[-3428,-3499,3542,-3442,-3439]],"type":"Polygon","properties":{"nr":"8520","navn":"Lystrup","visueltcenter_x":10.22716475,"visueltcenter_y":56.24438884}},{"arcs":[[-3443,-3543,-3498,-3489,3543,3544,3545,3546]],"type":"Polygon","properties":{"nr":"8530","navn":"Hjortshøj","visueltcenter_x":10.20502083,"visueltcenter_y":56.29464717}},{"arcs":[[[-3444,-3547,3547,-3510,-3515]],[[-3545,3548]]],"type":"MultiPolygon","properties":{"nr":"8541","navn":"Skødstrup","visueltcenter_x":10.36793908,"visueltcenter_y":56.26151082}},{"arcs":[[-3488,3549,-3511,-3548,-3546,-3549,-3544]],"type":"Polygon","properties":{"nr":"8543","navn":"Hornslet","visueltcenter_x":10.29717181,"visueltcenter_y":56.33260256}},{"arcs":[[-3496,3550,3551,3552,-3512,-3550]],"type":"Polygon","properties":{"nr":"8544","navn":"Mørke","visueltcenter_x":10.38246065,"visueltcenter_y":56.35508218}},{"arcs":[[-3513,-3553,3553,3554,3555]],"type":"Polygon","properties":{"nr":"8550","navn":"Ryomgård","visueltcenter_x":10.50027849,"visueltcenter_y":56.38481233}},{"arcs":[[-3506,-3514,-3556,3556,3557,-3536,3558]],"type":"Polygon","properties":{"nr":"8560","navn":"Kolind","visueltcenter_x":10.61106988,"visueltcenter_y":56.34682936}},{"arcs":[[-3507,-3559,-3535,-3517]],"type":"Polygon","properties":{"nr":"8570","navn":"Trustrup","visueltcenter_x":10.74217288,"visueltcenter_y":56.36287517}},{"arcs":[[-3555,3559,3560,3561,-3557]],"type":"Polygon","properties":{"nr":"8581","navn":"Nimtofte","visueltcenter_x":10.53988094,"visueltcenter_y":56.42793946}},{"arcs":[[-3538,3562,3563,3564,3565]],"type":"Polygon","properties":{"nr":"8585","navn":"Glesborg","visueltcenter_x":10.64766235,"visueltcenter_y":56.58757292}},{"arcs":[[-3537,-3558,-3562,3566,-3563]],"type":"Polygon","properties":{"nr":"8586","navn":"Ørum Djurs","visueltcenter_x":10.62703709,"visueltcenter_y":56.44956016}},{"arcs":[[-2284,-3542,3567,3568]],"type":"Polygon","properties":{"nr":"8592","navn":"Anholt","visueltcenter_x":11.49010919,"visueltcenter_y":56.77566641}},{"arcs":[[-3297,-3301,3569,3570,3571,3572,3573,3574,3575,3576,3577]],"type":"Polygon","properties":{"nr":"8600","navn":"Silkeborg","visueltcenter_x":9.4900253,"visueltcenter_y":56.17147071}},{"arcs":[[-3300,-3308,3578,3579,3580,3581,-3570]],"type":"Polygon","properties":{"nr":"8620","navn":"Kjellerup","visueltcenter_x":9.39095532,"visueltcenter_y":56.2882506}},{"arcs":[[-3571,-3582,3582]],"type":"Polygon","properties":{"nr":"8632","navn":"Lemming","visueltcenter_x":9.55711799,"visueltcenter_y":56.24319222}},{"arcs":[[-3530,3583,-3575,3584,-3533]],"type":"Polygon","properties":{"nr":"8641","navn":"Sorring","visueltcenter_x":9.77449496,"visueltcenter_y":56.17906349}},{"arcs":[[-3572,-3583,-3581,3585,3586,3587]],"type":"Polygon","properties":{"nr":"8643","navn":"Ans By","visueltcenter_x":9.6247327,"visueltcenter_y":56.28777753}},{"arcs":[[-3285,-3298,-3578,3588,3589,3590]],"type":"Polygon","properties":{"nr":"8653","navn":"Them","visueltcenter_x":9.55044283,"visueltcenter_y":56.08668443}},{"arcs":[[-3286,-3591,3591,3592]],"type":"Polygon","properties":{"nr":"8654","navn":"Bryrup","visueltcenter_x":9.47060993,"visueltcenter_y":56.02488921}},{"arcs":[[-3458,3593,3594,3595,3596,3597,3598,-3528,-3485,-3482]],"type":"Polygon","properties":{"nr":"8660","navn":"Skanderborg","visueltcenter_x":9.89235588,"visueltcenter_y":56.02388208}},{"arcs":[[-3529,-3599,3599,-3576,-3584]],"type":"Polygon","properties":{"nr":"8670","navn":"Låsby","visueltcenter_x":9.79899795,"visueltcenter_y":56.14838747}},{"arcs":[[-3577,-3600,-3598,3600,-3589]],"type":"Polygon","properties":{"nr":"8680","navn":"Ry","visueltcenter_x":9.71786836,"visueltcenter_y":56.08481116}},{"arcs":[[-3231,3601,3602,3603,3604,3605,3606,3607,3608,-3480,-3455]],"type":"Polygon","properties":{"nr":"8700","navn":"Horsens","visueltcenter_x":9.89301425,"visueltcenter_y":55.86597915}},{"arcs":[[-3218,-3228,3609,-3234]],"type":"Polygon","properties":{"nr":"8721","navn":"Daugård","visueltcenter_x":9.70789065,"visueltcenter_y":55.72499013}},{"arcs":[[-3225,3610,3611,3612,-3235,-3610,-3227]],"type":"Polygon","properties":{"nr":"8722","navn":"Hedensted","visueltcenter_x":9.71130088,"visueltcenter_y":55.76508387}},{"arcs":[[-3224,-3249,3613,-3604,3614,-3611]],"type":"Polygon","properties":{"nr":"8723","navn":"Løsning","visueltcenter_x":9.69416947,"visueltcenter_y":55.81385497}},{"arcs":[[-3457,-3481,-3609,3615,-3594]],"type":"Polygon","properties":{"nr":"8732","navn":"Hovedgård","visueltcenter_x":9.98616441,"visueltcenter_y":55.95626604}},{"arcs":[[-3244,3616,3617,-3592,-3590,-3601,-3597,3618,-3606,3619,3620]],"type":"Polygon","properties":{"nr":"8740","navn":"Brædstrup","visueltcenter_x":9.59236493,"visueltcenter_y":55.96052136}},{"arcs":[[-3595,-3616,-3608,3621]],"type":"Polygon","properties":{"nr":"8751","navn":"Gedved","visueltcenter_x":9.86197889,"visueltcenter_y":55.93439431}},{"arcs":[[-3596,-3622,-3607,-3619]],"type":"Polygon","properties":{"nr":"8752","navn":"Østbirk","visueltcenter_x":9.75712583,"visueltcenter_y":55.96885636}},{"arcs":[[-3248,3622,-3620,-3605,-3614]],"type":"Polygon","properties":{"nr":"8762","navn":"Flemming","visueltcenter_x":9.66642959,"visueltcenter_y":55.89442946}},{"arcs":[[-3245,-3621,-3623,-3247]],"type":"Polygon","properties":{"nr":"8763","navn":"Rask Mølle","visueltcenter_x":9.6137501,"visueltcenter_y":55.87835123}},{"arcs":[[-3243,3623,-3617]],"type":"Polygon","properties":{"nr":"8765","navn":"Klovborg","visueltcenter_x":9.48555987,"visueltcenter_y":55.92463273}},{"arcs":[[-3242,-3276,-3282,-3287,-3593,-3618,-3624]],"type":"Polygon","properties":{"nr":"8766","navn":"Nørre Snede","visueltcenter_x":9.41496508,"visueltcenter_y":55.96381394}},{"arcs":[[-3603,3624,-3612,-3615]],"type":"Polygon","properties":{"nr":"8781","navn":"Stenderup","visueltcenter_x":9.80232769,"visueltcenter_y":55.79039351}},{"arcs":[[-3230,-3238,-3236,-3613,-3625,-3602]],"type":"Polygon","properties":{"nr":"8783","navn":"Hornsyld","visueltcenter_x":9.85180061,"visueltcenter_y":55.76234096}},{"arcs":[[-2782,-3233,-3463,-3464,-2786]],"type":"Polygon","properties":{"nr":"8789","navn":"Endelave","visueltcenter_x":10.30820541,"visueltcenter_y":55.75329623}},{"arcs":[[-3461,-3479,-3516,-3465]],"type":"Polygon","properties":{"nr":"8799","navn":"Tunø","visueltcenter_x":10.44454187,"visueltcenter_y":55.9486075}},{"arcs":[[-3307,-3387,-3396,-3394,3625,3626,3627,3628,-3579]],"type":"Polygon","properties":{"nr":"8800","navn":"Viborg","visueltcenter_x":9.36897659,"visueltcenter_y":56.41681148}},{"arcs":[[-3627,3629,3630,3631,3632,3633,3634,3635,3636]],"type":"Polygon","properties":{"nr":"8830","navn":"Tjele","visueltcenter_x":9.60208409,"visueltcenter_y":56.49762699}},{"arcs":[[-3393,3637,-3630,-3626]],"type":"Polygon","properties":{"nr":"8831","navn":"Løgstrup","visueltcenter_x":9.32656972,"visueltcenter_y":56.51759246}},{"arcs":[[-3392,3638,3639,3640,-3631,-3638]],"type":"Polygon","properties":{"nr":"8832","navn":"Skals","visueltcenter_x":9.35963562,"visueltcenter_y":56.59071095}},{"arcs":[[-3580,-3629,3641,-3586]],"type":"Polygon","properties":{"nr":"8840","navn":"Rødkærsbro","visueltcenter_x":9.50444327,"visueltcenter_y":56.35360504}},{"arcs":[[-3587,-3642,-3628,-3637,3642,3643,3644]],"type":"Polygon","properties":{"nr":"8850","navn":"Bjerringbro","visueltcenter_x":9.64257403,"visueltcenter_y":56.36051392}},{"arcs":[[-3636,3645,3646,3647,-3643]],"type":"Polygon","properties":{"nr":"8860","navn":"Ulstrup","visueltcenter_x":9.78710533,"visueltcenter_y":56.3800683}},{"arcs":[[-3493,-3525,3648,-3647,3649,3650]],"type":"Polygon","properties":{"nr":"8870","navn":"Langå","visueltcenter_x":9.90941177,"visueltcenter_y":56.3806496}},{"arcs":[[-3524,3651,-3644,-3648,-3649]],"type":"Polygon","properties":{"nr":"8881","navn":"Thorsø","visueltcenter_x":9.79439741,"visueltcenter_y":56.3103006}},{"arcs":[[-3523,3652,-3573,-3588,-3645,-3652]],"type":"Polygon","properties":{"nr":"8882","navn":"Fårvang","visueltcenter_x":9.70492587,"visueltcenter_y":56.27196318}},{"arcs":[[-3522,-3534,-3585,-3574,-3653]],"type":"Polygon","properties":{"nr":"8883","navn":"Gjern","visueltcenter_x":9.73984728,"visueltcenter_y":56.22223999}},{"arcs":[[3653,3654,3655,3656]],"type":"Polygon","properties":{"nr":"8900","navn":"Randers C","visueltcenter_x":10.0331817,"visueltcenter_y":56.46401254}},{"arcs":[[-3635,3657,3658,3659,-3656,3660,-3650,-3646]],"type":"Polygon","properties":{"nr":"8920","navn":"Randers NV","visueltcenter_x":9.88044731,"visueltcenter_y":56.48050883}},{"arcs":[[-3657,-3660,3661,3662,3663,3664]],"type":"Polygon","properties":{"nr":"8930","navn":"Randers NØ","visueltcenter_x":10.1724293,"visueltcenter_y":56.50265825}},{"arcs":[[-3494,-3651,-3661,-3655,3665]],"type":"Polygon","properties":{"nr":"8940","navn":"Randers SV","visueltcenter_x":10.01231946,"visueltcenter_y":56.41476356}},{"arcs":[[-3664,3666,3667,3668,3669]],"type":"Polygon","properties":{"nr":"8950","navn":"Ørsted","visueltcenter_x":10.32882868,"visueltcenter_y":56.53413791}},{"arcs":[[-3495,-3666,-3654,-3665,-3670,3670,3671,-3551]],"type":"Polygon","properties":{"nr":"8960","navn":"Randers SØ","visueltcenter_x":10.17671406,"visueltcenter_y":56.42912946}},{"arcs":[[-3561,3672,-3671,-3669,3673,-3564,-3567]],"type":"Polygon","properties":{"nr":"8961","navn":"Allingåbro","visueltcenter_x":10.49037138,"visueltcenter_y":56.49705855}},{"arcs":[[-3552,-3672,-3673,-3560,-3554]],"type":"Polygon","properties":{"nr":"8963","navn":"Auning","visueltcenter_x":10.38424574,"visueltcenter_y":56.42921057}},{"arcs":[[-3565,-3674,-3668,3674,3675,3676]],"type":"Polygon","properties":{"nr":"8970","navn":"Havndal","visueltcenter_x":10.26167957,"visueltcenter_y":56.6517573}},{"arcs":[[-3659,3677,3678,3679,-3662]],"type":"Polygon","properties":{"nr":"8981","navn":"Spentrup","visueltcenter_x":10.0192493,"visueltcenter_y":56.54082727}},{"arcs":[[-3663,-3680,3680,-3675,-3667]],"type":"Polygon","properties":{"nr":"8983","navn":"Gjerlev J","visueltcenter_x":10.10165114,"visueltcenter_y":56.58244324}},{"arcs":[[-3634,3681,3682,-3678,-3658]],"type":"Polygon","properties":{"nr":"8990","navn":"Fårup","visueltcenter_x":9.84538694,"visueltcenter_y":56.55632319}},{"arcs":[[3683,3684,3685,3686,3687,3688,3689]],"type":"Polygon","properties":{"nr":"9000","navn":"Aalborg","visueltcenter_x":9.8350492,"visueltcenter_y":57.05171431}},{"arcs":[[-3690,3690,3691,3692]],"type":"Polygon","properties":{"nr":"9200","navn":"Aalborg SV","visueltcenter_x":9.86220561,"visueltcenter_y":57.00928951}},{"arcs":[[-3689,3693,3694,3695,-3691]],"type":"Polygon","properties":{"nr":"9210","navn":"Aalborg SØ","visueltcenter_x":9.93295578,"visueltcenter_y":56.9991663}},{"arcs":[[-3688,3696,3697,3698,3699,-3694]],"type":"Polygon","properties":{"nr":"9220","navn":"Aalborg Øst","visueltcenter_x":10.00949733,"visueltcenter_y":57.05425152}},{"arcs":[[-3692,-3696,3700,3701,3702]],"type":"Polygon","properties":{"nr":"9230","navn":"Svenstrup J","visueltcenter_x":9.86815189,"visueltcenter_y":56.9647583}},{"arcs":[[-3684,-3693,-3703,3703,3704,3705,3706,3707,3708,3709]],"type":"Polygon","properties":{"nr":"9240","navn":"Nibe","visueltcenter_x":9.57985536,"visueltcenter_y":56.94881207}},{"arcs":[[-3695,-3700,3710,3711,3712,3713,3714,-3701]],"type":"Polygon","properties":{"nr":"9260","navn":"Gistrup","visueltcenter_x":10.01379029,"visueltcenter_y":56.93195612}},{"arcs":[[-3699,3715,3716,-3711]],"type":"Polygon","properties":{"nr":"9270","navn":"Klarup","visueltcenter_x":10.05559807,"visueltcenter_y":57.01911272}},{"arcs":[[-3712,-3717,3717,3718,3719,3720,3721,3722]],"type":"Polygon","properties":{"nr":"9280","navn":"Storvorde","visueltcenter_x":10.27569023,"visueltcenter_y":56.91678716}},{"arcs":[[-3713,-3723,3723,3724]],"type":"Polygon","properties":{"nr":"9293","navn":"Kongerslev","visueltcenter_x":10.1135906,"visueltcenter_y":56.89578273}},{"arcs":[[3725,3726,3727,3728,3729,3730]],"type":"Polygon","properties":{"nr":"9300","navn":"Sæby","visueltcenter_x":10.57327556,"visueltcenter_y":57.2843629}},{"arcs":[[-3698,3731,3732,3733,3734,3735,3736,-3718,-3716]],"type":"Polygon","properties":{"nr":"9310","navn":"Vodskov","visueltcenter_x":10.09257652,"visueltcenter_y":57.09538719}},{"arcs":[[-3735,3737,3738,3739,3740,3741,3742]],"type":"Polygon","properties":{"nr":"9320","navn":"Hjallerup","visueltcenter_x":10.13790859,"visueltcenter_y":57.17870119}},{"arcs":[[-3728,3743,3744,3745,-3736,-3743,3746]],"type":"Polygon","properties":{"nr":"9330","navn":"Dronninglund","visueltcenter_x":10.31020366,"visueltcenter_y":57.21127809}},{"arcs":[[-3727,3747,3748,-3744]],"type":"Polygon","properties":{"nr":"9340","navn":"Asaa","visueltcenter_x":10.44405468,"visueltcenter_y":57.13326579}},{"arcs":[[-3729,-3747,-3742,3749,3750]],"type":"Polygon","properties":{"nr":"9352","navn":"Dybvad","visueltcenter_x":10.32334518,"visueltcenter_y":57.28497909}},{"arcs":[[-3719,-3737,-3746,3751]],"type":"Polygon","properties":{"nr":"9362","navn":"Gandrup","visueltcenter_x":10.1977671,"visueltcenter_y":57.05355839}},{"arcs":[[-3540,3752,-3720,-3752,-3745,-3749,3753]],"type":"Polygon","properties":{"nr":"9370","navn":"Hals","visueltcenter_x":10.65368838,"visueltcenter_y":56.96384115}},{"arcs":[[-3733,3754,3755]],"type":"Polygon","properties":{"nr":"9380","navn":"Vestbjerg","visueltcenter_x":9.97550463,"visueltcenter_y":57.12732919}},{"arcs":[[-3734,-3756,3756,3757,3758,3759,-3738]],"type":"Polygon","properties":{"nr":"9381","navn":"Sulsted","visueltcenter_x":9.99174315,"visueltcenter_y":57.16265215}},{"arcs":[[-3739,-3760,3760,3761]],"type":"Polygon","properties":{"nr":"9382","navn":"Tylstrup","visueltcenter_x":9.9350316,"visueltcenter_y":57.20308117}},{"arcs":[[-3687,3762,-3757,-3755,-3732,-3697]],"type":"Polygon","properties":{"nr":"9400","navn":"Nørresundby","visueltcenter_x":9.92809079,"visueltcenter_y":57.08119416}},{"arcs":[[-3686,3763,-3758,-3763]],"type":"Polygon","properties":{"nr":"9430","navn":"Vadum","visueltcenter_x":9.8563612,"visueltcenter_y":57.11542161}},{"arcs":[[-3685,-3710,3764,3765,3766,3767,-3761,-3759,-3764]],"type":"Polygon","properties":{"nr":"9440","navn":"Aabybro","visueltcenter_x":9.76743314,"visueltcenter_y":57.16282327}},{"arcs":[[-3709,3768,3769,3770,-3765]],"type":"Polygon","properties":{"nr":"9460","navn":"Brovst","visueltcenter_x":9.5353613,"visueltcenter_y":57.10716869}},{"arcs":[[-3357,3771,3772,3773,3774]],"type":"Polygon","properties":{"nr":"9480","navn":"Løkken","visueltcenter_x":9.65510765,"visueltcenter_y":57.38233116}},{"arcs":[[-3766,-3771,3775,3776]],"type":"Polygon","properties":{"nr":"9490","navn":"Pandrup","visueltcenter_x":9.65450533,"visueltcenter_y":57.20322545}},{"arcs":[[-3359,3777,-3776,-3770,3778]],"type":"Polygon","properties":{"nr":"9492","navn":"Blokhus","visueltcenter_x":9.57722094,"visueltcenter_y":57.25739854}},{"arcs":[[-3358,-3775,3779,-3767,-3777,-3778]],"type":"Polygon","properties":{"nr":"9493","navn":"Saltum","visueltcenter_x":9.69608315,"visueltcenter_y":57.26602114}},{"arcs":[[-3633,3780,3781,3782,3783,3784,3785,-3682]],"type":"Polygon","properties":{"nr":"9500","navn":"Hobro","visueltcenter_x":9.77366901,"visueltcenter_y":56.6528756}},{"arcs":[[-3784,3786,3787,3788,3789]],"type":"Polygon","properties":{"nr":"9510","navn":"Arden","visueltcenter_x":9.94260419,"visueltcenter_y":56.76264148}},{"arcs":[[-3714,-3725,3790,3791,-3788,3792,3793,3794]],"type":"Polygon","properties":{"nr":"9520","navn":"Skørping","visueltcenter_x":9.92696601,"visueltcenter_y":56.84944104}},{"arcs":[[-3702,-3715,-3795,3795,-3704]],"type":"Polygon","properties":{"nr":"9530","navn":"Støvring","visueltcenter_x":9.80945918,"visueltcenter_y":56.89267972}},{"arcs":[[-3705,-3796,-3794,3796,3797]],"type":"Polygon","properties":{"nr":"9541","navn":"Suldrup","visueltcenter_x":9.68119202,"visueltcenter_y":56.84292865}},{"arcs":[[-3676,-3681,-3679,-3683,-3786,3798]],"type":"Polygon","properties":{"nr":"9550","navn":"Mariager","visueltcenter_x":10.0220988,"visueltcenter_y":56.63765951}},{"arcs":[[-3539,-3566,-3677,-3799,-3785,-3790,3799,3800,-3721,-3753]],"type":"Polygon","properties":{"nr":"9560","navn":"Hadsund","visueltcenter_x":10.41645939,"visueltcenter_y":56.77688954}},{"arcs":[[-3722,-3801,3801,-3791,-3724]],"type":"Polygon","properties":{"nr":"9574","navn":"Bælum","visueltcenter_x":10.12654857,"visueltcenter_y":56.8298458}},{"arcs":[[-3789,-3792,-3802,-3800]],"type":"Polygon","properties":{"nr":"9575","navn":"Terndrup","visueltcenter_x":10.04422607,"visueltcenter_y":56.81450196}},{"arcs":[[-3706,-3798,3802,3803,3804,3805,3806]],"type":"Polygon","properties":{"nr":"9600","navn":"Aars","visueltcenter_x":9.49610809,"visueltcenter_y":56.80003403}},{"arcs":[[-3783,3807,-3803,-3797,-3793,-3787]],"type":"Polygon","properties":{"nr":"9610","navn":"Nørager","visueltcenter_x":9.63042311,"visueltcenter_y":56.74794316}},{"arcs":[[-3640,3808,-3804,-3808,-3782,3809]],"type":"Polygon","properties":{"nr":"9620","navn":"Aalestrup","visueltcenter_x":9.4967184,"visueltcenter_y":56.69297871}},{"arcs":[[-3391,3810,-3805,-3809,-3639]],"type":"Polygon","properties":{"nr":"9631","navn":"Gedsted","visueltcenter_x":9.36542938,"visueltcenter_y":56.69090841}},{"arcs":[[-3632,-3641,-3810,-3781]],"type":"Polygon","properties":{"nr":"9632","navn":"Møldrup","visueltcenter_x":9.50805968,"visueltcenter_y":56.6088695}},{"arcs":[[-3390,-3402,-3405,3811,3812,-3806,-3811]],"type":"Polygon","properties":{"nr":"9640","navn":"Farsø","visueltcenter_x":9.27748567,"visueltcenter_y":56.77310507}},{"arcs":[[-3363,3813,-3707,-3807,-3813,3814]],"type":"Polygon","properties":{"nr":"9670","navn":"Løgstør","visueltcenter_x":9.30949603,"visueltcenter_y":56.95819912}},{"arcs":[[-3364,-3815,-3812,-3404,-3406]],"type":"Polygon","properties":{"nr":"9681","navn":"Ranum","visueltcenter_x":9.12839085,"visueltcenter_y":56.89861349}},{"arcs":[[-3360,-3779,-3769,-3708,-3814,-3362]],"type":"Polygon","properties":{"nr":"9690","navn":"Fjerritslev","visueltcenter_x":9.20878724,"visueltcenter_y":57.12742277}},{"arcs":[[-3740,-3762,-3768,-3780,-3774,3815,3816]],"type":"Polygon","properties":{"nr":"9700","navn":"Brønderslev","visueltcenter_x":9.88277134,"visueltcenter_y":57.28432949}},{"arcs":[[-3741,-3817,3817,3818,3819,-3750]],"type":"Polygon","properties":{"nr":"9740","navn":"Jerslev J","visueltcenter_x":10.11084423,"visueltcenter_y":57.29699349}},{"arcs":[[-3730,-3751,-3820,3820,3821,3822]],"type":"Polygon","properties":{"nr":"9750","navn":"Østervrå","visueltcenter_x":10.27081316,"visueltcenter_y":57.34034984}},{"arcs":[[-3773,3823,3824,-3818,-3816]],"type":"Polygon","properties":{"nr":"9760","navn":"Vrå","visueltcenter_x":9.87742317,"visueltcenter_y":57.37190853}},{"arcs":[[-3356,3825,3826,3827,3828,3829,-3824,-3772]],"type":"Polygon","properties":{"nr":"9800","navn":"Hjørring","visueltcenter_x":9.2956345,"visueltcenter_y":57.70230652}},{"arcs":[[-3819,-3825,-3830,3830,-3821]],"type":"Polygon","properties":{"nr":"9830","navn":"Tårs","visueltcenter_x":10.14317436,"visueltcenter_y":57.37825187}},{"arcs":[[-3827,3831,3832,3833,3834]],"type":"Polygon","properties":{"nr":"9850","navn":"Hirtshals","visueltcenter_x":9.71496643,"visueltcenter_y":57.94281241}},{"arcs":[[-3822,-3831,-3829,3835,3836,3837,3838]],"type":"Polygon","properties":{"nr":"9870","navn":"Sindal","visueltcenter_x":10.24075136,"visueltcenter_y":57.4674892}},{"arcs":[[-3828,-3835,3839,-3836]],"type":"Polygon","properties":{"nr":"9881","navn":"Bindslev","visueltcenter_x":10.23668023,"visueltcenter_y":57.57139797}},{"arcs":[[-3731,-3823,-3839,3840,3841,3842,3843,3844,3845]],"type":"Polygon","properties":{"nr":"9900","navn":"Frederikshavn","visueltcenter_x":10.72500277,"visueltcenter_y":57.52270103}},{"arcs":[[-3541,-3754,-3748,-3726,-3846,3846,3847,-3568]],"type":"Polygon","properties":{"nr":"9940","navn":"Læsø","visueltcenter_x":11.14575743,"visueltcenter_y":57.18887848}},{"arcs":[[-3842,3848]],"type":"Polygon","properties":{"nr":"9970","navn":"Strandby","visueltcenter_x":10.52915912,"visueltcenter_y":57.51074154}},{"arcs":[[-3838,3849,-3843,-3849,-3841]],"type":"Polygon","properties":{"nr":"9981","navn":"Jerup","visueltcenter_x":10.43874206,"visueltcenter_y":57.53549926}},{"arcs":[[-3834,3850,-3844,-3850,-3837,-3840]],"type":"Polygon","properties":{"nr":"9982","navn":"Ålbæk","visueltcenter_x":10.40473272,"visueltcenter_y":57.60572774}},{"arcs":[[-3833,3851,-3847,-3845,-3851]],"type":"Polygon","properties":{"nr":"9990","navn":"Skagen","visueltcenter_x":10.48570715,"visueltcenter_y":57.85540126}}]}}}